alo_label, env_input, actions, alo_predicted, reward_actions, steps_search
----------------------train at epoch 1-----------------------------
8, 1, [1 9], [6 8], [-10.135197  33.05198 ], 2
0, 11, [11], [0], [33.090744], 1
9, 5, [5], [9], [33.031982], 1
10, 5, [5], [10], [33.031654], 1
10, 1, [1], [10], [33.039215], 1
1, 16, [16], [1], [33.175106], 1
5, 8, [ 8 16], [5 5], [32.99441  33.141975], 2
12, 8, [8], [12], [33.093872], 1
1, 1, [1], [1], [33.033005], 1
8, 15, [15 13], [8 8], [32.953655 33.10768 ], 2
4, 16, [16], [4], [33.164482], 1
1, 12, [12], [1], [33.04312], 1
7, 5, [ 5 14  9 10 14  3  9], [0 7 5 7 7 7 5], [-29.898796     0.11469364 -14.910425   -11.597796   -21.145145
 -30.343494   -38.951748  ], 7
5, 5, [ 5 13], [6 5], [-10.095846  33.11873 ], 2
11, 14, [14], [11], [33.053825], 1
10, 6, [6], [10], [33.121124], 1
12, 11, [11], [12], [33.0617], 1
4, 15, [15  7], [8 4], [-10.056908  33.08262 ], 2
2, 10, [10  5  8], [5 2 2], [-12.573643  28.901134  33.118065], 3
4, 13, [13], [4], [33.104862], 1
1, 2, [2], [1], [33.06109], 1
5, 13, [13], [5], [33.112778], 1
2, 6, [6], [2], [33.13224], 1
12, 12, [12], [12], [33.061554], 1
12, 13, [13], [12], [33.095955], 1
12, 13, [13], [12], [33.095955], 1
3, 4, [ 4 14], [6 3], [-10.103077  33.06569 ], 2
7, 12, [12 10 14 16], [0 6 5 7], [-28.00248     3.2479928  11.937719   33.127724 ], 4
12, 5, [5], [12], [33.032825], 1
1, 15, [15], [1], [33.063248], 1
10, 13, [13], [10], [33.097385], 1
0, 12, [12  6], [7 0], [-10.0727825  33.129715 ], 2

1, 12, [12], [1], [33.043137], 1
12, 7, [7], [12], [33.069836], 1
0, 8, [8], [0], [33.101917], 1
7, 5, [ 5 16], [0 7], [-10.089167  33.130436], 2
10, 11, [11], [10], [33.055862], 1
1, 14, [14], [1], [33.076813], 1
3, 8, [8], [3], [33.1396], 1
4, 16, [16], [4], [33.178722], 1
8, 5, [ 5 14], [8 8], [32.870636 33.064884], 2
5, 9, [ 9 10  8], [5 6 5], [22.6188   15.952442 33.113304], 3
3, 6, [6], [3], [33.118282], 1
3, 11, [11], [3], [33.07908], 1
11, 4, [4], [11], [33.07873], 1
0, 6, [ 6  9 11], [0 5 0], [22.670397 15.902939 33.09272 ], 3
12, 5, [5], [12], [33.03283], 1
12, 11, [11], [12], [33.0617], 1
6, 4, [4 8], [5 6], [-10.073906  33.1185  ], 2
5, 14, [14  8 10], [5 5 5], [30.43599 28.95334 33.08513], 3
6, 1, [ 1 14], [7 6], [-10.120628  33.074715], 2
1, 10, [10], [1], [33.111256], 1
2, 16, [16], [2], [33.14464], 1
8, 10, [10], [8], [33.09584], 1
10, 11, [11], [10], [33.05586], 1
11, 14, [14], [11], [33.053474], 1
6, 5, [5 2], [0 6], [-10.11129  33.09435], 2
5, 7, [7 9], [5 5], [32.915497 33.047333], 2
7, 9, [ 9 16], [5 7], [-10.075331  33.12814 ], 2
0, 3, [ 3  1 16 13], [6 2 3 0], [-28.020933    3.2540255  12.032869   33.0979   ], 4
2, 7, [7], [2], [33.07752], 1
5, 4, [ 4 11 13  6 16], [6 7 0 7 5], [-33.417877   -5.7924004  -3.0923958   8.016497   33.1427   ], 5
12, 1, [1], [12], [33.039913], 1
12, 2, [2], [12], [33.060783], 1

1, 11, [11], [1], [33.101044], 1
0, 6, [6], [0], [33.12944], 1
11, 13, [13], [11], [33.096535], 1
0, 8, [8], [0], [33.101906], 1
6, 1, [ 1 13], [5 6], [-10.065266  33.168793], 2
10, 10, [10], [10], [33.08153], 1
9, 9, [9], [9], [33.063293], 1
12, 15, [15], [12], [33.090508], 1
6, 15, [15 14], [5 6], [-10.083038  33.074715], 2
9, 16, [16], [9], [33.123695], 1
4, 7, [7], [4], [33.08261], 1
1, 2, [2], [1], [33.061085], 1
7, 11, [11], [7], [33.063995], 1
1, 9, [9], [1], [33.046112], 1
6, 15, [15  7], [6 6], [32.920864 33.07228 ], 2
12, 13, [13], [12], [33.09595], 1
12, 8, [8], [12], [33.093857], 1
7, 8, [ 8  5 13 16  5 15  2], [7 0 0 0 0 5 5], [ -0.12863445 -22.035286   -30.115808   -37.021492   -41.94149
 -43.292816   -38.932915  ], 7
12, 11, [11], [12], [33.0617], 1
1, 16, [16], [1], [33.175014], 1
11, 13, [13], [11], [33.096336], 1
0, 10, [10  1 14], [7 7 0], [-20.386444  15.874827  33.067215], 3
2, 3, [ 3  4 11], [6 5 2], [-20.438663  15.890946  33.057117], 3
7, 15, [15 16], [5 7], [-10.051613  33.12816 ], 2
0, 3, [3 7], [6 0], [-10.12528   33.080738], 2
11, 9, [9], [11], [33.05772], 1
1, 8, [8], [1], [33.11656], 1
10, 16, [16 12], [10 10], [32.96994  33.077427], 2
12, 2, [2], [12], [33.060734], 1
1, 8, [8], [1], [33.116547], 1
1, 5, [5], [1], [33.02552], 1
8, 9, [ 9  4 16 10 16  8], [8 8 4 4 4 8], [ 13.619606     0.95091057 -13.516933    -9.476646     4.0235233
  33.090782  ], 6

12, 12, [12], [12], [33.061554], 1
1, 3, [3], [1], [33.0233], 1
0, 7, [7], [0], [33.083008], 1
7, 4, [ 4 10  6  3 16], [6 6 0 0 7], [-33.4167     -5.7910385  -3.1257534   7.9075603  33.128162 ], 5
10, 12, [12], [10], [33.077], 1
12, 2, [2], [12], [33.060745], 1
12, 10, [10], [12], [33.08586], 1
12, 12, [12], [12], [33.061546], 1
1, 6, [6], [1], [33.091896], 1
5, 16, [16 13], [9 5], [-10.003967  33.114506], 2
8, 7, [ 7  1 15  7  6], [4 8 8 4 8], [-20.944332   14.9564085   9.86548     7.960722   33.131496 ], 5
1, 2, [2], [1], [33.06109], 1
9, 4, [4], [9], [33.073467], 1
9, 12, [12  9], [11  9], [-10.11097  33.06334], 2
2, 5, [ 5 14], [2 2], [32.87031  33.066696], 2
12, 6, [6], [12], [33.12047], 1
10, 6, [6], [10], [33.122814], 1
1, 6, [6], [1], [33.09224], 1
2, 6, [6], [2], [33.13227], 1
2, 14, [14], [2], [33.066677], 1
0, 7, [7], [0], [33.081337], 1
4, 10, [10  4 10 16], [4 8 4 4], [19.746515 11.068527 25.012291 33.178154], 4
5, 8, [8], [5], [33.113266], 1
8, 16, [16  6], [4 8], [-9.966877 33.131496], 2
10, 1, [1], [10], [33.039326], 1
3, 2, [2], [3], [33.05828], 1
12, 8, [8], [12], [33.09387], 1
9, 9, [9], [9], [33.062042], 1
10, 14, [14], [10], [33.065254], 1
3, 14, [14], [3], [33.06565], 1
7, 2, [ 2  8  9  6  9 10  3], [5 7 5 0 5 7 7], [-33.720047  -6.310871 -25.672348 -29.535511 -29.444845 -22.489674
 -25.971489], 7
4, 14, [14], [4], [33.06225], 1

2, 10, [10  2], [6 2], [-10.077301  33.06274 ], 2
11, 9, [9], [11], [33.05719], 1
10, 7, [7], [10], [33.073845], 1
0, 2, [2], [0], [33.108433], 1
12, 8, [8], [12], [33.093872], 1
7, 11, [11], [7], [33.062458], 1
4, 11, [11], [4], [33.086624], 1
7, 1, [ 1  7  5  2 16], [2 5 0 5 7], [-33.46804    -5.8372903  -3.205042    7.9345713  33.127724 ], 5
12, 7, [7], [12], [33.06983], 1
6, 14, [14], [6], [33.071053], 1
10, 12, [12], [10], [33.076294], 1
7, 13, [13 16 15 11], [0 0 5 7], [-27.931217    3.2861571  11.904585   33.06275  ], 4
6, 6, [ 6 13], [2 6], [-9.9753   33.161526], 2
8, 16, [16 11], [8 8], [32.9802  33.06353], 2
4, 10, [10  6], [4 4], [32.99206  33.149055], 2
7, 6, [ 6  8  6  7  6  3 10], [0 7 0 5 0 0 5], [-35.24495   -8.959379 -30.087322 -37.02994  -41.859455 -43.31683
 -38.911613], 7
12, 12, [12], [12], [33.061554], 1
8, 1, [ 1  8 16 13], [8 8 4 8], [22.820618 16.305828 12.018833 33.10768 ], 4
8, 3, [ 3  8 12  6], [8 8 4 8], [22.778215 16.252522 11.929989 33.131496], 4
4, 7, [7], [4], [33.082603], 1
0, 6, [6], [0], [33.12937], 1
5, 14, [14], [5], [33.062725], 1
0, 11, [11], [0], [33.09168], 1
0, 10, [10  8], [6 0], [-10.054375  33.101673], 2
12, 9, [9], [12], [33.0522], 1
8, 6, [6], [8], [33.134094], 1
8, 6, [ 6  4 10], [4 8 8], [-12.509264  28.918056  33.096043], 3
5, 13, [13], [5], [33.111794], 1
4, 4, [ 4 13], [8 4], [-10.076963  33.104843], 2
2, 13, [13], [2], [33.11237], 1
1, 1, [1], [1], [33.033005], 1
12, 5, [5], [12], [33.03282], 1

6, 15, [15 11], [5 6], [-10.081326  33.07816 ], 2
1, 9, [9], [1], [33.046032], 1
10, 3, [3], [10], [33.02893], 1
12, 1, [1], [12], [33.03992], 1
1, 4, [4], [1], [33.055077], 1
0, 13, [13], [0], [33.09793], 1
12, 5, [5], [12], [33.032825], 1
12, 4, [4], [12], [33.059326], 1
2, 7, [7], [2], [33.077526], 1
11, 5, [5], [11], [33.032413], 1
8, 9, [ 9 11 14  6], [8 8 4 8], [22.78975  16.235138 11.942213 33.131496], 4
12, 5, [5], [12], [33.032837], 1
8, 5, [ 5  9 13], [8 8 8], [30.379242 28.913275 33.10768 ], 3
8, 12, [12 10], [8 8], [32.907295 33.093323], 2
12, 5, [5], [12], [33.032825], 1
8, 9, [9 8], [8 8], [32.902824 33.089497], 2
12, 14, [14], [12], [33.053223], 1
12, 12, [12], [12], [33.061546], 1
5, 15, [15  4  6  4 11 15  7], [5 6 5 6 6 5 5], [  6.1614776 -11.516948  -12.624017  -29.584778  -29.403088  -22.47467
 -25.911354 ], 7
2, 5, [ 5 14], [2 2], [32.87185 33.06668], 2
6, 5, [ 5  9 13], [0 6 6], [-12.596651  28.951294  33.171604], 3
7, 13, [13  1  8], [0 7 7], [-12.567635  28.891396  33.090874], 3
0, 10, [10  3  6], [5 6 0], [-20.374275  15.904709  33.129898], 3
12, 9, [9], [12], [33.0522], 1
3, 7, [7], [3], [33.096275], 1
11, 3, [3], [11], [33.03118], 1
8, 15, [15 10], [8 8], [32.947823 33.096043], 2
0, 15, [15  5 13], [5 0 0], [-12.590925  28.893578  33.101696], 3
5, 9, [9], [5], [33.04745], 1
9, 7, [7], [9], [33.07278], 1
3, 11, [11], [3], [33.079056], 1
1, 4, [4], [1], [33.055305], 1

4, 2, [2], [4], [33.060486], 1
2, 11, [11], [2], [33.057213], 1
11, 12, [12], [11], [33.051067], 1
2, 1, [ 1 11], [2 2], [32.86743  33.057117], 2
9, 13, [13], [9], [33.096348], 1
11, 11, [11], [11], [33.065285], 1
8, 4, [4 8], [8 8], [32.915615 33.091972], 2
12, 8, [8], [12], [33.093872], 1
12, 5, [5], [12], [33.032825], 1
2, 12, [12  7], [0 2], [-10.10453  33.07751], 2
6, 14, [14], [6], [33.074116], 1
0, 6, [6], [0], [33.129932], 1
11, 1, [1], [11], [33.03945], 1
12, 16, [16], [12], [33.12654], 1
12, 4, [4], [12], [33.05935], 1
7, 9, [ 9 13  2  4 10  8], [6 0 7 5 5 7], [-32.539074   -4.3123674  -0.6822324  -9.57343     3.9449291  33.09285  ], 6
3, 8, [8], [3], [33.13956], 1
6, 13, [13], [6], [33.17146], 1
6, 12, [12 13], [6 6], [32.950752 33.168793], 2
9, 2, [2], [9], [33.060814], 1
8, 7, [ 7  4 13 14], [4 8 8 8], [-15.500793  24.02826   24.94638   33.064884], 4
0, 16, [16  8], [3 0], [-9.964848 33.101707], 2
2, 16, [16], [2], [33.14439], 1
2, 5, [5 4 8], [7 6 2], [-20.411058  15.928087  33.11811 ], 3
9, 15, [15], [9], [33.078564], 1
0, 15, [15 16  6], [5 0 0], [-12.513273  29.031033  33.129715], 3
6, 14, [14], [6], [33.073586], 1
12, 11, [11], [12], [33.0617], 1
1, 8, [8], [1], [33.11653], 1
5, 7, [7 6], [5 5], [32.966022 33.1257  ], 2
12, 10, [10], [12], [33.08586], 1
10, 11, [11], [10], [33.055832], 1

6, 7, [7], [6], [33.073498], 1
12, 7, [7], [12], [33.069836], 1
0, 8, [8], [0], [33.101696], 1
5, 7, [ 7  5  7 16], [5 6 5 5], [19.700348 11.01938  24.974316 33.14266 ], 4
0, 7, [7], [0], [33.082237], 1
4, 4, [ 4  1 16], [8 4 4], [-12.575848  28.940006  33.171947], 3
0, 2, [2], [0], [33.121445], 1
9, 6, [6], [9], [33.10881], 1
12, 14, [14], [12], [33.053223], 1
3, 11, [11], [3], [33.079067], 1
5, 1, [ 1 12 16], [7 2 5], [-20.40296   15.937473  33.14242 ], 3
3, 13, [13], [3], [33.099083], 1
6, 7, [7], [6], [33.0723], 1
1, 11, [11], [1], [33.101044], 1
3, 6, [6], [3], [33.11809], 1
1, 3, [3], [1], [33.023304], 1
12, 3, [3], [12], [33.033737], 1
8, 4, [ 4  9  8 16  2], [8 8 8 4 8], [22.049383 14.981722  9.888426  7.989829 33.05934 ], 5
3, 3, [ 3 10], [0 3], [-10.125948  33.07815 ], 2
3, 8, [8], [3], [33.139446], 1
10, 10, [10], [10], [33.08122], 1
0, 9, [ 9 10 12  8], [5 7 7 0], [-28.011614    3.234947   11.9104805  33.10182  ], 4
10, 8, [8], [10], [33.086227], 1
4, 3, [ 3  4 15 10 15 14], [4 8 8 4 8 4], [ 8.5654745 -7.434023  -5.8289104  3.4635296  3.9303493 33.062294 ], 6
4, 5, [5 6], [8 4], [-10.079706  33.147987], 2
3, 10, [10], [3], [33.07967], 1
0, 1, [ 1 16  6], [7 0 0], [-12.545313  29.033573  33.12967 ], 3
12, 7, [7], [12], [33.069836], 1
4, 10, [10  7], [4 4], [32.954918 33.082626], 2
4, 3, [3 7], [8 4], [-10.123703  33.082623], 2
6, 13, [13], [6], [33.168644], 1
11, 12, [12], [11], [33.051083], 1

5, 9, [9], [5], [33.048386], 1
3, 5, [ 5  3 14], [7 3 3], [-12.648645  28.86463   33.0657  ], 3
6, 5, [ 5 10 16], [5 6 6], [-12.587833  28.96933   33.13906 ], 3
6, 9, [9 6], [6 6], [32.925156 33.12804 ], 2
3, 14, [14], [3], [33.065628], 1
9, 3, [ 3 16], [11  9], [-10.093948  33.12375 ], 2
8, 4, [ 4 11], [4 8], [-10.102617  33.06353 ], 2
3, 15, [15 12  2], [3 3 3], [30.395416 28.87907  33.05848 ], 3
5, 11, [11  2], [6 5], [-10.084208  33.056793], 2
1, 13, [13], [1], [33.11187], 1
6, 11, [11], [6], [33.077675], 1
10, 1, [1], [10], [33.03923], 1
12, 5, [5], [12], [33.032825], 1
8, 5, [ 5 14 16], [4 8 8], [-12.600714  28.946922  33.138195], 3
9, 11, [11], [9], [33.056145], 1
0, 7, [7], [0], [33.082596], 1
12, 16, [16], [12], [33.126556], 1
12, 7, [7], [12], [33.069836], 1
8, 12, [12 16], [4 8], [-10.066275  33.138195], 2
12, 5, [5], [12], [33.032825], 1
2, 1, [1 6], [6 2], [-10.087368  33.132225], 2
5, 12, [12], [5], [33.04724], 1
6, 16, [16], [6], [33.139378], 1
3, 10, [10], [3], [33.079025], 1
8, 12, [12 16 11], [4 8 8], [-12.563286  28.980202  33.06353 ], 3
4, 14, [14], [4], [33.062447], 1
1, 5, [5], [1], [33.025524], 1
10, 2, [2], [10], [33.060913], 1
4, 7, [7], [4], [33.082584], 1
12, 2, [2], [12], [33.06078], 1
3, 16, [16], [3], [33.17914], 1
11, 8, [8], [11], [33.086292], 1

12, 1, [1], [12], [33.039917], 1
3, 7, [7], [3], [33.096054], 1
12, 4, [4], [12], [33.05933], 1
8, 5, [5], [8], [33.03344], 1
9, 7, [7], [9], [33.072926], 1
8, 6, [6], [8], [33.13354], 1
9, 8, [8], [9], [33.086727], 1
5, 2, [ 2 16  8], [9 9 5], [-20.340961  15.997465  33.116226], 3
6, 12, [12 11], [0 6], [-10.104012  33.077858], 2
12, 12, [12], [12], [33.061554], 1
7, 3, [ 3 14  6  7 11], [0 5 7 7 7], [-25.970612    6.6707172  17.683273   20.918697   33.064247 ], 5
3, 12, [12 14], [3 3], [32.88872  33.065598], 2
7, 8, [ 8  6  9  4 13  6 13], [7 0 7 5 0 0 0], [  4.588438 -14.173801 -17.174076 -37.039165 -41.82879  -43.210526
 -38.902473], 7
11, 16, [16], [11], [33.12255], 1
8, 9, [ 9 13], [8 8], [32.91387 33.10822], 2
5, 1, [ 1 15 10 11  8  5 11], [5 5 5 7 5 0 7], [ 13.985014    1.5857348 -12.480337  -29.273624  -28.894436  -43.327827
 -38.936962 ], 7
12, 3, [3], [12], [33.033665], 1
4, 7, [7], [4], [33.08261], 1
8, 5, [ 5 11], [4 8], [-10.131105  33.06353 ], 2
5, 10, [10 14], [6 5], [-10.077633  33.06318 ], 2
0, 8, [8], [0], [33.101814], 1
12, 1, [1], [12], [33.039917], 1
2, 1, [ 1 16], [2 2], [32.92041  33.145153], 2
12, 4, [4], [12], [33.05935], 1
4, 8, [8], [4], [33.108906], 1
0, 13, [13], [0], [33.09887], 1
12, 9, [9], [12], [33.052258], 1
3, 2, [2], [3], [33.05803], 1
7, 7, [ 7 15  9  6], [7 5 5 7], [15.01786    3.2307782 11.926922  33.13212  ], 4
8, 2, [2], [8], [33.05922], 1
2, 2, [2], [2], [33.062763], 1
9, 15, [15  3], [11  9], [-10.08633   33.032475], 2

3, 4, [ 4 16], [6 3], [-10.034765  33.17946 ], 2
1, 4, [4], [1], [33.055317], 1
4, 5, [ 5 16], [8 4], [-10.0648575  33.171947 ], 2
0, 4, [ 4 10  1  6], [5 7 7 0], [-28.001404    3.2360556  11.912328   33.129715 ], 4
8, 7, [7 8], [4 8], [-10.064041  33.089497], 2
2, 1, [1 9 6], [7 6 2], [-20.408907  15.92762   33.13227 ], 3
7, 2, [ 2  7 10  8  2], [7 7 0 0 7], [17.377258   7.1896467 -3.1495776  7.9402313 33.069283 ], 5
12, 8, [8], [12], [33.093864], 1
7, 15, [15  8  1 10 15 11], [5 0 7 0 7 7], [-30.83156    -1.5084777   3.989523   -1.7454824  16.944935   33.06211  ], 6
0, 5, [5 6], [5 0], [-10.090998  33.129997], 2
7, 4, [ 4 16 10  1 14 10 15], [2 0 0 7 0 0 7], [-39.702465 -16.2616   -20.67686  -21.284487 -37.20199  -35.44161
 -25.892395], 7
7, 8, [ 8 14], [0 7], [-10.067442  33.058304], 2
1, 13, [13], [1], [33.11187], 1
7, 14, [14 13  4  6 15  6 13], [5 0 7 0 7 0 0], [-36.75512  -11.36034  -12.429777 -29.159626 -28.817642 -43.210526
 -38.902473], 7
12, 3, [3], [12], [33.03373], 1
9, 11, [11], [9], [33.055298], 1
7, 8, [ 8 14 13  5  9 12 13], [7 5 0 7 7 7 0], [  5.369312 -12.871956 -14.887999 -11.641618 -21.126415 -30.293007
 -38.90303 ], 7
12, 5, [5], [12], [33.032825], 1
4, 6, [6], [4], [33.143932], 1
12, 1, [1], [12], [33.03992], 1
7, 1, [ 1 16], [2 7], [-10.088108  33.12917 ], 2
1, 15, [15], [1], [33.064026], 1
6, 11, [11], [6], [33.077667], 1
12, 14, [14], [12], [33.053223], 1
6, 9, [9 2], [0 6], [-10.0954685  33.094162 ], 2
1, 15, [15], [1], [33.063248], 1
10, 4, [4], [10], [33.070137], 1
1, 7, [7], [1], [33.078777], 1
3, 4, [ 4 10], [2 3], [-10.095083  33.078865], 2
8, 8, [ 8 13], [4 8], [-10.028952  33.107994], 2
1, 14, [14], [1], [33.076817], 1
7, 6, [ 6 10 11  4  1 13  7], [0 5 0 7 7 0 0], [-38.58313  -14.519703 -17.681873 -16.285894 -28.917603 -43.257256
 -38.922455], 7

5, 3, [ 3 11  1 13], [7 5 7 5], [-20.245035  16.213604  11.903976  33.115887], 4
8, 16, [16], [8], [33.13521], 1
3, 15, [15 13], [3 3], [32.926403 33.098892], 2
4, 13, [13], [4], [33.104866], 1
9, 16, [16], [9], [33.123924], 1
8, 13, [13 12  7 10], [8 4 4 8], [15.036081   3.2143884 11.939877  33.096043 ], 4
4, 8, [8], [4], [33.108036], 1
3, 8, [8], [3], [33.13826], 1
10, 3, [3], [10], [33.02893], 1
9, 6, [6], [9], [33.109604], 1
10, 12, [12], [10], [33.07624], 1
4, 10, [10  1  9  4  8], [4 4 8 8 4], [17.377617   7.120493  -3.1941957  7.9281044 33.107967 ], 5
4, 14, [14], [4], [33.062294], 1
10, 4, [4], [10], [33.069828], 1
9, 9, [9], [9], [33.0636], 1
7, 9, [ 9 16  8], [6 0 7], [-20.3522    15.99927   33.091255], 3
3, 13, [13], [3], [33.098896], 1
11, 12, [12], [11], [33.05123], 1
8, 13, [13], [8], [33.107643], 1
10, 6, [ 6 14], [ 9 10], [-10.047459  33.065315], 2
4, 12, [12 10  4 14], [4 4 8 4], [22.797842 16.245092 11.898586 33.062386], 4
10, 1, [1], [10], [33.039364], 1
10, 7, [7], [10], [33.073845], 1
5, 9, [ 9 15 12], [6 5 5], [-12.612505  28.898952  33.04341 ], 3
10, 12, [12], [10], [33.076485], 1
5, 11, [11], [5], [33.0785], 1
7, 15, [15  1  4  7  4  9  7], [5 2 5 5 5 7 5], [-42.163326 -20.391224 -27.375927 -32.38709  -34.121372 -30.299137
 -38.914265], 7
7, 14, [14  1 13  8], [7 2 0 7], [14.983616   3.2044425 11.952826  33.092896 ], 4
4, 7, [7], [4], [33.082607], 1
8, 13, [13], [8], [33.10832], 1
1, 11, [11], [1], [33.101067], 1
5, 4, [4 8], [6 5], [-10.073074  33.115803], 2

11, 13, [13], [11], [33.09633], 1
1, 14, [14], [1], [33.076813], 1
12, 14, [14], [12], [33.053223], 1
7, 16, [16 15  3 13 16], [7 5 0 0 7], [ 9.623668  -5.836223  -3.1847467  7.973771  33.126842 ], 5
1, 9, [9], [1], [33.046154], 1
6, 14, [14], [6], [33.071243], 1
0, 7, [7], [0], [33.080696], 1
9, 14, [14], [9], [33.065845], 1
12, 6, [6], [12], [33.120422], 1
12, 7, [7], [12], [33.069836], 1
4, 9, [ 9  5 14], [8 8 4], [-20.429604  15.868834  33.06222 ], 3
3, 15, [15  5 16], [6 7 3], [-20.357788   15.9402685  33.17949  ], 3
3, 13, [13], [3], [33.09909], 1
12, 11, [11], [12], [33.0617], 1
10, 7, [7], [10], [33.073845], 1
7, 2, [ 2 11 10  6  8 15 16], [7 0 7 0 0 7 7], [  8.952518   -6.874886   -4.9409175 -16.737204   -8.113864   12.983921
  33.126682 ], 7
5, 3, [3 8], [5 5], [32.89273 33.11391], 2
9, 14, [14], [9], [33.06629], 1
7, 10, [10  9  2  6 15 13 15], [6 6 7 0 7 0 7], [-36.15192  -10.393888 -10.737028 -26.36325  -24.154934 -35.437664
 -25.892334], 7
8, 10, [10], [8], [33.09065], 1
8, 13, [13], [8], [33.108135], 1
0, 16, [16], [0], [33.16279], 1
9, 1, [ 1 16], [11  9], [-10.085548  33.12377 ], 2
11, 2, [2], [11], [33.061806], 1
7, 14, [14 13  2  7 14 10  7], [5 0 7 7 5 5 7], [-35.04871   -8.515923  -7.688156 -21.24997  -37.216866 -35.462692
 -25.91985 ], 7
2, 11, [11], [2], [33.057198], 1
9, 10, [10], [9], [33.090157], 1
1, 11, [11], [1], [33.10109], 1
12, 1, [1], [12], [33.03992], 1
0, 9, [ 9 13], [6 0], [-10.09194  33.0996 ], 2
4, 15, [15 16], [8 4], [-10.007843  33.17172 ], 2
1, 9, [9], [1], [33.046124], 1

10, 16, [16  4], [10 10], [32.965816 33.069847], 2
11, 10, [10], [11], [33.08982], 1
12, 15, [15], [12], [33.090508], 1
12, 13, [13], [12], [33.09595], 1
10, 14, [14], [10], [33.065327], 1
8, 14, [14], [8], [33.06471], 1
10, 9, [9], [10], [33.055714], 1
2, 9, [ 9 16], [5 2], [-10.065317  33.145153], 2
1, 3, [3], [1], [33.023304], 1
5, 12, [12  2 16 14], [9 5 9 5], [-20.202042  16.238512  11.969328  33.06367 ], 4
2, 7, [7], [2], [33.0775], 1
12, 3, [3], [12], [33.033722], 1
12, 11, [11], [12], [33.0617], 1
7, 13, [13 16], [0 7], [-10.025364  33.128162], 2
8, 10, [10 11  7], [4 8 8], [-12.546356  28.918068  33.080494], 3
0, 1, [ 1 15 11], [2 6 0], [-20.405735  15.933346  33.0929  ], 3
1, 11, [11], [1], [33.101105], 1
9, 5, [5], [9], [33.031963], 1
4, 6, [6], [4], [33.145763], 1
1, 14, [14], [1], [33.076813], 1
8, 6, [ 6 16], [4 8], [-9.974251 33.135227], 2
5, 11, [11], [5], [33.078354], 1
0, 12, [12 14], [0 0], [32.889084 33.066467], 2
4, 10, [10 16], [4 4], [33.00834  33.171947], 2
5, 4, [ 4 11 16], [5 5 5], [30.436459 28.965786 33.143475], 3
6, 12, [12 16], [0 6], [-10.067272  33.13956 ], 2
12, 11, [11], [12], [33.0617], 1
0, 13, [13], [0], [33.098587], 1
9, 15, [15  6], [9 9], [32.951103 33.109825], 2
12, 14, [14], [12], [33.053223], 1
9, 3, [3 6], [9 9], [32.897224 33.10873 ], 2
10, 15, [15], [10], [33.08308], 1

1, 7, [7], [1], [33.078766], 1
8, 15, [15  9 13], [8 8 8], [30.44196  28.913929 33.108   ], 3
2, 14, [14], [2], [33.066666], 1
10, 4, [4], [10], [33.06983], 1
6, 7, [7], [6], [33.07239], 1
3, 12, [12  6], [2 3], [-10.0792465  33.118248 ], 2
3, 1, [ 1 13], [2 3], [-10.106998  33.09906 ], 2
9, 1, [1], [9], [33.046432], 1
11, 3, [3], [11], [33.03121], 1
5, 8, [8], [5], [33.108593], 1
3, 15, [15 13], [0 3], [-10.061893  33.098907], 2
8, 2, [2], [8], [33.05927], 1
12, 14, [14], [12], [33.053223], 1
8, 16, [16], [8], [33.138187], 1
6, 4, [4 2], [6 6], [32.914146 33.094162], 2
4, 3, [ 3 12], [8 4], [-10.146673  33.044643], 2
10, 16, [16 15], [10 10], [32.972984 33.08204 ], 2
1, 10, [10], [1], [33.111298], 1
0, 12, [12  9 11], [6 5 0], [-20.408749  15.903038  33.0927  ], 3
12, 14, [14], [12], [33.053234], 1
4, 9, [ 9 11], [8 4], [-10.099674  33.08564 ], 2
8, 8, [8], [8], [33.089542], 1
8, 14, [14 10 15 16 13], [8 4 8 4 8], [14.29605    2.0530891  9.917145   8.034558  33.10822  ], 5
7, 2, [ 2 14  3 15 13  2], [5 5 0 5 0 7], [-37.240025  -12.163441  -13.707542   -9.562803    3.9377518  33.06704  ], 6
7, 4, [ 4  8  2 10  7 15 16], [6 0 7 5 0 5 7], [-35.096054   -8.589795   -7.81005   -21.479166  -15.947644   -0.0440464
  33.13016  ], 7
11, 12, [12], [11], [33.051064], 1
11, 7, [7], [11], [33.072678], 1
12, 16, [16], [12], [33.126556], 1
1, 15, [15], [1], [33.06324], 1
9, 14, [14], [9], [33.066277], 1
4, 12, [12  2], [4 4], [32.88429 33.06046], 2
3, 12, [12 16], [3 3], [32.952194 33.17865 ], 2

8, 3, [3 2], [4 8], [-10.138279  33.05916 ], 2
4, 6, [6], [4], [33.146084], 1
3, 14, [14], [3], [33.065628], 1
7, 5, [ 5 15  7 16], [7 5 7 7], [19.660725 11.04693  24.95843  33.130463], 4
9, 5, [ 5 12], [11  9], [-10.132954  33.0577  ], 2
11, 15, [15  6], [11 11], [32.96386 33.11659], 2
10, 10, [10], [10], [33.081234], 1
12, 8, [8], [12], [33.093864], 1
6, 2, [2], [6], [33.09331], 1
10, 12, [12], [10], [33.076492], 1
0, 3, [3 8], [6 0], [-10.111523  33.10182 ], 2
0, 16, [16  7], [3 0], [-9.977413 33.0814  ], 2
4, 5, [ 5 15 10 16], [8 4 4 4], [-15.513935  24.09019   25.012291  33.178154], 4
6, 8, [8], [6], [33.118168], 1
9, 14, [14  1 13], [ 9 11  9], [22.599808 15.897975 33.096313], 3
1, 7, [7], [1], [33.078766], 1
1, 6, [6], [1], [33.09197], 1
6, 3, [ 3 14], [3 6], [-10.129244  33.074142], 2
3, 9, [ 9 16], [3 3], [32.95574  33.179302], 2
11, 11, [11], [11], [33.06526], 1
0, 9, [ 9 13], [6 0], [-10.092613  33.098618], 2
6, 13, [13], [6], [33.170532], 1
0, 6, [6], [0], [33.129578], 1
1, 13, [13], [1], [33.111862], 1
12, 6, [6], [12], [33.12047], 1
5, 12, [12], [5], [33.04604], 1
2, 6, [6], [2], [33.131958], 1
7, 16, [16  4 10  6 14], [7 7 0 0 7], [17.434013   7.17855   -3.1374373  7.964553  33.05807  ], 5
11, 11, [11], [11], [33.065254], 1
9, 12, [12], [9], [33.057922], 1
11, 9, [9], [11], [33.05742], 1
12, 1, [1], [12], [33.03992], 1

4, 9, [ 9 13], [8 4], [-10.087971  33.105232], 2
0, 3, [ 3 13], [6 0], [-10.114838  33.097927], 2
8, 7, [7 6], [8 8], [32.96132  33.134186], 2
7, 8, [ 8  3  5  9 10 15  5], [7 0 0 7 5 5 0], [  2.640832 -17.420238 -22.417042 -24.086258 -41.892365 -43.299892
 -38.965286], 7
5, 7, [ 7 16], [7 5], [-10.032625  33.1427  ], 2
8, 10, [10 16  1  7 10  3  1], [8 8 4 8 8 8 4], [ 13.217228     0.19336414 -14.914529   -11.584968   -21.109627
 -30.351393   -38.963547  ], 7
6, 6, [ 6 11], [6 6], [32.974846 33.07801 ], 2
7, 10, [10  3  8  6  2 16 14], [6 0 7 0 7 0 0], [-36.76966  -11.424648 -12.419182 -29.18748  -28.8635   -43.217697
 -38.937027], 7
6, 16, [16], [6], [33.13748], 1
12, 9, [9], [12], [33.052204], 1
12, 3, [3], [12], [33.033623], 1
1, 13, [13], [1], [33.111874], 1
7, 6, [ 6 15  6  5  8], [7 5 7 7 7], [17.137075   6.6750355 17.66602   20.889942  33.09285  ], 5
2, 15, [15 16], [2 2], [32.9574 33.1452], 2
6, 8, [8], [6], [33.117844], 1
6, 5, [ 5  8 13], [7 6 6], [-12.554825  29.021034  33.17123 ], 3
9, 16, [16], [9], [33.123894], 1
9, 4, [4], [9], [33.07355], 1
3, 12, [12  2], [0 3], [-10.116163  33.058323], 2
2, 8, [8], [2], [33.118057], 1
2, 4, [4 6], [6 2], [-10.0634575  33.132175 ], 2
1, 13, [13], [1], [33.111874], 1
3, 1, [1], [3], [33.03475], 1
11, 11, [11], [11], [33.065258], 1
1, 10, [10], [1], [33.11123], 1
1, 9, [9], [1], [33.046104], 1
6, 10, [10  8], [6 6], [32.9568   33.118176], 2
5, 15, [15  4 13], [5 6 5], [22.6257   15.924282 33.111927], 3
7, 7, [ 7  8  2 12  1 15  7], [5 0 7 0 7 7 7], [-32.381485    -4.1135945   -0.35233784  -9.066553     4.8070965
  12.950474    33.071342  ], 7
0, 16, [16 11], [0 0], [33.011543 33.092957], 2
5, 9, [9 8], [5 5], [32.913467 33.10964 ], 2
6, 9, [ 9  8 14], [6 6 6], [30.42607  28.963434 33.075268], 3

9, 10, [10], [9], [33.09016], 1
8, 9, [9 6], [8 8], [32.931107 33.134155], 2
4, 10, [10  1  4 13], [4 8 8 4], [15.0211525  3.1920197 11.924065  33.10485  ], 4
3, 3, [3 2], [3 3], [32.862312 33.058353], 2
9, 16, [16], [9], [33.12386], 1
12, 4, [4], [12], [33.059338], 1
12, 13, [13], [12], [33.095947], 1
3, 8, [8], [3], [33.13905], 1
7, 12, [12 16], [6 7], [-10.073156  33.130436], 2
3, 1, [ 1 11], [2 3], [-10.118582  33.079144], 2
3, 3, [3 6], [6 3], [-10.102947  33.118355], 2
10, 13, [13], [10], [33.09743], 1
3, 5, [5 7], [0 3], [-10.109625  33.096516], 2
5, 8, [8], [5], [33.11177], 1
6, 16, [16], [6], [33.139214], 1
5, 16, [16 15 13], [5 5 5], [30.505745 28.942684 33.115887], 3
11, 16, [16], [11], [33.12256], 1
4, 8, [8], [4], [33.108147], 1
7, 6, [ 6 11  9 12], [0 5 7 7], [-23.270311  10.998671  24.882935  33.054794], 4
2, 15, [15  7], [5 2], [-10.078827  33.07751 ], 2
6, 12, [12 11], [7 6], [-10.103865  33.07793 ], 2
12, 1, [1], [12], [33.03991], 1
1, 14, [14], [1], [33.076813], 1
8, 4, [ 4  6 10  8], [8 4 4 8], [15.051741   3.3191063 11.957441  33.091064 ], 4
6, 5, [5 8], [6 6], [32.90365 33.1185 ], 2
12, 2, [2], [12], [33.060753], 1
10, 8, [8], [10], [33.086], 1
8, 9, [ 9 16], [8 8], [32.93     33.135227], 2
8, 15, [15 14], [8 8], [32.928074 33.065334], 2
11, 8, [8], [11], [33.08631], 1
12, 4, [4], [12], [33.059338], 1
7, 12, [12  8], [7 7], [32.905346 33.093277], 2

2, 3, [3 8], [6 2], [-10.1028    33.118103], 2
2, 7, [7], [2], [33.0775], 1
0, 1, [ 1 10 15  2], [2 7 5 0], [-28.014496   3.252     11.940307  33.110947], 4
12, 8, [8], [12], [33.093872], 1
9, 5, [5 2], [11  9], [-10.131079  33.06083 ], 2
10, 7, [7], [10], [33.073845], 1
2, 11, [11], [2], [33.057198], 1
12, 13, [13], [12], [33.09595], 1
6, 16, [16], [6], [33.13742], 1
8, 8, [8], [8], [33.090782], 1
5, 6, [ 6  9 10], [7 5 5], [-12.529041  28.900978  33.085976], 3
9, 7, [ 7  6 16], [11 12  9], [-20.332644  15.991789  33.12362 ], 3
4, 3, [ 3  4 11], [8 8 4], [-20.42633    15.9117155  33.08594  ], 3
0, 10, [10  8], [6 0], [-10.051786  33.102047], 2
8, 7, [ 7  3 12 15 13], [8 8 8 8 8], [24.84172  19.601345 17.623623 20.953976 33.108505], 5
5, 15, [15  9 14], [5 5 5], [30.401901 28.885239 33.06317 ], 3
0, 10, [10  6], [7 0], [-10.034353  33.129715], 2
12, 9, [9], [12], [33.0522], 1
3, 4, [4 7], [6 3], [-10.084747  33.096558], 2
11, 8, [8], [11], [33.08631], 1
10, 7, [7], [10], [33.07384], 1
4, 3, [3 1 8], [8 4 4], [-12.634462  28.898285  33.104427], 3
5, 6, [ 6 16], [5 5], [33.012993 33.141808], 2
0, 13, [13], [0], [33.097702], 1
8, 1, [ 1  3 11 16 13], [4 8 8 4 8], [-20.987936  14.961462   9.890487   8.034159  33.108505], 5
12, 8, [8], [12], [33.093872], 1
10, 6, [6], [10], [33.123077], 1
11, 2, [2], [11], [33.06183], 1
8, 16, [16], [8], [33.13515], 1
8, 11, [11], [8], [33.06343], 1
1, 15, [15], [1], [33.063217], 1
5, 11, [11  9], [5 5], [32.897976 33.047363], 2

1, 16, [16  7], [4 1], [-9.985712 33.07876 ], 2
6, 7, [ 7 16], [5 6], [-10.030176  33.13935 ], 2
7, 10, [10  6  2 13  6  4 16], [6 0 5 0 0 7 7], [-38.71657  -14.669889 -18.000944 -16.764801  -8.103878  12.941935
  33.126556], 7
5, 16, [16 14], [9 5], [-10.03372  33.06425], 2
12, 9, [9], [12], [33.0522], 1
2, 13, [13], [2], [33.11238], 1
12, 4, [4], [12], [33.05932], 1
2, 9, [9 2], [6 2], [-10.114065  33.06274 ], 2
0, 3, [ 3 10 16], [6 2 0], [-20.389565  15.973011  33.1593  ], 3
11, 3, [3], [11], [33.03121], 1
6, 10, [10  8 13], [6 2 6], [22.698503 16.020416 33.171387], 3
11, 8, [8], [11], [33.086304], 1
12, 3, [3], [12], [33.03367], 1
3, 4, [4 8], [6 3], [-10.058891  33.13877 ], 2
10, 11, [11], [10], [33.055862], 1
10, 10, [10], [10], [33.081238], 1
12, 9, [9], [12], [33.0522], 1
7, 14, [14  7 15  7 13 16  7], [0 0 5 0 0 0 0], [-43.13685  -21.99974  -30.131367 -37.017746 -41.82804  -43.20832
 -38.921394], 7
7, 9, [ 9 16], [6 7], [-10.074892  33.127907], 2
5, 13, [13], [5], [33.114956], 1
5, 3, [ 3  5  2 16], [6 0 5 5], [-23.368847  11.00808   24.959171  33.143124], 4
9, 5, [ 5 14], [9 9], [32.871933 33.066284], 2
8, 11, [11  8], [8 8], [32.924408 33.091064], 2
0, 11, [11], [0], [33.092068], 1
6, 2, [2], [6], [33.09348], 1
9, 13, [13], [9], [33.096344], 1
4, 5, [ 5 11], [8 4], [-10.117043  33.08596 ], 2
7, 13, [13 14 15 13  8], [0 0 7 0 7], [-28.708958    1.9901519   9.878628    7.951705   33.091255 ], 5
11, 9, [9], [11], [33.056965], 1
4, 1, [ 1 10  8], [8 4 4], [-12.5798855  28.97089    33.108246 ], 3
12, 16, [16], [12], [33.126564], 1
6, 15, [15  2], [5 6], [-10.069933  33.094776], 2

11, 10, [10], [11], [33.089752], 1
12, 14, [14], [12], [33.05322], 1
9, 13, [13], [9], [33.096344], 1
7, 13, [13 16], [0 7], [-10.026228  33.126842], 2
3, 9, [ 9 10], [6 3], [-10.104437  33.07894 ], 2
10, 5, [5], [10], [33.03166], 1
7, 9, [ 9 11], [6 7], [-10.114153  33.06284 ], 2
11, 1, [1], [11], [33.039757], 1
3, 2, [2], [3], [33.058365], 1
8, 2, [2], [8], [33.05923], 1
8, 3, [ 3 16], [8 8], [32.907772 33.135227], 2
6, 2, [2], [6], [33.093357], 1
9, 11, [11], [9], [33.05543], 1
12, 10, [10], [12], [33.08586], 1
3, 10, [10], [3], [33.079094], 1
3, 16, [16], [3], [33.178288], 1
9, 10, [10 14  7], [9 9 9], [30.432928 28.90472  33.072826], 3
9, 2, [2], [9], [33.060814], 1
10, 3, [3], [10], [33.028934], 1
10, 16, [16], [10], [33.12268], 1
9, 2, [2], [9], [33.060818], 1
5, 15, [15], [5], [33.066025], 1
7, 11, [11  9 16], [0 7 7], [-12.554163  28.926952  33.126682], 3
2, 6, [6], [2], [33.13214], 1
7, 10, [10 13  8], [6 0 7], [-20.34096   15.952826  33.092896], 3
1, 2, [2], [1], [33.06109], 1
11, 1, [1], [11], [33.039772], 1
9, 3, [3], [9], [33.032227], 1
5, 16, [16 10], [9 5], [-10.0168705  33.087902 ], 2
10, 3, [3], [10], [33.028934], 1
9, 10, [10  2], [9 9], [32.9266  33.06081], 2
2, 15, [15 16], [2 2], [32.955482 33.14501 ], 2

12, 14, [14], [12], [33.053207], 1
10, 5, [5], [10], [33.031746], 1
9, 1, [1], [9], [33.04625], 1
11, 2, [2], [11], [33.061825], 1
10, 15, [15], [10], [33.083645], 1
4, 5, [5 8], [8 4], [-10.103378  33.108246], 2
9, 10, [10], [9], [33.09018], 1
12, 6, [6], [12], [33.12047], 1
8, 3, [ 3 16  8], [8 4 8], [22.641285 16.023523 33.090782], 3
7, 1, [ 1 12  5  9  8 16], [2 0 0 5 0 7], [-37.271812  -12.175985  -13.70835    -9.56761     3.9747677  33.126842 ], 6
7, 5, [ 5 14 10  8 11], [0 5 5 7 7], [-30.658234   -1.1507969   4.646864   20.9308     33.062973 ], 5
6, 3, [ 3  4 16], [12  6  6], [-12.606428  28.942327  33.139755], 3
12, 14, [14], [12], [33.05322], 1
2, 8, [8], [2], [33.117947], 1
11, 8, [8], [11], [33.08629], 1
7, 3, [ 3 13  4], [0 0 7], [-20.410141  15.938327  33.06896 ], 3
1, 12, [12], [1], [33.043137], 1
3, 5, [5 8], [3 3], [32.910538 33.139458], 2
12, 16, [16], [12], [33.126545], 1
3, 1, [1], [3], [33.03484], 1
4, 9, [9 7], [8 4], [-10.101751  33.082623], 2
0, 5, [ 5 14], [0 0], [32.872837 33.067215], 2
12, 3, [3], [12], [33.033672], 1
9, 8, [8], [9], [33.086716], 1
10, 4, [4], [10], [33.07], 1
2, 14, [14], [2], [33.066673], 1
3, 9, [ 9 11], [5 3], [-10.098486  33.079132], 2
0, 1, [ 1 16 13], [6 0 0], [-12.549261  29.027126  33.097523], 3
10, 13, [13], [10], [33.097427], 1
8, 6, [ 6 10  7], [4 4 8], [-20.284698  15.951099  33.080494], 3
12, 6, [6], [12], [33.12047], 1
5, 16, [16 12], [9 5], [-10.045946  33.047165], 2

6, 6, [6], [6], [33.12806], 1
12, 3, [3], [12], [33.033703], 1
12, 4, [4], [12], [33.059322], 1
7, 4, [4 6], [6 7], [-10.063675  33.132084], 2
12, 3, [3], [12], [33.033737], 1
12, 6, [6], [12], [33.120464], 1
7, 6, [ 6 10  7  4  9 11], [0 7 0 5 5 7], [-29.339697    0.8815088 -13.686182   -9.607727    3.886612   33.06275  ], 6
6, 8, [ 8 14], [2 6], [-10.037357  33.075096], 2
3, 2, [2], [3], [33.058514], 1
12, 10, [10], [12], [33.08586], 1
9, 16, [16], [9], [33.12396], 1
3, 16, [16], [3], [33.178722], 1
11, 2, [2], [11], [33.06183], 1
6, 6, [6], [6], [33.1279], 1
1, 11, [11], [1], [33.10102], 1
8, 8, [8], [8], [33.091934], 1
4, 12, [12], [4], [33.04462], 1
10, 1, [1], [10], [33.03937], 1
4, 16, [16], [4], [33.17665], 1
1, 14, [14], [1], [33.076805], 1
7, 1, [ 1  7 16  9 13 14 16], [6 0 0 7 0 0 0], [-40.34346  -17.296211 -22.292152 -24.061115 -41.85324  -43.250317
 -38.855484], 7
0, 14, [14], [0], [33.06624], 1
9, 12, [12], [9], [33.057693], 1
2, 8, [8], [2], [33.11798], 1
5, 5, [ 5 15  9 14], [5 5 6 5], [22.753237 16.204449 11.885906 33.062973], 4
12, 13, [13], [12], [33.095955], 1
2, 3, [ 3 16], [2 2], [32.912914 33.145226], 2
12, 9, [9], [12], [33.0522], 1
9, 6, [ 6 14], [2 9], [-10.03256   33.066593], 2
7, 10, [10  6 16], [5 0 7], [-20.309439  16.00796   33.13016 ], 3
1, 4, [4], [1], [33.055046], 1
10, 14, [14], [10], [33.065292], 1

9, 13, [13], [9], [33.09638], 1
11, 16, [16], [11], [33.12268], 1
4, 5, [5 2], [8 4], [-10.132307  33.060467], 2
4, 8, [8], [4], [33.104424], 1
9, 2, [2], [9], [33.06083], 1
5, 10, [10  8  7], [9 5 5], [-12.532356  28.966595  33.100185], 3
6, 16, [16], [6], [33.13727], 1
9, 15, [15 12], [11  9], [-10.075071  33.05738 ], 2
8, 11, [11  8], [8 8], [32.92446  33.090782], 2
2, 2, [2], [2], [33.062786], 1
6, 9, [9 6], [5 6], [-10.075489  33.12808 ], 2
4, 12, [12 15  8], [4 4 4], [30.417845 28.944637 33.10788 ], 3
12, 12, [12], [12], [33.06155], 1
9, 14, [14], [9], [33.066162], 1
4, 15, [15  6], [8 4], [-10.017876  33.148582], 2
2, 9, [ 9 13], [6 2], [-10.084465  33.1124  ], 2
6, 7, [7], [6], [33.07365], 1
1, 12, [12], [1], [33.043133], 1
5, 1, [ 1 14], [7 5], [-10.127712  33.062973], 2
10, 6, [6], [10], [33.121834], 1
2, 13, [13], [2], [33.11237], 1
4, 2, [2], [4], [33.06048], 1
7, 12, [12 14  1 10 16  8], [0 0 7 5 0 7], [-32.555305    -4.340408    -0.67234087  -9.512865     3.9992704
  33.091255  ], 6
11, 13, [13], [11], [33.09636], 1
1, 2, [2], [1], [33.06109], 1
10, 8, [ 8 12], [10 10], [32.934624 33.077187], 2
12, 15, [15], [12], [33.090508], 1
12, 10, [10], [12], [33.085857], 1
0, 9, [ 9  1 16 12  6], [6 2 3 7 0], [-33.436203   -5.807529   -3.0697207   7.926919   33.129723 ], 5
6, 11, [11], [6], [33.07811], 1
4, 4, [4 7], [8 4], [-10.089272  33.082623], 2
7, 7, [ 7  6 14 11 14  8  4], [0 0 7 0 7 0 7], [-36.132187 -10.351622 -10.802471 -26.44088  -24.217571 -35.465416
 -25.935333], 7

11, 16, [16], [11], [33.12255], 1
9, 13, [13], [9], [33.096375], 1
11, 8, [8], [11], [33.086315], 1
4, 9, [ 9 14], [8 4], [-10.113081  33.06244 ], 2
5, 8, [ 8 10], [5 5], [32.95334 33.08513], 2
4, 15, [15  8], [4 4], [32.95109  33.104427], 2
2, 5, [5 8], [7 2], [-10.096621  33.118027], 2
10, 4, [4], [10], [33.069828], 1
9, 15, [15], [9], [33.07656], 1
11, 16, [16], [11], [33.12248], 1
4, 12, [12 11], [4 4], [32.901966 33.08564 ], 2
2, 15, [15 11], [2 2], [32.90298 33.05712], 2
8, 4, [ 4 13], [4 8], [-10.075691  33.10835 ], 2
1, 4, [4], [1], [33.05508], 1
8, 2, [2], [8], [33.05926], 1
4, 13, [13], [4], [33.104866], 1
7, 12, [12  9  3 13  8], [5 6 6 0 7], [-33.476894   -5.8729577  -3.2018356   7.9528255  33.092896 ], 5
0, 2, [2], [0], [33.11054], 1
11, 16, [16], [11], [33.12298], 1
6, 15, [15  8], [5 6], [-10.0534935  33.1185   ], 2
3, 10, [10], [3], [33.079025], 1
5, 1, [ 1 15 16], [6 5 5], [-12.588812  28.961216  33.14323 ], 3
7, 10, [10 14 16], [6 7 7], [-12.552492  28.937717  33.128044], 3
3, 6, [6], [3], [33.118217], 1
5, 10, [10 16 11  1 14], [6 5 6 6 5], [-25.580202    7.2254233  -3.1943855   7.8708563  33.063473 ], 5
5, 5, [5 8], [5 5], [32.897194 33.11332 ], 2
2, 1, [1 8], [2 2], [32.904484 33.118057], 2
10, 5, [5], [10], [33.031654], 1
4, 6, [6], [4], [33.14638], 1
12, 12, [12], [12], [33.061546], 1
9, 15, [15], [9], [33.07749], 1
9, 7, [7], [9], [33.072815], 1

9, 12, [12], [9], [33.05739], 1
3, 6, [6], [3], [33.118145], 1
0, 15, [15 16  5  8], [6 0 7 0], [-20.137325  16.305553  11.894901  33.101658], 4
9, 8, [8], [9], [33.086647], 1
11, 4, [4], [11], [33.078453], 1
9, 6, [6], [9], [33.109795], 1
10, 3, [3], [10], [33.02894], 1
0, 12, [12 16], [7 0], [-10.052685  33.163185], 2
1, 16, [16], [1], [33.17504], 1
5, 5, [ 5  6 11], [6 5 5], [-12.579813  28.97551   33.079338], 3
12, 16, [16], [12], [33.12658], 1
0, 4, [4 6], [6 0], [-10.064831  33.12978 ], 2
9, 12, [12], [9], [33.05811], 1
8, 15, [15 12], [8 8], [32.929684 33.055458], 2
0, 12, [12  7], [6 0], [-10.101131  33.082684], 2
3, 6, [ 6 16], [3 3], [33.02993  33.179443], 2
1, 7, [7], [1], [33.078854], 1
4, 14, [14], [4], [33.062332], 1
9, 1, [1], [9], [33.045914], 1
4, 15, [15  8], [4 4], [32.943184 33.108047], 2
2, 12, [12], [2], [33.054405], 1
11, 9, [9], [11], [33.056942], 1
6, 8, [8], [6], [33.11829], 1
0, 5, [ 5 16  6], [0 0 0], [30.452702 29.033573 33.12967 ], 3
3, 7, [7], [3], [33.09627], 1
4, 11, [11], [4], [33.08559], 1
4, 1, [ 1 15 13], [4 4 4], [30.406433 28.951344 33.10485 ], 3
6, 4, [ 4 10 13], [5 6 6], [-12.5498295  28.988937   33.17114  ], 3
4, 6, [6], [4], [33.146248], 1
5, 5, [ 5 16], [7 5], [-10.081551  33.14313 ], 2
2, 4, [4 8], [5 2], [-10.072508  33.118027], 2
0, 3, [3 8], [6 0], [-10.11224  33.10197], 2

11, 12, [12], [11], [33.051105], 1
8, 1, [ 1 13], [8 8], [32.9032 33.108 ], 2
1, 3, [3], [1], [33.0233], 1
1, 16, [16  9], [2 1], [-10.01367  33.04586], 2
12, 3, [3], [12], [33.033672], 1
1, 4, [4], [1], [33.05535], 1
11, 15, [15], [11], [33.09965], 1
7, 7, [ 7  8 16 15  8], [0 7 0 7 7], [-22.76504   11.926467   4.721932  20.962357  33.091255], 5
12, 12, [12], [12], [33.061554], 1
12, 9, [9], [12], [33.052307], 1
9, 1, [1], [9], [33.04568], 1
12, 13, [13], [12], [33.095955], 1
1, 13, [13], [1], [33.11187], 1
12, 15, [15], [12], [33.090477], 1
10, 1, [1], [10], [33.039234], 1
11, 14, [14], [11], [33.053513], 1
7, 16, [16  2 16], [7 7 7], [30.49248  28.940105 33.130463], 3
6, 4, [ 4 13], [6 6], [32.960888 33.172005], 2
8, 11, [11  5 11  7 15  6], [8 8 8 4 8 8], [19.938425  11.447694   4.0273633 -1.7374096 16.967945  33.131496 ], 6
8, 14, [14  6], [8 8], [32.9442  33.13365], 2
11, 6, [6], [11], [33.116623], 1
11, 10, [10], [11], [33.089867], 1
6, 15, [15 16], [5 6], [-10.05122  33.13933], 2
5, 6, [6], [5], [33.12629], 1
12, 16, [16], [12], [33.12657], 1
10, 9, [9], [10], [33.055576], 1
0, 13, [13], [0], [33.101517], 1
3, 12, [12  6], [2 3], [-10.077116  33.118286], 2
1, 5, [5], [1], [33.025524], 1
11, 7, [7], [11], [33.07267], 1
6, 3, [3 6], [6 6], [32.90279  33.128082], 2
12, 10, [10], [12], [33.085857], 1

5, 8, [ 8  6 14], [5 9 5], [22.675426 15.948748 33.06343 ], 3
2, 4, [ 4 14], [6 2], [-10.1025715  33.066677 ], 2
4, 3, [ 3  4 10 16], [8 8 4 4], [-23.332323  11.068527  25.012291  33.178154], 4
6, 10, [10 15  3 15 16], [6 6 6 6 6], [24.870958 19.640339 17.604734 20.965181 33.139755], 5
12, 16, [16], [12], [33.126564], 1
7, 2, [ 2 14  6 16], [7 7 0 7], [22.839548 16.264374 12.006608 33.128162], 4
12, 9, [9], [12], [33.0522], 1
1, 10, [10], [1], [33.11126], 1
3, 11, [11], [3], [33.07902], 1
11, 13, [13], [11], [33.09633], 1
6, 12, [12 11], [5 6], [-10.104231  33.077824], 2
10, 8, [8 6], [10 10], [32.96003  33.123043], 2
12, 1, [1], [12], [33.039917], 1
5, 9, [ 9 16  8], [9 9 5], [-20.341255  15.995263  33.116165], 3
0, 8, [8], [0], [33.101738], 1
7, 12, [12  6  8  2  3 13  8], [0 0 0 7 0 0 0], [-40.316143 -17.273815 -22.339209 -24.061695 -41.91548  -43.243576
 -38.90219 ], 7
8, 1, [ 1  6 11 14 13], [4 4 8 8 8], [-25.931213   6.720992  17.62725   20.92913   33.10822 ], 5
7, 7, [ 7 12 13 16  1 16 15], [0 5 0 0 5 0 5], [-43.130436 -22.014816 -30.099356 -36.994072 -41.895798 -43.216434
 -38.933067], 7
6, 14, [14 12 13], [6 6 6], [30.441242 28.952065 33.173443], 3
11, 10, [10], [11], [33.089878], 1
3, 1, [1], [3], [33.034855], 1
12, 16, [16], [12], [33.12658], 1
0, 8, [8], [0], [33.101562], 1
4, 16, [16], [4], [33.17166], 1
6, 12, [12  6], [0 6], [-10.074265  33.12804 ], 2
12, 15, [15], [12], [33.090508], 1
3, 15, [15], [3], [33.064003], 1
6, 1, [ 1  9 13], [2 6 6], [-12.600138  28.94408   33.16012 ], 3
4, 11, [11], [4], [33.089005], 1
10, 2, [2], [10], [33.06091], 1
1, 5, [5], [1], [33.02552], 1
6, 13, [13], [6], [33.171757], 1

6, 3, [3 6 8], [6 6 6], [30.425426 28.99837  33.11815 ], 3
8, 1, [ 1  6 13  6 13 14], [8 4 8 4 8 8], [12.1955805 -1.404846   4.0920863 -1.6922693 16.94638   33.064884 ], 6
5, 11, [11 13], [7 5], [-10.069658  33.111454], 2
2, 14, [14], [2], [33.06668], 1
12, 11, [11], [12], [33.0617], 1
8, 8, [ 8  7 16 15 16  6], [8 4 4 8 4 8], [ 8.677069  -7.3624315 -5.740424   3.5089197  4.033122  33.131496 ], 6
1, 7, [7], [1], [33.078766], 1
8, 12, [12 16  1 10  6], [4 4 8 8 8], [-25.911037   6.729787  17.625938  20.981363  33.131496], 5
8, 10, [10  6], [4 8], [-10.01119   33.131287], 2
2, 12, [12  9  3  7], [0 5 0 2], [-28.048023    3.1717975  11.873678   33.077538 ], 4
10, 10, [10], [10], [33.081226], 1
10, 9, [9], [10], [33.05547], 1
11, 4, [4], [11], [33.077637], 1
8, 2, [ 2 16], [8 8], [32.940586 33.135227], 2
9, 8, [8], [9], [33.08673], 1
1, 15, [15], [1], [33.06324], 1
5, 13, [13 15 13  2 11  6  4], [0 5 0 5 7 7 5], [-31.88807   -3.311761 -20.647541 -21.244213 -37.196648 -35.432804
 -25.939468], 7
8, 3, [ 3  9 10], [8 8 8], [30.370346 28.906498 33.096043], 3
4, 2, [2], [4], [33.060482], 1
3, 10, [10], [3], [33.079178], 1
4, 1, [ 1 10 11], [4 4 4], [30.411476 28.958694 33.08882 ], 3
12, 9, [9], [12], [33.0522], 1
12, 14, [14], [12], [33.053223], 1
9, 4, [4], [9], [33.073227], 1
5, 6, [6 8], [5 5], [32.996365 33.115852], 2
12, 8, [8], [12], [33.093872], 1
3, 7, [7], [3], [33.096107], 1
11, 5, [5], [11], [33.03248], 1
2, 7, [7], [2], [33.077515], 1
10, 7, [7], [10], [33.07384], 1
4, 2, [2], [4], [33.060486], 1
0, 10, [10 16], [2 0], [-10.026989  33.1593  ], 2

5, 14, [14], [5], [33.06285], 1
5, 10, [10  8  7  2], [5 5 7 5], [22.838089  16.257086  11.9247055 33.071583 ], 4
9, 10, [10], [9], [33.090183], 1
7, 2, [ 2  4  2 10  6  5  8], [7 2 7 5 0 0 7], [  5.1320047 -13.225065  -15.464796  -34.219734  -37.17496   -35.5093
 -25.906693 ], 7
1, 16, [16  6], [4 1], [-9.984684 33.091846], 2
7, 14, [14  8  6], [7 0 7], [22.648212 15.978872 33.133682], 3
5, 3, [3 2 8], [2 5 5], [-12.619522  28.924305  33.11006 ], 3
12, 6, [6], [12], [33.12047], 1
8, 3, [3 2], [8 8], [32.862267 33.059216], 2
11, 6, [6], [11], [33.116634], 1
4, 11, [11], [4], [33.088608], 1
9, 3, [3], [9], [33.032394], 1
5, 14, [14], [5], [33.063545], 1
6, 5, [5 8], [0 6], [-10.096376  33.118412], 2
11, 15, [15 14], [ 9 11], [-10.084427  33.05346 ], 2
5, 2, [ 2  7 15 10], [5 5 5 5], [27.48392  24.043388 24.924635 33.078335], 4
4, 13, [13], [4], [33.10486], 1
5, 8, [8], [5], [33.113857], 1
10, 3, [3], [10], [33.028946], 1
8, 10, [10 13], [8 8], [32.96707 33.10768], 2
0, 16, [16 10 13], [0 7 0], [22.722002 15.947997 33.098896], 3
4, 2, [2], [4], [33.060493], 1
2, 2, [2], [2], [33.06273], 1
2, 16, [16], [2], [33.14417], 1
5, 12, [12 14], [9 5], [-10.110477  33.063557], 2
5, 11, [11 10], [7 5], [-10.08622   33.085125], 2
5, 10, [10  8], [2 5], [-10.053892  33.11029 ], 2
6, 1, [ 1 16], [6 6], [32.9184   33.140053], 2
10, 16, [16  1], [ 7 10], [-10.048386  33.03917 ], 2
2, 2, [2], [2], [33.06292], 1
9, 2, [2], [9], [33.060833], 1
6, 4, [ 4 15  8], [6 5 6], [22.624954  15.9465065 33.1185   ], 3

7, 7, [7 2 8], [7 7 7], [30.430672 28.917538 33.09285 ], 3
1, 3, [3], [1], [33.0233], 1
12, 15, [15], [12], [33.090485], 1
2, 12, [12 16], [6 2], [-10.063503  33.14511 ], 2
12, 16, [16  2], [ 9 12], [-10.040693  33.060284], 2
5, 6, [6 3], [9 5], [-10.075596  33.022858], 2
7, 16, [16  8], [0 7], [-9.997887 33.093212], 2
2, 13, [13], [2], [33.112362], 1
3, 15, [15], [3], [33.06341], 1
12, 1, [1], [12], [33.03991], 1
3, 8, [8], [3], [33.13996], 1
9, 9, [9], [9], [33.06343], 1
12, 10, [10], [12], [33.08586], 1
1, 1, [1], [1], [33.033005], 1
4, 14, [14], [4], [33.06232], 1
11, 5, [5], [11], [33.0324], 1
4, 8, [ 8 11], [1 4], [-10.032005  33.091335], 2
11, 14, [14], [11], [33.053734], 1
11, 13, [13], [11], [33.096333], 1
9, 1, [ 1 10], [11  9], [-10.106241  33.090214], 2
5, 13, [13], [5], [33.112007], 1
5, 11, [11 16], [5 5], [32.957016 33.14299 ], 2
6, 16, [16 13], [6 6], [33.037743 33.173542], 2
6, 2, [2], [6], [33.09359], 1
7, 16, [16  5  8 10  1  8  7], [10  0  7  5  7  7  5], [-35.730846  -9.75954   -9.656258 -24.582123 -21.117512 -30.255545
 -38.914265], 7
0, 11, [11], [0], [33.092117], 1
9, 6, [6], [9], [33.108902], 1
8, 14, [14], [8], [33.065292], 1
0, 15, [15  4  9  6], [6 5 6 0], [-27.994669    3.2126694  11.926214   33.129997 ], 4
1, 2, [2], [1], [33.06109], 1
8, 2, [2], [8], [33.059227], 1
4, 11, [11], [4], [33.085968], 1

5, 3, [ 3  5  4 13], [5 7 5 5], [19.616587 10.987126 24.924261 33.112125], 4
4, 16, [16], [4], [33.177925], 1
6, 13, [13], [6], [33.170784], 1
2, 8, [8], [2], [33.117973], 1
11, 12, [12], [11], [33.0511], 1
1, 4, [4], [1], [33.055176], 1
12, 2, [2], [12], [33.060772], 1
12, 11, [11], [12], [33.0617], 1
3, 9, [ 9 15  4 16], [5 0 2 3], [-27.997934    3.2576344  11.964787   33.17865  ], 4
0, 2, [2], [0], [33.110474], 1
12, 8, [8], [12], [33.093872], 1
2, 8, [8], [2], [33.117935], 1
12, 6, [6], [12], [33.12047], 1
12, 8, [8], [12], [33.093864], 1
2, 1, [ 1 14], [2 2], [32.873085 33.066685], 2
2, 16, [16], [2], [33.14456], 1
5, 1, [1], [5], [33.03298], 1
3, 16, [16], [3], [33.17665], 1
12, 13, [13], [12], [33.09595], 1
6, 6, [ 6 13], [6 6], [33.0307   33.172035], 2
1, 6, [6], [1], [33.091934], 1
3, 15, [15  8], [3 3], [32.94942  33.139458], 2
4, 9, [ 9 10 16], [8 4 4], [-12.5451145  29.00998    33.17892  ], 3
8, 8, [8], [8], [33.0911], 1
12, 11, [11], [12], [33.0617], 1
3, 4, [4 6], [5 3], [-10.07276  33.11843], 2
2, 9, [9 4 2], [6 5 2], [-20.415077  15.894445  33.062923], 3
4, 1, [ 1 11], [4 4], [32.888084 33.085587], 2
10, 13, [13], [10], [33.097435], 1
6, 14, [14], [6], [33.074314], 1
8, 6, [6], [8], [33.13098], 1
9, 6, [6], [9], [33.110218], 1

9, 2, [2], [9], [33.06082], 1
12, 16, [16], [12], [33.126556], 1
12, 7, [7], [12], [33.069836], 1
0, 10, [10  4  9  1  6], [7 6 6 2 0], [-33.431244   -5.865513   -3.2044644   7.9120617  33.129673 ], 5
0, 4, [ 4 13], [5 0], [-10.085943  33.097916], 2
3, 16, [16], [3], [33.179443], 1
0, 8, [8], [0], [33.10168], 1
5, 13, [13], [5], [33.118538], 1
10, 2, [2], [10], [33.060925], 1
11, 4, [4], [11], [33.07857], 1
12, 10, [10], [12], [33.08586], 1
0, 13, [13], [0], [33.099506], 1
7, 16, [16  2], [0 7], [-10.013283  33.071316], 2
8, 11, [11], [8], [33.06344], 1
1, 9, [9], [1], [33.04609], 1
2, 13, [13], [2], [33.112377], 1
3, 2, [2], [3], [33.05835], 1
8, 11, [11], [8], [33.06778], 1
6, 15, [15 16], [5 6], [-10.040163  33.140053], 2
6, 16, [16  4 16], [6 6 6], [30.496433 28.937536 33.139732], 3
11, 5, [5 7], [ 9 11], [-10.124369  33.072655], 2
12, 14, [14], [12], [33.053226], 1
2, 3, [3 5 4 8], [2 2 6 2], [22.73896  16.188679 11.92807  33.118057], 4
9, 12, [12], [9], [33.05788], 1
7, 16, [16  1 11 10  8 10 15], [10  7  0  7  0  7  7], [-30.869013   -1.6566448 -17.820724  -16.517313  -29.364527  -22.43385
 -25.89209  ], 7
0, 9, [9 8], [5 0], [-10.092115  33.101597], 2
12, 15, [15], [12], [33.090508], 1
2, 10, [10 13], [2 2], [32.94894 33.1124 ], 2
5, 15, [15 12], [5 5], [32.900406 33.044113], 2
0, 6, [6], [0], [33.12958], 1
4, 14, [14], [4], [33.062225], 1
1, 12, [12], [1], [33.04313], 1

1, 7, [7], [1], [33.078766], 1
1, 9, [9], [1], [33.045975], 1
2, 15, [15 16], [5 2], [-10.044233  33.145153], 2
11, 6, [6], [11], [33.11664], 1
9, 12, [12  8], [9 9], [32.90727 33.0866 ], 2
6, 9, [9 7], [5 6], [-10.109072  33.072372], 2
11, 4, [4 1], [11 11], [32.90133  33.040363], 2
11, 15, [15], [11], [33.098476], 1
2, 7, [7], [2], [33.077522], 1
9, 16, [16], [9], [33.12434], 1
0, 5, [5 7], [7 0], [-10.117825  33.082684], 2
9, 13, [13], [9], [33.096344], 1
11, 1, [1], [11], [33.040348], 1
9, 11, [11], [9], [33.055275], 1
12, 15, [15], [12], [33.090508], 1
6, 2, [2], [6], [33.093414], 1
12, 16, [16], [12], [33.126545], 1
10, 2, [2], [10], [33.060917], 1
9, 3, [3 8], [11  9], [-10.116644  33.0866  ], 2
2, 12, [12 16], [6 2], [-10.063536  33.145214], 2
1, 3, [3], [1], [33.0233], 1
0, 4, [ 4 16 11], [6 0 0], [-12.536001  29.011543  33.092957], 3
2, 2, [2], [2], [33.062737], 1
6, 3, [ 3  9 16], [3 6 6], [-12.613169  28.932747  33.140053], 3
4, 4, [ 4 11], [8 4], [-10.086868  33.086628], 2
11, 8, [8], [11], [33.086304], 1
8, 1, [ 1 13], [4 8], [-10.098751  33.107994], 2
11, 9, [9], [11], [33.05712], 1
2, 15, [15  5 16], [2 2 2], [30.418877 28.917011 33.14501 ], 3
8, 7, [7], [8], [33.08042], 1
4, 6, [6], [4], [33.144344], 1
8, 5, [ 5 11  9  4  6], [8 8 8 8 8], [24.814    19.637775 17.612972 20.939854 33.1313  ], 5

0, 14, [14  6], [0 0], [32.944233 33.129612], 2
10, 2, [2], [10], [33.060917], 1
12, 3, [3], [12], [33.03363], 1
11, 1, [1], [11], [33.039555], 1
7, 14, [14  7  4  8 10 16], [7 0 7 0 5 7], [10.474224   -4.313056   -0.65306664 -9.523253    3.9675188  33.13016   ], 6
5, 12, [12  8], [6 5], [-10.08098   33.115875], 2
8, 12, [12], [8], [33.05557], 1
1, 5, [5], [1], [33.025528], 1
9, 9, [9], [9], [33.063606], 1
12, 13, [13], [12], [33.095955], 1
4, 1, [ 1 10  7], [4 4 4], [30.409683 28.954742 33.08262 ], 3
6, 2, [2], [6], [33.093876], 1
12, 2, [2], [12], [33.06078], 1
12, 5, [5], [12], [33.032825], 1
4, 4, [ 4 14], [4 4], [32.89201  33.062244], 2
8, 16, [16 13], [4 8], [-9.965841 33.108505], 2
10, 14, [14], [10], [33.065292], 1
3, 9, [ 9  1 13], [5 2 3], [-20.41688   15.893002  33.09906 ], 3
8, 14, [14  4  3  8 16 15 13], [4 8 8 8 4 8 8], [-23.500782   10.726506    2.776928   -3.7496233  -8.073584   12.953655
  33.10768  ], 7
12, 12, [12], [12], [33.06156], 1
11, 2, [2], [11], [33.061867], 1
6, 5, [ 5  8 16], [6 6 6], [30.433119 29.00154  33.138775], 3
7, 4, [ 4  6 14 15  8], [6 0 7 5 7], [-28.730541    2.0200691   9.814452    7.9226704  33.092896 ], 5
11, 5, [ 5 16], [ 9 11], [-10.094437  33.12252 ], 2
0, 2, [2], [0], [33.110138], 1
2, 3, [ 3 16], [2 2], [32.912277 33.145203], 2
0, 5, [5 6], [0 0], [32.910446 33.12978 ], 2
1, 8, [8], [1], [33.116554], 1
0, 14, [14], [0], [33.06468], 1
0, 15, [15  8], [6 0], [-10.061062  33.10222 ], 2
7, 11, [11], [7], [33.063297], 1
12, 13, [13], [12], [33.09594], 1

2, 9, [9 6], [6 2], [-10.072573  33.132175], 2
3, 16, [16], [3], [33.17905], 1
2, 7, [7], [2], [33.077454], 1
4, 5, [ 5 12  3 15  4 15  7], [8 4 4 8 8 8 4], [-27.37087      4.3296723   -7.8685493  -21.490887   -15.974016
  -0.05690765  33.08262   ], 7
2, 5, [ 5 13], [5 2], [-10.100864  33.112415], 2
12, 7, [7], [12], [33.069836], 1
12, 8, [8], [12], [33.093864], 1
10, 16, [16], [10], [33.122387], 1
0, 12, [12 13], [6 0], [-10.091738  33.097927], 2
5, 2, [2], [5], [33.057384], 1
10, 15, [15], [10], [33.082436], 1
12, 10, [10], [12], [33.08586], 1
2, 1, [ 1 16], [2 2], [32.92029  33.145214], 2
2, 6, [6], [2], [33.132103], 1
4, 4, [ 4 10  9 14], [8 4 8 4], [-20.194408  16.237112  11.886319  33.062294], 4
5, 7, [7 9], [5 5], [32.913265 33.04616 ], 2
7, 3, [ 3 11 15 13 15 11  8], [6 0 7 0 7 0 0], [-36.790596 -11.361214 -12.418131 -29.210068 -28.843813 -43.25287
 -38.904217], 7
6, 8, [8], [6], [33.11808], 1
4, 6, [6], [4], [33.14655], 1
4, 12, [12  3 15  7], [4 8 4 4], [19.64115  10.989374 24.938011 33.082626], 4
12, 4, [4], [12], [33.059334], 1
6, 9, [ 9 16], [5 6], [-10.069708  33.139046], 2
7, 9, [ 9 11], [6 7], [-10.113543  33.06366 ], 2
3, 7, [7], [3], [33.0963], 1
9, 5, [5], [9], [33.032032], 1
1, 8, [8], [1], [33.116535], 1
8, 16, [16  4 12], [4 8 8], [-12.494244  28.89355   33.055458], 3
7, 15, [15  7  1  8], [5 0 5 7], [-28.005497   3.212334  11.889799  33.092896], 4
6, 10, [10 16], [6 6], [32.968506 33.139427], 2
9, 5, [ 5 14], [11  9], [-10.127977  33.066162], 2
2, 4, [ 4 14], [6 2], [-10.102768  33.066685], 2
12, 9, [9], [12], [33.052254], 1

0, 14, [14], [0], [33.0663], 1
8, 6, [6], [8], [33.13128], 1
12, 5, [5], [12], [33.03283], 1
2, 6, [6], [2], [33.132053], 1
2, 13, [13], [2], [33.11238], 1
1, 12, [12], [1], [33.04313], 1
3, 8, [8], [3], [33.139225], 1
12, 15, [15], [12], [33.090504], 1
11, 3, [3], [11], [33.031128], 1
2, 11, [11], [2], [33.0572], 1
8, 3, [3 7], [4 8], [-10.125698  33.080494], 2
10, 6, [6], [10], [33.12102], 1
10, 16, [16  8], [ 7 10], [-10.018826  33.08694 ], 2
5, 2, [ 2 14], [5 5], [32.89583 33.06258], 2
8, 13, [13], [8], [33.107925], 1
2, 5, [ 5 14], [0 2], [-10.12804   33.066677], 2
6, 10, [10 16], [6 6], [32.96869 33.13956], 2
2, 13, [13], [2], [33.11238], 1
6, 11, [11], [6], [33.07806], 1
7, 13, [13 10 13  6 11  7  4], [0 5 0 0 0 0 7], [-42.479862 -20.961075 -28.417492 -34.19046  -37.20053  -35.483658
 -25.935333], 7
9, 1, [1], [9], [33.04636], 1
0, 12, [12 13], [2 0], [-10.091955  33.097702], 2
12, 6, [6], [12], [33.12047], 1
6, 13, [13], [6], [33.17095], 1
10, 11, [11], [10], [33.05585], 1
1, 6, [6], [1], [33.091927], 1
5, 4, [ 4  2 15], [6 5 5], [-12.6009655  28.902515   33.073746 ], 3
12, 7, [7], [12], [33.069836], 1
11, 14, [14], [11], [33.05372], 1
7, 9, [ 9  8  5 16], [6 0 0 7], [-28.005697    3.2438242  11.912647   33.13016  ], 4
0, 4, [ 4 13], [5 0], [-10.084028  33.09881 ], 2
10, 15, [15], [10], [33.082207], 1

12, 6, [6], [12], [33.12047], 1
3, 3, [3 8], [2 3], [-10.090691  33.140312], 2
2, 10, [10], [2], [33.077076], 1
12, 12, [12], [12], [33.06155], 1
12, 15, [15], [12], [33.090504], 1
10, 13, [13], [10], [33.097393], 1
12, 2, [2], [12], [33.060745], 1
4, 15, [15  9 15  7], [4 8 4 4], [19.686827 11.008324 24.932392 33.082623], 4
2, 4, [4 8], [2 2], [32.925186 33.118195], 2
3, 11, [11], [3], [33.079117], 1
4, 7, [7], [4], [33.082607], 1
11, 5, [5], [11], [33.032356], 1
9, 8, [8], [9], [33.08668], 1
10, 15, [15], [10], [33.082184], 1
7, 15, [15 11  4  7  4  7  8], [5 0 7 0 7 0 0], [-36.769867 -11.404793 -12.490763 -29.259052 -28.894325 -43.264988
 -38.904217], 7
2, 14, [14], [2], [33.066666], 1
12, 10, [10], [12], [33.08586], 1
0, 6, [6], [0], [33.129707], 1
2, 12, [12  7], [0 2], [-10.104542  33.077538], 2
10, 12, [12], [10], [33.077187], 1
3, 13, [13], [3], [33.09903], 1
2, 2, [2], [2], [33.0628], 1
0, 1, [ 1 11], [7 0], [-10.109859  33.092735], 2
12, 7, [7], [12], [33.069836], 1
5, 16, [16 14], [9 5], [-10.030373  33.063553], 2
3, 7, [7], [3], [33.096165], 1
6, 8, [8 7], [6 6], [32.96157  33.072163], 2
12, 6, [6], [12], [33.12047], 1
10, 5, [5], [10], [33.03166], 1
10, 8, [8], [10], [33.08598], 1
7, 15, [15  7  1  8], [5 7 7 7], [-15.519207  24.01487   24.891197  33.09285 ], 4
9, 16, [16], [9], [33.12395], 1

4, 2, [2], [4], [33.060204], 1
1, 10, [10], [1], [33.111275], 1
10, 14, [14], [10], [33.065315], 1
12, 12, [12], [12], [33.06157], 1
9, 7, [7], [9], [33.07288], 1
5, 6, [6 7], [5 5], [32.97734  33.091732], 2
3, 7, [7], [3], [33.096344], 1
6, 3, [ 3 12  6], [6 0 6], [22.581974 15.925839 33.128082], 3
8, 14, [14], [8], [33.064865], 1
5, 4, [ 4 13], [6 5], [-10.072609  33.116547], 2
11, 12, [12], [11], [33.051334], 1
7, 5, [ 5 13 16], [6 0 7], [-20.382893  15.974636  33.128162], 3
11, 15, [15  4], [10 11], [-10.0702915  33.079025 ], 2
9, 3, [3], [9], [33.032455], 1
1, 5, [5], [1], [33.025528], 1
0, 13, [13], [0], [33.098778], 1
7, 2, [ 2 10  7 14 12  6 16], [7 5 7 5 7 7 7], [10.594543  -4.112138  -0.3355937 -9.026239   4.8550134 13.010332
 33.130463 ], 7
0, 15, [15  3 10 16], [6 6 2 0], [-27.997246    3.2104356  11.973011   33.1593   ], 4
7, 8, [ 8  2 14  2  6 11  7], [0 7 7 7 0 0 0], [-27.823423    3.4676256  -9.349707  -24.019606  -41.828423  -43.26381
 -38.922455 ], 7
4, 7, [7], [4], [33.082607], 1
4, 1, [1 2], [8 4], [-10.126648  33.060455], 2
1, 2, [2], [1], [33.06109], 1
9, 4, [4], [9], [33.073326], 1
10, 9, [9], [10], [33.05553], 1
12, 5, [5], [12], [33.032825], 1
0, 4, [ 4 10 16], [5 6 0], [-20.35354    15.9825325  33.163185 ], 3
5, 7, [ 7 14], [5 5], [32.92631  33.062782], 2
8, 11, [11], [8], [33.06887], 1
5, 1, [ 1 12], [2 5], [-10.139841  33.043243], 2
7, 3, [ 3 13 14], [2 0 7], [-20.415003  15.932581  33.05807 ], 3
10, 10, [10], [10], [33.08129], 1
11, 7, [7], [11], [33.072685], 1

11, 6, [6], [11], [33.11663], 1
1, 3, [3], [1], [33.023304], 1
8, 8, [ 8 10], [8 8], [32.951324 33.093323], 2
3, 16, [16  9  7], [2 2 3], [-20.307983  15.904518  33.096615], 3
10, 2, [2], [10], [33.06115], 1
6, 4, [ 4  8  9  3  9 14], [6 6 6 6 6 6], [22.755764 16.163946 11.742788 11.159904 16.892006 33.075268], 6
10, 8, [8 6], [10 10], [32.95868  33.120983], 2
7, 14, [14  6 16], [7 0 7], [22.664463 16.006607 33.128162], 3
4, 14, [14], [4], [33.062424], 1
6, 6, [6], [6], [33.12782], 1
4, 13, [13], [4], [33.104862], 1
9, 10, [10], [9], [33.090183], 1
7, 10, [10  7  9 14 10 13  8], [6 7 7 5 5 0 7], [-27.29304     4.368792   -7.8522625 -21.50275   -15.939173   -0.0473175
  33.09285  ], 7
4, 2, [2], [4], [33.060486], 1
9, 9, [9], [9], [33.063614], 1
3, 12, [12  7], [0 3], [-10.093327  33.096516], 2
11, 11, [11], [11], [33.06523], 1
0, 14, [14], [0], [33.06562], 1
0, 3, [3 9 5 6], [6 6 6 0], [-28.055765    3.1951737  11.910786   33.13002  ], 4
2, 4, [ 4 10], [6 2], [-10.096113  33.077023], 2
10, 9, [9], [10], [33.05553], 1
7, 5, [ 5  6 13  9 14 16 13], [0 0 0 7 0 0 0], [-40.331688 -17.273682 -22.3405   -24.06242  -41.855415 -43.19731
 -38.90305 ], 7
5, 5, [ 5 10 16], [0 5 5], [-12.585705  28.969532  33.142822], 3
10, 6, [6], [10], [33.12205], 1
3, 1, [ 1  3  9 12  8], [2 6 6 2 3], [-33.49908    -5.8882637  -3.1905055   7.935706   33.139656 ], 5
6, 7, [7], [6], [33.072567], 1
9, 9, [9], [9], [33.063553], 1
12, 7, [7], [12], [33.069836], 1
5, 12, [12 16], [2 5], [-10.062527  33.14242 ], 2
2, 8, [8], [2], [33.118008], 1
1, 8, [8], [1], [33.116592], 1
11, 10, [10], [11], [33.089863], 1

5, 5, [ 5 10  6], [6 2 5], [-20.394318  15.955245  33.12552 ], 3
12, 7, [7], [12], [33.069836], 1
10, 13, [13], [10], [33.097404], 1
7, 1, [ 1 13 16 13 12 10 16], [2 0 0 0 5 7 0], [-42.125816 -20.264849 -27.269894 -32.3555   -34.087646 -30.220737
 -38.856594], 7
11, 13, [13], [11], [33.096333], 1
0, 14, [14  3 10  8], [0 7 5 0], [14.979467  3.193322 11.943121 33.10166 ], 4
6, 1, [1 6], [2 6], [-10.089619  33.12804 ], 2
8, 9, [ 9 16], [8 8], [32.93     33.135216], 2
12, 11, [11], [12], [33.0617], 1
2, 10, [10], [2], [33.07752], 1
11, 14, [14], [11], [33.053722], 1
11, 16, [16  1], [ 3 11], [-9.996677 33.039192], 2
3, 13, [13], [3], [33.098938], 1
5, 7, [ 7 16], [5 5], [32.97398  33.142925], 2
3, 10, [10], [3], [33.0803], 1
12, 4, [4], [12], [33.059322], 1
9, 4, [4], [9], [33.07322], 1
2, 9, [ 9 13], [6 2], [-10.084398  33.1124  ], 2
7, 8, [8 1 6], [0 7 7], [-12.551056  28.91755   33.133682], 3
12, 11, [11], [12], [33.0617], 1
5, 15, [15 11  5  3  8], [5 5 5 7 5], [22.032543 14.93273   9.769186  7.89682  33.11577 ], 5
10, 10, [10], [10], [33.081364], 1
9, 7, [7], [9], [33.07288], 1
6, 11, [11], [6], [33.077778], 1
12, 6, [6], [12], [33.12047], 1
12, 9, [9], [12], [33.0522], 1
11, 14, [14], [11], [33.05359], 1
6, 11, [11], [6], [33.077816], 1
2, 5, [5 8], [5 2], [-10.098438  33.118103], 2
12, 11, [11], [12], [33.0617], 1
3, 10, [10 13], [3 3], [32.93867 33.09886], 2
9, 8, [8], [9], [33.08669], 1

7, 6, [6 2 8 2], [7 7 0 7], [22.868484 16.22761  11.940231 33.069283], 4
10, 9, [9], [10], [33.055607], 1
5, 15, [15  9], [5 5], [32.903034 33.04626 ], 2
0, 7, [7], [0], [33.08082], 1
9, 14, [14], [9], [33.06641], 1
1, 16, [16], [1], [33.17496], 1
1, 13, [13], [1], [33.111866], 1
4, 16, [16], [4], [33.179054], 1
4, 10, [10  4 13], [4 4 4], [30.458572 28.92138  33.104843], 3
11, 2, [2], [11], [33.061813], 1
9, 11, [11], [9], [33.0556], 1
7, 4, [ 4 13 16], [5 0 7], [-20.359596  15.973461  33.126556], 3
3, 9, [ 9 10], [6 3], [-10.1045   33.07905], 2
3, 14, [14], [3], [33.06562], 1
12, 2, [2], [12], [33.060776], 1
2, 16, [16], [2], [33.144516], 1
11, 4, [4], [11], [33.078327], 1
6, 6, [6], [6], [33.127846], 1
10, 8, [8], [10], [33.087296], 1
1, 10, [10], [1], [33.111275], 1
4, 1, [1 8], [4 4], [32.90179  33.107967], 2
12, 9, [9], [12], [33.0522], 1
6, 1, [1 6 7], [0 6 6], [-12.582306  28.971518  33.073395], 3
5, 14, [14], [5], [33.063057], 1
5, 9, [ 9  8 16], [6 5 5], [-12.559189  28.987883  33.1427  ], 3
12, 1, [1], [12], [33.039917], 1
3, 14, [14], [3], [33.065628], 1
12, 12, [12], [12], [33.061554], 1
0, 9, [ 9 16 13], [5 0 0], [-12.535988  29.027126  33.097523], 3
6, 7, [7], [6], [33.073532], 1
10, 5, [5], [10], [33.031662], 1
11, 7, [7], [11], [33.072678], 1

0, 16, [16  6], [0 0], [33.046288 33.129456], 2
12, 1, [1], [12], [33.039917], 1
3, 6, [6], [3], [33.11806], 1
1, 1, [1], [1], [33.033005], 1
4, 13, [13], [4], [33.10524], 1
12, 8, [8], [12], [33.09387], 1
11, 7, [7], [11], [33.07268], 1
1, 10, [10], [1], [33.111256], 1
3, 14, [14], [3], [33.065647], 1
12, 13, [13], [12], [33.095955], 1
12, 14, [14], [12], [33.053223], 1
8, 14, [14], [8], [33.064995], 1
10, 15, [15 11], [11 10], [-10.06428   33.055786], 2
11, 2, [2], [11], [33.06183], 1
4, 3, [ 3 16], [4 4], [32.933334 33.17892 ], 2
7, 11, [11 15 16], [5 5 7], [-20.36016   15.95216   33.123238], 3
11, 3, [3], [11], [33.031258], 1
10, 14, [14], [10], [33.065254], 1
3, 11, [11], [3], [33.079018], 1
7, 1, [ 1 10  2  6 11], [2 6 7 7 7], [-25.962776   6.672199  17.644188  20.970602  33.064247], 5
12, 12, [12], [12], [33.061554], 1
4, 8, [8], [4], [33.10404], 1
2, 11, [11], [2], [33.05721], 1
4, 11, [11], [4], [33.08595], 1
11, 10, [10], [11], [33.08988], 1
10, 1, [1], [10], [33.03933], 1
9, 4, [4], [9], [33.073475], 1
5, 10, [10 13], [6 5], [-10.045954  33.112125], 2
6, 13, [13], [6], [33.159775], 1
12, 10, [10], [12], [33.085857], 1
12, 2, [2], [12], [33.06079], 1
6, 9, [9 7], [6 6], [32.89186  33.072548], 2

2, 12, [12], [2], [33.05486], 1
4, 13, [13], [4], [33.10486], 1
11, 6, [6], [11], [33.116623], 1
0, 5, [5 6], [0 0], [32.909824 33.129673], 2
2, 11, [11], [2], [33.05726], 1
0, 1, [ 1 12 16], [7 2 0], [-20.397644  15.946407  33.16164 ], 3
7, 5, [5 6], [0 7], [-10.088533  33.132084], 2
0, 9, [9 4 2], [5 6 0], [-20.3982    15.923408  33.110558], 3
1, 12, [12], [1], [33.043133], 1
12, 4, [4], [12], [33.059338], 1
9, 7, [7], [9], [33.072884], 1
11, 3, [3], [11], [33.03116], 1
10, 3, [3], [10], [33.02894], 1
12, 2, [2], [12], [33.060783], 1
11, 7, [7], [11], [33.072674], 1
3, 3, [3 8], [3 3], [32.911377 33.140076], 2
12, 2, [2], [12], [33.060783], 1
1, 7, [7], [1], [33.078766], 1
0, 15, [15 12  6], [5 6 0], [-20.37001   15.927088  33.129715], 3
11, 11, [11], [11], [33.065277], 1
1, 1, [1], [1], [33.033005], 1
10, 11, [11 10], [ 5 10], [-10.085209  33.081123], 2
8, 12, [12  6], [8 8], [32.93002 33.1313 ], 2
6, 8, [ 8 12  6  1 16], [6 6 6 6 6], [24.912405 19.656849 17.67748  20.915735 33.13878 ], 5
3, 13, [13], [3], [33.098984], 1
12, 15, [15], [12], [33.090508], 1
12, 13, [13], [12], [33.095947], 1
8, 10, [10  6], [4 8], [-10.0162735  33.13365  ], 2
4, 8, [8], [4], [33.105907], 1
12, 3, [3], [12], [33.033672], 1
7, 3, [3 8], [6 7], [-10.117569  33.09327 ], 2
2, 9, [ 9 13], [6 2], [-10.084444  33.112396], 2

6, 4, [ 4 10 13], [5 6 6], [-12.54965   28.988958  33.17092 ], 3
0, 2, [2], [0], [33.12128], 1
5, 3, [3], [5], [33.023857], 1
6, 10, [10  7], [6 6], [32.929024 33.073643], 2
9, 14, [14 15], [9 9], [32.91281  33.078594], 2
7, 13, [13  8], [0 7], [-10.0473175  33.09285  ], 2
5, 1, [1 8], [6 5], [-10.096552  33.115875], 2
12, 4, [4], [12], [33.059338], 1
2, 15, [15  6], [5 2], [-10.047564  33.131996], 2
12, 2, [2], [12], [33.06074], 1
12, 6, [6], [12], [33.12047], 1
0, 11, [11], [0], [33.091644], 1
4, 12, [12  5  3 16], [4 8 4 4], [19.6456   10.991328 24.933334 33.17892 ], 4
8, 2, [2], [8], [33.059364], 1
11, 7, [7], [11], [33.072678], 1
3, 5, [5], [3], [33.026733], 1
5, 4, [ 4 12], [6 5], [-10.116922  33.043358], 2
8, 13, [13], [8], [33.107952], 1
10, 7, [7], [10], [33.073822], 1
2, 10, [10 16], [2 2], [32.967625 33.1452  ], 2
6, 10, [10  4 16], [6 5 6], [22.651009 15.941007 33.140053], 3
7, 4, [ 4  6  7 13 10  2 14], [5 7 7 0 5 7 5], [-29.62426      0.53122044 -14.334721   -32.358116   -34.091816
 -30.301723   -38.939247  ], 7
7, 1, [ 1 12  8 10 15 13  3], [7 6 0 5 5 0 0], [ -0.18380356 -22.030405   -30.131645   -37.046467   -41.893143
 -43.285      -38.969635  ], 7
3, 12, [12  2], [3 3], [32.88041  33.058254], 2
3, 13, [13], [3], [33.098953], 1
4, 4, [4 7], [4 4], [32.908047 33.082626], 2
11, 3, [3], [11], [33.03112], 1
1, 1, [1], [1], [33.033005], 1
12, 15, [15], [12], [33.090508], 1
5, 2, [2 9], [5 5], [32.886127 33.046432], 2
12, 16, [16], [12], [33.127964], 1
1, 6, [6], [1], [33.091896], 1

5, 2, [ 2  5 16], [5 0 5], [22.609398 15.917545 33.141796], 3
6, 3, [ 3 11], [12  6], [-10.123911  33.07776 ], 2
6, 14, [14], [6], [33.074066], 1
11, 5, [ 5 16], [12 11], [-10.093939  33.122417], 2
7, 3, [ 3  8 13 16], [6 0 0 7], [-28.003056    3.2829242  11.973771   33.126842 ], 4
7, 15, [15 16 15 16  5 16 11], [5 0 7 0 0 0 7], [-3.5032261e+01 -8.5098858e+00 -7.7573376e+00 -2.1441568e+01
 -1.5976808e+01 -2.0509720e-02  3.3058285e+01], 7
12, 5, [5], [12], [33.032825], 1
3, 2, [2], [3], [33.058334], 1
6, 2, [2], [6], [33.091984], 1
12, 10, [10], [12], [33.08586], 1
3, 5, [5 7], [0 3], [-10.109741  33.09649 ], 2
12, 14, [14], [12], [33.05322], 1
12, 3, [3], [12], [33.033672], 1
5, 12, [12], [5], [33.045612], 1
3, 4, [ 4 11], [6 3], [-10.094923  33.079075], 2
8, 15, [15 11], [8 8], [32.928436 33.06354 ], 2
10, 13, [13], [10], [33.09729], 1
8, 4, [ 4 11], [4 8], [-10.099058  33.068924], 2
12, 15, [15], [12], [33.090508], 1
12, 11, [11], [12], [33.0617], 1
12, 4, [4], [12], [33.05935], 1
6, 1, [ 1 11], [2 6], [-10.119701  33.07816 ], 2
2, 3, [ 3  5  9 13], [6 2 6 2], [-20.26622   16.179716  11.915703  33.11241 ], 4
2, 2, [2], [2], [33.062763], 1
0, 7, [7], [0], [33.0809], 1
1, 8, [8], [1], [33.116547], 1
7, 6, [ 6 16], [0 7], [-9.993628 33.12816 ], 2
5, 2, [2 6], [5 5], [32.9328 33.1223], 2
1, 15, [15], [1], [33.06346], 1
10, 4, [4], [10], [33.06996], 1
5, 3, [3 8], [6 5], [-10.104578  33.115875], 2
12, 10, [10 14], [10 12], [-10.0853615  33.05299  ], 2

11, 6, [6], [11], [33.116623], 1
2, 16, [16], [2], [33.144726], 1
7, 11, [11], [7], [33.062737], 1
3, 9, [9 7], [6 3], [-10.093908  33.09652 ], 2
9, 2, [2], [9], [33.06082], 1
3, 6, [6], [3], [33.118126], 1
4, 16, [16], [4], [33.1719], 1
5, 14, [14 12 16], [5 5 5], [30.42125 28.93229 33.14306], 3
3, 3, [ 3 14], [12  3], [-10.132591  33.065628], 2
0, 11, [11], [0], [33.091625], 1
11, 4, [4], [11], [33.07798], 1
11, 15, [15], [11], [33.101715], 1
4, 11, [11], [4], [33.08564], 1
2, 3, [3 2], [0 2], [-10.135204  33.062733], 2
9, 15, [15], [9], [33.07819], 1
12, 1, [1], [12], [33.03992], 1
10, 12, [12], [10], [33.077034], 1
10, 9, [9], [10], [33.055614], 1
2, 10, [10], [2], [33.078163], 1
6, 11, [11], [6], [33.077896], 1
10, 2, [2], [10], [33.060913], 1
12, 15, [15], [12], [33.090515], 1
11, 9, [9], [11], [33.056984], 1
11, 1, [1], [11], [33.03951], 1
9, 13, [13], [9], [33.096626], 1
0, 2, [2], [0], [33.122074], 1
12, 7, [7], [12], [33.069836], 1
12, 10, [10], [12], [33.08586], 1
4, 15, [15  9  6], [8 8 4], [-20.344193  15.938058  33.148525], 3
5, 6, [ 6 11 12], [9 0 5], [-20.338062  15.913424  33.042973], 3
3, 14, [14], [3], [33.06566], 1
11, 1, [1], [11], [33.03996], 1

8, 4, [ 4 10  5 13], [8 4 8 8], [19.689333 11.047103 24.896439 33.108505], 4
5, 13, [13], [5], [33.11353], 1
11, 15, [15], [11], [33.099342], 1
12, 6, [6], [12], [33.12047], 1
0, 1, [1 2], [2 0], [-10.092726  33.1219  ], 2
8, 15, [15  7  2], [8 8 8], [30.4429   28.916338 33.059216], 3
12, 4, [4], [12], [33.05941], 1
7, 11, [11], [7], [33.062862], 1
12, 7, [7], [12], [33.069836], 1
2, 11, [11], [2], [33.05714], 1
2, 6, [6], [2], [33.13197], 1
1, 5, [5], [1], [33.02552], 1
10, 15, [15], [10], [33.082375], 1
12, 3, [3], [12], [33.033672], 1
5, 4, [ 4 16], [6 5], [-10.057446  33.14203 ], 2
7, 3, [ 3  6  2  8  9 10  5], [3 0 5 7 7 5 0], [-38.667465 -14.488925 -17.699337 -16.262121 -28.925228 -43.291084
 -38.965782], 7
7, 12, [12  6], [0 7], [-10.071722  33.132084], 2
12, 16, [16], [12], [33.12656], 1
1, 14, [14], [1], [33.076817], 1
9, 6, [6], [9], [33.109142], 1
2, 16, [16], [2], [33.14459], 1
7, 7, [ 7 12  8  9 15 11], [5 0 7 7 5 7], [-29.71795      0.32719064   7.131109     3.396822     3.9123297
  33.062973  ], 6
3, 5, [ 5 11], [5 3], [-10.12248   33.079124], 2
9, 8, [8], [9], [33.08669], 1
8, 12, [12  2], [4 8], [-10.114059  33.059128], 2
0, 16, [16], [0], [33.161354], 1
3, 3, [ 3 12  1], [6 3 3], [-12.65457   28.865873  33.034782], 3
0, 14, [14], [0], [33.06572], 1
3, 2, [2], [3], [33.058502], 1
2, 14, [14], [2], [33.066666], 1
12, 1, [1], [12], [33.039917], 1
5, 16, [16 10], [9 5], [-10.023945  33.078156], 2

5, 14, [14], [5], [33.06347], 1
1, 6, [6], [1], [33.092003], 1
8, 5, [5 2], [4 8], [-10.133303  33.059162], 2
3, 11, [11], [3], [33.079216], 1
2, 8, [8], [2], [33.118122], 1
9, 11, [11], [9], [33.055466], 1
6, 12, [12 14], [6 6], [32.894268 33.074715], 2
10, 11, [11], [10], [33.055866], 1
9, 3, [3], [9], [33.03243], 1
8, 13, [13], [8], [33.108086], 1
3, 5, [ 5  9 16], [0 5 3], [-20.395283  15.953981  33.17865 ], 3
9, 4, [ 4 13], [9 9], [32.93361  33.096313], 2
5, 10, [10 13], [6 5], [-10.042854  33.11873 ], 2
0, 5, [5 9 7], [7 5 0], [-20.42997   15.895834  33.08088 ], 3
11, 6, [6], [11], [33.11665], 1
0, 11, [11], [0], [33.092213], 1
8, 7, [7], [8], [33.080273], 1
10, 14, [14], [10], [33.065342], 1
4, 9, [9 6], [8 4], [-10.062218  33.148026], 2
11, 11, [11], [11], [33.065266], 1
3, 1, [ 1 11], [7 3], [-10.118107  33.079136], 2
11, 10, [10], [11], [33.08985], 1
2, 14, [14], [2], [33.066673], 1
9, 11, [11], [9], [33.055546], 1
12, 13, [13], [12], [33.09596], 1
1, 1, [1], [1], [33.033005], 1
12, 2, [2], [12], [33.06074], 1
0, 4, [ 4 15 14], [6 6 0], [-20.392342  15.917488  33.066467], 3
10, 4, [4], [10], [33.069828], 1
2, 4, [4 7], [5 2], [-10.096802  33.07751 ], 2
10, 5, [5], [10], [33.031654], 1
1, 11, [11], [1], [33.101078], 1

----------------------train at epoch 2-----------------------------
9, 15, [15 14], [11  9], [-10.066111  33.066174], 2
8, 1, [1 4 8], [4 8 8], [-12.615488  28.91554   33.090782], 3
11, 14, [14], [11], [33.053474], 1
0, 2, [2], [0], [33.11054], 1
11, 15, [15], [11], [33.09965], 1
12, 16, [16 14], [ 9 12], [-10.045071  33.052986], 2
12, 16, [16], [12], [33.12657], 1
7, 15, [15 13  8 16], [5 0 0 7], [-27.958994    3.2825258  11.974768   33.126842 ], 4
5, 11, [11], [5], [33.0785], 1
9, 2, [2], [9], [33.06082], 1
12, 16, [16], [12], [33.126556], 1
2, 6, [6], [2], [33.13214], 1
9, 3, [3], [9], [33.032455], 1
0, 12, [12  8], [6 0], [-10.089342  33.102047], 2
1, 12, [12], [1], [33.04313], 1
12, 12, [12], [12], [33.06155], 1
11, 11, [11], [11], [33.065258], 1
7, 9, [ 9  8 14], [6 0 7], [-20.392147   15.9326515  33.05807  ], 3
9, 16, [16], [9], [33.12396], 1
12, 6, [6], [12], [33.120422], 1
12, 11, [11], [12], [33.0617], 1
4, 10, [10 14], [4 4], [32.943375 33.062386], 2
1, 8, [8], [1], [33.116535], 1
1, 16, [16], [1], [33.17504], 1
10, 10, [10], [10], [33.08122], 1
0, 11, [11], [0], [33.091644], 1
12, 14, [14], [12], [33.053223], 1
10, 5, [5], [10], [33.03166], 1
1, 7, [7], [1], [33.078777], 1
5, 10, [10 15  6 15 16], [5 5 7 5 5], [20.224094 11.900427  4.710815 20.966564 33.1427  ], 5
7, 8, [ 8 13  5 11], [0 0 7 7], [-23.289473  11.021589  24.873085  33.06211 ], 4
2, 14, [14], [2], [33.066677], 1

6, 11, [11], [6], [33.077816], 1
7, 10, [10 13  2  6  8], [6 0 7 7 7], [-25.900517    6.6896625  17.654484   20.987764   33.09285  ], 5
1, 14, [14], [1], [33.076813], 1
6, 8, [8], [6], [33.117844], 1
12, 3, [3], [12], [33.03373], 1
2, 4, [ 4 16], [2 2], [32.94139  33.145203], 2
0, 6, [6], [0], [33.12937], 1
7, 8, [ 8 14 11  8], [7 0 5 7], [15.024215   3.2187324 11.926226  33.09034  ], 4
4, 13, [13], [4], [33.104866], 1
0, 15, [15 10  8], [6 6 0], [-20.354895  15.945625  33.101673], 3
4, 11, [11], [4], [33.08559], 1
12, 9, [9], [12], [33.0522], 1
6, 10, [10 15  6], [6 5 6], [22.656204 15.952255 33.128082], 3
11, 2, [2], [11], [33.06183], 1
2, 6, [6], [2], [33.13224], 1
8, 8, [8], [8], [33.0911], 1
3, 14, [14], [3], [33.065628], 1
12, 13, [13], [12], [33.09594], 1
6, 7, [7], [6], [33.073532], 1
9, 10, [10 13], [9 9], [32.947884 33.096313], 2
6, 12, [12 16], [5 6], [-10.067488  33.13906 ], 2
6, 2, [2], [6], [33.09331], 1
10, 7, [7], [10], [33.073845], 1
6, 7, [7], [6], [33.072567], 1
4, 8, [8], [4], [33.108036], 1
6, 10, [10 11], [6 6], [32.931705 33.07811 ], 2
9, 1, [1], [9], [33.045914], 1
11, 12, [12], [11], [33.051083], 1
5, 7, [ 7 10], [5 5], [32.935627 33.079   ], 2
12, 10, [10], [12], [33.08586], 1
9, 13, [13], [9], [33.096344], 1
6, 13, [13], [6], [33.171757], 1

10, 1, [1], [10], [33.03937], 1
12, 12, [12], [12], [33.06157], 1
3, 12, [12 16], [2 3], [-10.040014  33.180122], 2
9, 8, [8], [9], [33.086727], 1
12, 3, [3], [12], [33.033672], 1
5, 6, [6 7], [9 5], [-10.0292    33.100185], 2
7, 6, [ 6  4 13  7], [0 5 0 7], [-27.936771    3.2209172  11.940395   33.071445 ], 4
3, 3, [ 3 16], [6 3], [-10.066101  33.179764], 2
1, 16, [16], [1], [33.175106], 1
3, 11, [11], [3], [33.079018], 1
4, 6, [6], [4], [33.143932], 1
1, 12, [12], [1], [33.04312], 1
7, 1, [ 1  6  8 10  7  6 14], [2 0 7 5 5 0 5], [-38.45095  -14.142138 -17.121357 -37.023952 -41.85389  -43.232704
 -38.938915], 7
8, 3, [ 3 12  7  6], [8 8 8 8], [27.443405 24.027058 24.959698 33.1313  ], 4
3, 10, [10  3  7], [3 2 3], [22.609074 15.882867 33.09652 ], 3
12, 12, [12], [12], [33.06156], 1
9, 16, [16], [9], [33.12434], 1
3, 5, [5 7], [0 3], [-10.109741  33.09649 ], 2
5, 9, [9], [5], [33.04745], 1
10, 10, [10], [10], [33.081234], 1
12, 15, [15], [12], [33.090504], 1
11, 6, [6], [11], [33.116623], 1
11, 15, [15], [11], [33.101715], 1
11, 3, [3], [11], [33.03118], 1
10, 6, [ 6 13], [ 9 10], [-10.028326  33.097202], 2
2, 10, [10], [2], [33.077076], 1
9, 10, [10], [9], [33.090183], 1
8, 15, [15  6  3 15  8], [8 4 4 8 8], [12.4379835 -1.0973778  4.596635  20.95105   33.091064 ], 5
6, 10, [10 11], [6 6], [32.932884 33.077717], 2
9, 14, [14], [9], [33.066162], 1
12, 4, [4], [12], [33.05933], 1
11, 14, [14], [11], [33.05359], 1

4, 11, [11], [4], [33.089005], 1
11, 10, [10], [11], [33.08982], 1
12, 13, [13], [12], [33.09595], 1
4, 14, [14], [4], [33.062294], 1
11, 1, [1], [11], [33.040348], 1
4, 7, [7], [4], [33.082607], 1
8, 13, [13], [8], [33.10832], 1
8, 11, [11 12  6], [8 4 8], [22.627804 15.929989 33.131496], 3
1, 10, [10], [1], [33.111256], 1
5, 11, [11 12], [7 5], [-10.110548  33.043304], 2
2, 16, [16], [2], [33.144726], 1
2, 11, [11], [2], [33.05721], 1
12, 2, [2], [12], [33.060783], 1
6, 3, [3 7], [3 6], [-10.130632  33.071827], 2
12, 9, [9], [12], [33.0522], 1
6, 5, [ 5  4 13], [5 6 6], [-12.592899  28.960888  33.172005], 3
1, 9, [9], [1], [33.04609], 1
8, 4, [4 1], [4 8], [-10.116268  33.040718], 2
12, 8, [8], [12], [33.09387], 1
5, 15, [15], [5], [33.066025], 1
11, 14, [14], [11], [33.053734], 1
2, 8, [8], [2], [33.11798], 1
11, 9, [9], [11], [33.05719], 1
1, 8, [8], [1], [33.116547], 1
12, 3, [3], [12], [33.03367], 1
10, 6, [6], [10], [33.123077], 1
2, 3, [3 8], [6 2], [-10.1028    33.118103], 2
3, 1, [ 1 13], [2 3], [-10.106758  33.098938], 2
9, 9, [9], [9], [33.063614], 1
9, 7, [7], [9], [33.072884], 1
8, 15, [15 11  7  8], [8 8 8 8], [27.507607 24.031221 24.935383 33.090782], 4
5, 5, [ 5 15 11 12  4  8], [5 5 6 6 6 5], [ 13.549322     0.86686707 -13.674634    -9.593917     3.926587
  33.115852  ], 6

12, 5, [5], [12], [33.032825], 1
3, 15, [15 16], [0 3], [-10.014048  33.17865 ], 2
12, 1, [1], [12], [33.03991], 1
8, 6, [6], [8], [33.13098], 1
8, 11, [11], [8], [33.06344], 1
4, 16, [16], [4], [33.178722], 1
8, 8, [ 8  7  1 16 10  9  2], [8 4 8 4 8 8 8], [10.624657   -4.116451   -0.33045626 -8.94596     4.833028   12.884272
 33.05934   ], 7
2, 1, [1 7], [2 2], [32.880173 33.077538], 2
10, 11, [11], [10], [33.05586], 1
11, 7, [7], [11], [33.072674], 1
10, 4, [4], [10], [33.070137], 1
2, 7, [7], [2], [33.0775], 1
1, 2, [2], [1], [33.06109], 1
6, 11, [11], [6], [33.077896], 1
12, 4, [4], [12], [33.05932], 1
4, 6, [6], [4], [33.146084], 1
8, 7, [ 7 15  6 16], [4 8 4 8], [-20.13606   16.302814  12.021032  33.135216], 4
2, 3, [ 3 13], [2 2], [32.892605 33.112415], 2
11, 13, [13], [11], [33.09633], 1
7, 13, [13 14], [0 7], [-10.067085  33.058746], 2
6, 2, [2], [6], [33.09359], 1
11, 2, [2], [11], [33.061813], 1
3, 6, [6], [3], [33.11809], 1
3, 13, [13], [3], [33.09903], 1
10, 12, [12], [10], [33.076485], 1
6, 4, [4 8], [6 6], [32.928696 33.118412], 2
1, 4, [4], [1], [33.055317], 1
11, 8, [8], [11], [33.086315], 1
3, 16, [16], [3], [33.17914], 1
10, 10, [10], [10], [33.081226], 1
12, 16, [16], [12], [33.126556], 1
12, 15, [15], [12], [33.090508], 1

3, 14, [14], [3], [33.06565], 1
10, 14, [14], [10], [33.065315], 1
2, 16, [16], [2], [33.14439], 1
2, 15, [15 11], [5 2], [-10.097017  33.05718 ], 2
10, 7, [7], [10], [33.073845], 1
6, 2, [2], [6], [33.093414], 1
0, 14, [14  2], [0 0], [32.932117 33.114403], 2
5, 10, [10  7 11], [6 5 5], [-12.554382  28.935263  33.080273], 3
10, 13, [13], [10], [33.09743], 1
7, 12, [12 13  6], [0 0 7], [-20.364246  15.977876  33.133682], 3
12, 6, [6], [12], [33.120464], 1
9, 16, [16], [9], [33.123695], 1
12, 14, [14], [12], [33.05322], 1
8, 9, [ 9 14], [8 8], [32.887802 33.064884], 2
8, 1, [ 1 16 13], [4 4 8], [-20.343073  16.034557  33.10822 ], 3
9, 15, [15], [9], [33.07819], 1
7, 8, [ 8  4 16], [0 7 7], [-12.540607  28.938984  33.13016 ], 3
1, 10, [10], [1], [33.111275], 1
5, 15, [15 13], [5 5], [32.941574 33.116547], 2
9, 4, [4], [9], [33.07322], 1
4, 6, [6], [4], [33.14655], 1
10, 12, [12], [10], [33.077], 1
10, 11, [11], [10], [33.055862], 1
9, 12, [12 13], [11  9], [-10.091187  33.096313], 2
12, 10, [10], [12], [33.08586], 1
12, 11, [11], [12], [33.0617], 1
8, 15, [15 16], [8 8], [32.971447 33.135227], 2
11, 11, [11], [11], [33.065266], 1
6, 6, [6], [6], [33.12806], 1
6, 11, [11], [6], [33.077778], 1
8, 6, [6], [8], [33.134094], 1
9, 14, [14], [9], [33.065845], 1

4, 8, [8], [4], [33.105907], 1
9, 14, [14  7], [9 9], [32.90472  33.072826], 2
11, 11, [11], [11], [33.065285], 1
12, 12, [12], [12], [33.061554], 1
1, 6, [6], [1], [33.091927], 1
8, 9, [ 9 13], [8 8], [32.91387 33.10835], 2
10, 2, [2], [10], [33.06115], 1
5, 12, [12 16 13], [9 9 5], [-20.343863  16.002142  33.118362], 3
4, 12, [12 11], [4 4], [32.902763 33.086628], 2
1, 4, [4], [1], [33.055077], 1
7, 11, [11], [7], [33.062862], 1
12, 5, [5], [12], [33.03283], 1
10, 16, [16  9], [ 7 10], [-10.038631  33.055424], 2
10, 2, [2], [10], [33.060917], 1
12, 8, [8], [12], [33.093872], 1
12, 16, [16], [12], [33.127964], 1
1, 6, [6], [1], [33.09197], 1
2, 8, [8], [2], [33.117947], 1
3, 4, [ 4 15 11], [6 3 3], [-12.594454  28.913193  33.079075], 3
2, 8, [8], [2], [33.118122], 1
8, 7, [7], [8], [33.08042], 1
4, 13, [13], [4], [33.10486], 1
8, 5, [5], [8], [33.03344], 1
6, 13, [13], [6], [33.168644], 1
9, 6, [6], [9], [33.108902], 1
12, 5, [5], [12], [33.03282], 1
12, 15, [15], [12], [33.090485], 1
4, 15, [15  7], [4 4], [32.931404 33.082615], 2
5, 16, [16  8], [9 5], [-10.004494  33.116253], 2
1, 9, [9], [1], [33.046104], 1
9, 13, [13], [9], [33.096344], 1
2, 16, [16], [2], [33.14464], 1

12, 5, [5], [12], [33.032825], 1
0, 16, [16], [0], [33.161354], 1
10, 13, [13], [10], [33.097427], 1
7, 4, [ 4 11 16], [2 5 7], [-20.377865  15.946066  33.12324 ], 3
5, 9, [9], [5], [33.048386], 1
10, 16, [16  7], [ 7 10], [-10.026691  33.07383 ], 2
0, 9, [ 9 11], [5 0], [-10.096632  33.09272 ], 2
3, 5, [5 2], [0 3], [-10.1326885  33.058304 ], 2
0, 13, [13], [0], [33.101517], 1
3, 12, [12 11], [3 3], [32.892952 33.079155], 2
11, 16, [16 14], [ 3 11], [-9.988192 33.053337], 2
2, 13, [13], [2], [33.11238], 1
6, 12, [12 15 11], [0 5 6], [-20.399805   15.9186735  33.07816  ], 3
10, 13, [13], [10], [33.097393], 1
5, 2, [ 2 14], [5 5], [32.896877 33.063343], 2
0, 7, [7], [0], [33.082237], 1
12, 11, [11], [12], [33.0617], 1
8, 2, [ 2  9  6  8  4 13], [8 8 4 8 4 8], [16.40601    5.5776014 -5.7854385  3.449916   3.9243078 33.10835  ], 6
8, 12, [12  8 11], [4 4 8], [-20.384937  15.944117  33.06353 ], 3
7, 14, [14 16  5  9  5 12  8], [7 7 7 7 7 0 0], [ 16.824385    6.273142   -4.7562346 -16.316431  -28.942743  -43.293945
 -38.90219  ], 7
5, 12, [12  5  4  8], [9 6 6 5], [-28.036526    3.1868122  11.925069   33.11663  ], 4
12, 7, [7], [12], [33.069836], 1
11, 12, [12], [11], [33.0511], 1
7, 14, [14 13  8], [5 0 7], [-20.367548   15.9526825  33.09285  ], 3
6, 10, [10 14], [6 6], [32.931137 33.074554], 2
8, 2, [2], [8], [33.059364], 1
2, 9, [ 9 16], [6 2], [-10.064587  33.145203], 2
0, 14, [14  7], [0 0], [32.91578  33.082184], 2
2, 15, [15  8], [5 2], [-10.055944  33.118027], 2
3, 16, [16], [3], [33.17905], 1
0, 2, [2], [0], [33.122074], 1
12, 9, [9], [12], [33.052204], 1

0, 8, [8], [0], [33.101738], 1
2, 16, [16], [2], [33.14456], 1
12, 5, [5], [12], [33.032825], 1
8, 9, [ 9  5 13], [8 4 8], [22.586687 15.895932 33.108   ], 3
12, 11, [11], [12], [33.0617], 1
11, 9, [9], [11], [33.056965], 1
1, 4, [4], [1], [33.055176], 1
11, 7, [7], [11], [33.072678], 1
6, 8, [8], [6], [33.11829], 1
4, 14, [14], [4], [33.06225], 1
5, 4, [ 4 16], [6 5], [-10.057446  33.14203 ], 2
1, 11, [11], [1], [33.101044], 1
5, 9, [ 9  7 15], [5 5 5], [30.405895 28.930937 33.073063], 3
12, 5, [5], [12], [33.032825], 1
8, 4, [4 2], [4 8], [-10.104918  33.05916 ], 2
3, 1, [ 1 13], [2 3], [-10.106998  33.09906 ], 2
6, 13, [13], [6], [33.17146], 1
7, 5, [ 5 13 15  7], [6 0 7 7], [-23.32686   11.068022  24.950474  33.071342], 4
3, 14, [14], [3], [33.065647], 1
10, 3, [3], [10], [33.02894], 1
10, 2, [2], [10], [33.060917], 1
1, 16, [16  4], [4 1], [-9.999971 33.054993], 2
4, 7, [7], [4], [33.08261], 1
5, 7, [ 7 16], [5 5], [32.971695 33.143543], 2
5, 14, [14], [5], [33.06285], 1
8, 13, [13], [8], [33.108086], 1
1, 8, [8], [1], [33.11656], 1
2, 15, [15 11], [2 2], [32.90275 33.05712], 2
4, 9, [ 9 15  8], [8 4 4], [-12.583294  28.946362  33.105907], 3
12, 5, [5], [12], [33.032825], 1
12, 16, [16], [12], [33.12656], 1
1, 6, [6], [1], [33.092003], 1

8, 13, [13], [8], [33.107643], 1
9, 6, [6], [9], [33.109795], 1
8, 16, [16  5  8], [4 8 8], [-12.499464  28.885803  33.090782], 3
5, 12, [12  7 16], [2 5 5], [-12.562443  28.975895  33.14216 ], 3
6, 11, [11], [6], [33.07806], 1
12, 9, [9], [12], [33.0522], 1
7, 10, [10  9  2 14  6  4 16], [6 6 7 7 0 7 7], [-31.278873   -2.2721443   2.7992108  -3.8028545  -8.10544    12.941416
  33.128162 ], 7
0, 6, [6], [0], [33.12944], 1
1, 5, [5], [1], [33.025524], 1
0, 10, [10  8], [6 0], [-10.051786  33.102047], 2
12, 7, [7], [12], [33.069836], 1
2, 12, [12 11], [0 2], [-10.116793  33.05718 ], 2
3, 12, [12  2], [2 3], [-10.115194  33.058334], 2
6, 16, [16], [6], [33.13727], 1
11, 11, [11], [11], [33.065254], 1
7, 4, [ 4 16], [6 7], [-10.0660305  33.12816  ], 2
4, 4, [ 4 15  8], [8 8 4], [-20.364704   15.9586115  33.108482 ], 3
7, 15, [15 11 10  1  9 16], [5 0 7 7 7 7], [-28.019014    3.1799607  11.81716    11.192924   16.926952   33.126682 ], 6
1, 2, [2], [1], [33.06109], 1
3, 11, [11], [3], [33.079216], 1
1, 13, [13], [1], [33.11187], 1
11, 14, [14], [11], [33.053722], 1
12, 3, [3], [12], [33.033672], 1
0, 14, [14], [0], [33.06624], 1
6, 1, [ 1  5 13], [0 5 6], [-20.404955  15.93377   33.172005], 3
11, 16, [16], [11], [33.12256], 1
5, 11, [11], [5], [33.078354], 1
12, 3, [3], [12], [33.033703], 1
12, 13, [13], [12], [33.09595], 1
12, 14, [14], [12], [33.05322], 1
11, 12, [12], [11], [33.051067], 1
0, 3, [ 3  9 11], [6 6 0], [-20.43089   15.904098  33.09297 ], 3

1, 7, [7], [1], [33.078766], 1
8, 14, [14], [8], [33.065292], 1
7, 13, [13  8], [0 7], [-10.0473175  33.09285  ], 2
1, 12, [12], [1], [33.043137], 1
12, 10, [10 15], [10 12], [-10.062302  33.091423], 2
7, 10, [10  6 16 14 16  6  8], [6 0 0 0 0 0 7], [-3.9698868e+01 -1.6306662e+01 -2.0728802e+01 -2.1455532e+01
 -1.5864179e+01 -1.4492035e-02  3.3091255e+01], 7
6, 14, [14], [6], [33.071053], 1
0, 12, [12 16], [7 0], [-10.052685  33.163185], 2
10, 16, [16], [10], [33.12268], 1
3, 8, [8], [3], [33.13826], 1
3, 7, [7], [3], [33.096344], 1
3, 1, [1], [3], [33.034855], 1
2, 5, [5 2], [7 2], [-10.130234  33.062794], 2
10, 1, [1], [10], [33.039215], 1
1, 3, [3], [1], [33.0233], 1
7, 3, [ 3 16 10  2 15  1 15], [6 7 5 7 5 7 5], [-31.531849  -2.596634 -19.544659 -19.390135 -34.11264  -30.317495
 -38.922142], 7
6, 1, [ 1  9 15  7], [2 6 6 6], [-15.566271  24.000526  24.920864  33.07228 ], 4
5, 12, [12], [5], [33.04604], 1
7, 13, [13  2], [0 7], [-10.062248  33.06704 ], 2
8, 12, [12], [8], [33.05557], 1
3, 12, [12 11], [3 3], [32.892487 33.079136], 2
12, 1, [1], [12], [33.03992], 1
4, 15, [15 14], [8 4], [-10.069651  33.062294], 2
12, 7, [7], [12], [33.06983], 1
7, 13, [13  2  7  2 16 13 11], [0 5 0 5 0 0 7], [-39.75202    -16.415178   -20.803768   -21.470367   -15.89575
  -0.06525993  33.06275   ], 7
7, 10, [10  6 15 16  6 14  6], [6 0 5 0 0 7 0], [-42.06036  -20.246174 -27.29595  -32.27147  -34.02479  -30.260313
 -38.868603], 7
8, 10, [10], [8], [33.09065], 1
10, 1, [1], [10], [33.03933], 1
4, 15, [15 10 16], [8 4 4], [-12.504236  29.00465   33.164516], 3
12, 1, [1], [12], [33.039917], 1
0, 7, [7], [0], [33.080696], 1
0, 14, [14], [0], [33.06468], 1

10, 1, [1], [10], [33.039326], 1
8, 3, [ 3  1  8 13], [8 4 4 8], [14.958094   3.2189286 11.970795  33.107994 ], 4
4, 2, [2], [4], [33.060493], 1
9, 14, [14], [9], [33.06629], 1
9, 5, [5 7], [11  9], [-10.1238785  33.072826 ], 2
4, 2, [2], [4], [33.060486], 1
7, 3, [ 3  7  1 15  9 15 13], [3 5 7 5 7 5 0], [-36.832504 -11.43066  -12.527325 -29.2719   -28.91074  -43.266937
 -38.902473], 7
4, 2, [2], [4], [33.060486], 1
1, 1, [1], [1], [33.033005], 1
12, 2, [2], [12], [33.060753], 1
12, 13, [13], [12], [33.095955], 1
5, 7, [7 8], [5 5], [32.95481  33.110153], 2
12, 9, [9], [12], [33.0522], 1
5, 1, [1 2], [7 5], [-10.130953  33.05757 ], 2
7, 6, [ 6 12 16 11], [0 0 0 7], [-27.927702   3.236353  11.97949   33.058285], 4
10, 8, [8], [10], [33.086227], 1
9, 2, [2], [9], [33.06083], 1
8, 10, [10 16 12 13], [8 8 4 8], [22.87528  16.290117 11.91339  33.107994], 4
2, 3, [ 3 16], [6 2], [-10.086163  33.14511 ], 2
10, 5, [5], [10], [33.031654], 1
1, 16, [16 14], [2 1], [-9.995089 33.076828], 2
5, 2, [ 2 10  7 14], [5 5 5 5], [27.48446  24.043636 24.923206 33.06251 ], 4
12, 12, [12], [12], [33.061554], 1
7, 2, [ 2 10 14 13 11], [7 5 0 0 7], [ 9.574163  -5.8214674 -3.1778488  7.931924  33.058285 ], 5
3, 16, [16], [3], [33.17665], 1
11, 15, [15], [11], [33.099342], 1
0, 6, [6], [0], [33.129578], 1
1, 16, [16], [1], [33.17496], 1
0, 12, [12  5 15 16 13], [7 0 5 0 0], [-22.847935  11.837795   4.675481  21.012543  33.098896], 5
4, 4, [4 5 8], [8 8 4], [-20.40183   15.896702  33.10788 ], 3
0, 16, [16], [0], [33.16279], 1
10, 11, [11], [10], [33.055866], 1

10, 10, [10], [10], [33.081364], 1
10, 5, [5], [10], [33.03166], 1
12, 9, [9], [12], [33.0522], 1
5, 6, [ 6  1 11  2], [7 5 7 5], [-20.167488  16.170233  11.892996  33.054688], 4
4, 1, [1 6], [4 4], [32.926167 33.149055], 2
8, 14, [14], [8], [33.06471], 1
11, 5, [5], [11], [33.032413], 1
0, 1, [1 7], [2 0], [-10.11598  33.08314], 2
11, 9, [9], [11], [33.05712], 1
12, 9, [9], [12], [33.0522], 1
4, 10, [10 14], [4 4], [32.94     33.062286], 2
11, 7, [7], [11], [33.07267], 1
9, 8, [8], [9], [33.08669], 1
2, 9, [ 9  3  5 15  7], [6 6 2 2 2], [-26.00768     6.5734396  17.579395   20.91517    33.077503 ], 5
9, 12, [12  8], [9 9], [32.90727 33.0866 ], 2
1, 8, [8], [1], [33.116554], 1
2, 12, [12 16], [6 2], [-10.063536  33.145214], 2
12, 7, [7], [12], [33.069836], 1
12, 2, [2], [12], [33.06074], 1
3, 9, [ 9 11], [5 3], [-10.1050415  33.07912  ], 2
2, 9, [9 8], [6 2], [-10.081089  33.118027], 2
4, 12, [12], [4], [33.04462], 1
10, 7, [7], [10], [33.07384], 1
12, 7, [7], [12], [33.069836], 1
3, 6, [6 7], [3 3], [32.98023  33.096603], 2
0, 3, [ 3  6 14  6], [6 0 0 0], [-15.516988  24.094343  24.941555  33.130135], 4
9, 1, [1 4], [11  9], [-10.116425  33.073242], 2
2, 2, [2], [2], [33.062763], 1
6, 8, [8 7], [6 6], [32.961678 33.072304], 2
3, 10, [10], [3], [33.079178], 1
10, 4, [4], [10], [33.07], 1
11, 11, [11], [11], [33.06523], 1

6, 2, [2], [6], [33.093876], 1
5, 10, [10 16], [2 5], [-10.034328  33.142895], 2
9, 6, [6], [9], [33.109604], 1
6, 15, [15 16], [5 6], [-10.043362  33.13906 ], 2
6, 6, [6], [6], [33.12782], 1
12, 13, [13], [12], [33.095947], 1
5, 6, [6], [5], [33.12629], 1
2, 7, [7], [2], [33.077522], 1
5, 3, [3 8], [2 5], [-10.107937  33.11028 ], 2
10, 4, [4], [10], [33.06983], 1
3, 6, [6], [3], [33.118126], 1
3, 15, [15  2], [6 3], [-10.086954  33.058323], 2
5, 3, [ 3  2  1 15], [5 5 7 5], [22.734962 16.18442  11.875045 33.065342], 4
10, 7, [7], [10], [33.073845], 1
4, 4, [4 8], [8 4], [-10.071896  33.107967], 2
1, 13, [13], [1], [33.111874], 1
6, 12, [12 16], [6 6], [32.932945 33.139175], 2
6, 4, [ 4 12 16], [5 0 6], [-20.383041  15.933305  33.140053], 3
8, 6, [ 6  8 15 16], [4 8 8 8], [-15.408467  24.078201  24.971447  33.135227], 4
10, 15, [15], [10], [33.082184], 1
7, 3, [3 6 2 7 8], [6 0 5 0 7], [-33.436756   -5.772043   -3.172402    7.9341917  33.092896 ], 5
0, 7, [7], [0], [33.082596], 1
12, 4, [4], [12], [33.059322], 1
6, 9, [9 2], [5 6], [-10.095638  33.094498], 2
7, 16, [16 14 15  1 13 15  7], [7 5 5 7 0 5 7], [  3.3160543 -16.353935  -20.691298  -21.277866  -37.18892   -35.476486
 -25.91985  ], 7
3, 15, [15], [3], [33.06341], 1
12, 11, [11], [12], [33.0617], 1
12, 14, [14], [12], [33.053223], 1
9, 5, [5], [9], [33.031982], 1
2, 13, [13], [2], [33.11238], 1
0, 1, [ 1 10  3  4  2], [2 7 6 6 0], [-33.47009    -5.8405757  -3.214396    7.932005   33.124733 ], 5
1, 8, [8], [1], [33.11653], 1

5, 15, [15 16], [5 5], [32.95876 33.14309], 2
0, 12, [12 11], [2 0], [-10.094906  33.092785], 2
12, 12, [12], [12], [33.061554], 1
11, 1, [1], [11], [33.03945], 1
2, 11, [11], [2], [33.057213], 1
2, 14, [14], [2], [33.066666], 1
6, 4, [ 4 13], [5 6], [-10.04051  33.17114], 2
4, 1, [ 1 15  1 13], [4 4 4 4], [27.448692 24.019756 24.899748 33.10485 ], 4
4, 13, [13], [4], [33.104862], 1
2, 5, [ 5 16], [5 2], [-10.081192  33.145203], 2
12, 3, [3], [12], [33.033737], 1
8, 7, [ 7 15  7 16], [4 8 4 8], [-20.154116  16.272707  11.965178  33.138195], 4
2, 16, [16], [2], [33.14459], 1
11, 4, [4], [11], [33.078453], 1
11, 8, [8], [11], [33.086304], 1
12, 2, [2], [12], [33.060772], 1
7, 9, [ 9 11], [6 7], [-10.114153  33.06284 ], 2
7, 15, [15  8], [5 7], [-10.077032  33.09311 ], 2
1, 6, [6], [1], [33.091934], 1
4, 9, [ 9  5 12 10  1 14], [8 8 4 4 4 4], [-28.088333    3.1045434  11.788552   11.229953   16.874388   33.062294 ], 6
7, 2, [ 2 13  1  8  5 10  9], [7 0 7 0 7 0 7], [  6.8387074 -10.403692  -10.835716  -26.454214  -24.253368  -35.481976
 -25.949215 ], 7
9, 8, [8], [9], [33.08668], 1
6, 8, [8], [6], [33.118168], 1
12, 4, [4], [12], [33.059326], 1
11, 10, [10], [11], [33.08988], 1
11, 1, [1], [11], [33.03996], 1
1, 14, [14], [1], [33.076813], 1
1, 9, [9], [1], [33.046032], 1
6, 11, [11], [6], [33.077667], 1
5, 5, [ 5 13], [7 5], [-10.100155  33.112125], 2
6, 2, [2], [6], [33.093357], 1
4, 4, [ 4 16], [4 4], [32.960693 33.17672 ], 2

12, 11, [11], [12], [33.0617], 1
9, 14, [14], [9], [33.066277], 1
8, 11, [11], [8], [33.06887], 1
7, 11, [11], [7], [33.062458], 1
12, 3, [3], [12], [33.033672], 1
11, 2, [2], [11], [33.061806], 1
10, 1, [1], [10], [33.039364], 1
7, 4, [ 4  9 11 16], [6 6 0 7], [-28.005732    3.2274132  11.965675   33.126682 ], 4
4, 4, [ 4 11], [8 4], [-10.086868  33.086628], 2
12, 10, [10], [12], [33.08586], 1
12, 2, [2], [12], [33.060783], 1
9, 10, [10], [9], [33.09016], 1
8, 1, [1 8], [6 8], [-10.114508  33.08646 ], 2
1, 3, [3], [1], [33.0233], 1
8, 10, [10 11 10  6  6  8], [4 8 4 4 4 8], [-29.340778     0.92736626 -13.570673    -9.455791     3.99928
  33.091064  ], 6
12, 10, [10], [12], [33.08586], 1
1, 5, [5], [1], [33.02552], 1
12, 5, [5], [12], [33.032825], 1
2, 10, [10  7], [2 2], [32.928017 33.07753 ], 2
5, 15, [15  7  3 15 13], [5 5 6 5 5], [20.177084  11.843256   4.5908923 20.938847  33.11192  ], 5
8, 9, [ 9 13], [8 8], [32.914165 33.108505], 2
12, 8, [8], [12], [33.093864], 1
11, 6, [6], [11], [33.11663], 1
5, 3, [ 3 11], [5 5], [32.8714  33.07836], 2
3, 3, [ 3 11], [12  3], [-10.124554  33.079025], 2
7, 1, [ 1  3  8 12 16], [7 6 0 5 7], [ 9.516311  -5.863549  -3.1485357  7.9253807 33.13016  ], 5
11, 8, [8], [11], [33.08631], 1
3, 2, [2], [3], [33.058502], 1
4, 15, [15  7], [4 4], [32.93801  33.082626], 2
10, 5, [5], [10], [33.031746], 1
9, 4, [4], [9], [33.073227], 1
9, 9, [9], [9], [33.0636], 1

3, 8, [8], [3], [33.139225], 1
12, 10, [10], [12], [33.08586], 1
5, 13, [13], [5], [33.118538], 1
1, 15, [15], [1], [33.063217], 1
9, 10, [10], [9], [33.09018], 1
9, 16, [16], [9], [33.12386], 1
0, 8, [8], [0], [33.101917], 1
1, 2, [2], [1], [33.06109], 1
10, 3, [3], [10], [33.02893], 1
2, 13, [13], [2], [33.11237], 1
9, 12, [12], [9], [33.05788], 1
7, 6, [ 6  8 15 10  8 15  6], [7 0 7 0 0 7 7], [  9.006079  -6.876401  -4.958022 -16.776634  -8.108437  12.988171
  33.133682], 7
6, 16, [16], [6], [33.13748], 1
5, 12, [12], [5], [33.045612], 1
9, 13, [13], [9], [33.096344], 1
5, 15, [15 14], [5 5], [32.911808 33.063118], 2
7, 13, [13  4], [0 7], [-10.061674  33.06896 ], 2
11, 16, [16], [11], [33.12268], 1
1, 14, [14], [1], [33.076805], 1
1, 12, [12], [1], [33.043133], 1
1, 10, [10], [1], [33.111275], 1
10, 15, [15], [10], [33.083645], 1
5, 13, [13 16], [0 5], [-10.015438  33.142624], 2
5, 4, [ 4  7 10  5], [6 5 5 5], [-15.525211  24.028875  24.900385  33.02747 ], 4
4, 5, [5 7], [8 4], [-10.118456  33.08262 ], 2
7, 11, [11], [7], [33.063297], 1
3, 16, [16], [3], [33.179443], 1
2, 10, [10  6], [6 2], [-10.03561   33.132225], 2
7, 14, [14  8], [7 7], [32.916786 33.09306 ], 2
8, 15, [15 16 12  6], [8 4 4 8], [15.076377   3.3122175 11.929989  33.131496 ], 4
6, 7, [7], [6], [33.073498], 1
4, 16, [16], [4], [33.177925], 1

6, 1, [1 8], [2 6], [-10.095551  33.118412], 2
9, 6, [6], [9], [33.109142], 1
8, 15, [15  5 14 11], [8 4 8 8], [19.67821  10.974347 24.90536  33.068924], 4
12, 9, [9], [12], [33.052307], 1
5, 15, [15  4 16], [5 6 5], [22.635963 15.942011 33.141735], 3
12, 12, [12], [12], [33.061554], 1
11, 15, [15  4], [10 11], [-10.0702915  33.079025 ], 2
7, 2, [ 2 11], [5 7], [-10.096102  33.062366], 2
1, 1, [1], [1], [33.033005], 1
10, 4, [4], [10], [33.06996], 1
10, 15, [15], [10], [33.082436], 1
2, 3, [3 6], [0 2], [-10.093555  33.13215 ], 2
10, 16, [16  6], [10 10], [32.997883 33.123535], 2
8, 4, [4 9 7], [8 8 8], [30.398617 28.897234 33.080494], 3
12, 11, [11], [12], [33.0617], 1
4, 2, [2], [4], [33.060482], 1
5, 8, [8], [5], [33.108593], 1
7, 11, [11  6], [5 7], [-10.051783  33.13279 ], 2
0, 3, [ 3 16  1 10  6], [6 3 7 7 0], [-33.413574   -5.7335825  -3.1788769   7.974655   33.129684 ], 5
12, 2, [2], [12], [33.060745], 1
10, 9, [9], [10], [33.055607], 1
12, 12, [12], [12], [33.061546], 1
11, 8, [8], [11], [33.086304], 1
0, 7, [7], [0], [33.081337], 1
10, 15, [15 10], [11 10], [-10.049057  33.081158], 2
7, 15, [15 16  5  2], [5 0 0 7], [-27.963417    3.2715218  11.878341   33.071404 ], 4
1, 15, [15], [1], [33.06346], 1
11, 12, [12], [11], [33.051064], 1
3, 1, [1], [3], [33.03484], 1
9, 5, [5 8], [9 9], [32.884125 33.0866  ], 2
0, 14, [14], [0], [33.06572], 1
2, 1, [1 3 8], [2 2 2], [30.370228 28.895256 33.118183], 3

0, 13, [13], [0], [33.098778], 1
0, 13, [13], [0], [33.09793], 1
8, 8, [8], [8], [33.089542], 1
5, 14, [14], [5], [33.063057], 1
7, 7, [ 7 16], [5 7], [-10.035879  33.12908 ], 2
3, 2, [2], [3], [33.058334], 1
8, 7, [ 7 15  6], [8 8 8], [30.46151  28.967655 33.1313  ], 3
0, 15, [15  8], [6 0], [-10.061062  33.10222 ], 2
12, 12, [12], [12], [33.061546], 1
12, 10, [10], [12], [33.08586], 1
0, 13, [13], [0], [33.097702], 1
4, 7, [7], [4], [33.082607], 1
5, 14, [14  7], [5 5], [32.916958 33.0918  ], 2
2, 12, [12 15 14], [0 5 2], [-20.402233  15.914675  33.06668 ], 3
5, 4, [ 4 16], [6 5], [-10.056742  33.142822], 2
5, 1, [1 2], [2 5], [-10.130915  33.05812 ], 2
8, 1, [1 2], [8 8], [32.873966 33.059128], 2
7, 14, [14 11], [5 7], [-10.101131  33.062973], 2
1, 13, [13], [1], [33.111862], 1
9, 5, [5], [9], [33.032032], 1
2, 14, [14], [2], [33.066666], 1
1, 16, [16], [1], [33.175014], 1
4, 11, [11], [4], [33.085968], 1
12, 6, [6], [12], [33.12047], 1
8, 13, [13  9  4 16], [8 8 8 8], [27.515734 24.013807 24.941559 33.135216], 4
1, 6, [6], [1], [33.091896], 1
4, 13, [13], [4], [33.104866], 1
1, 13, [13], [1], [33.11187], 1
9, 15, [15], [9], [33.078564], 1
2, 1, [1 7], [7 2], [-10.118971  33.07751 ], 2
6, 3, [ 3 12 16], [6 0 6], [22.586105 15.932727 33.13956 ], 3
12, 7, [7], [12], [33.069836], 1

5, 16, [16  3  7], [9 6 5], [-20.341995  15.88446   33.099815], 3
6, 9, [ 9 13], [6 6], [32.950886 33.17092 ], 2
10, 12, [12], [10], [33.076294], 1
9, 11, [11], [9], [33.056145], 1
10, 16, [16 13], [10 10], [32.982246 33.09723 ], 2
9, 13, [13], [9], [33.09638], 1
5, 7, [ 7  6 11  1  8 16], [7 7 7 5 5 5], [-32.671974   -4.5895452  -1.2007022  11.2271     16.987883   33.1427   ], 6
5, 10, [10 16  8], [6 5 5], [-12.508276  29.011967  33.11652 ], 3
3, 9, [ 9 14], [6 3], [-10.112419  33.065666], 2
11, 13, [13], [11], [33.096333], 1
9, 15, [15 13], [11  9], [-10.051712  33.096313], 2
10, 8, [8 3], [10 10], [32.903572 33.028946], 2
10, 13, [13], [10], [33.097385], 1
9, 13, [13], [9], [33.096375], 1
3, 7, [7], [3], [33.0963], 1
6, 6, [ 6 12  8 16], [2 6 6 6], [-15.441556  24.051098  25.00154   33.138775], 4
2, 4, [ 4 16], [5 2], [-10.056181  33.145214], 2
0, 9, [9 5 8], [6 7 0], [-20.415417   15.8937845  33.102036 ], 3
5, 6, [6 2], [5 5], [32.962666 33.05793 ], 2
0, 11, [11], [0], [33.092117], 1
6, 10, [10 16], [6 6], [32.96933 33.13906], 2
4, 3, [ 3 11], [4 4], [32.877335 33.085587], 2
6, 12, [12 11], [7 6], [-10.103865  33.07793 ], 2
3, 16, [16], [3], [33.178722], 1
0, 1, [ 1 16], [7 0], [-10.068504  33.16164 ], 2
12, 7, [7], [12], [33.069836], 1
7, 12, [12  6  8], [5 0 7], [-20.36084   15.987135  33.092896], 3
1, 11, [11], [1], [33.10109], 1
10, 2, [2], [10], [33.06091], 1
11, 2, [2], [11], [33.06183], 1
11, 8, [8], [11], [33.08629], 1
0, 10, [10  9  3  8], [2 2 7 0], [-28.013088    3.1824713  11.88968    33.101456 ], 4

1, 10, [10], [1], [33.11123], 1
5, 8, [8], [5], [33.11177], 1
7, 13, [13  5 16], [0 0 7], [-20.355629  15.912647  33.13016 ], 3
0, 3, [ 3 15  8], [6 5 0], [-20.41323   15.934155  33.102047], 3
4, 14, [14], [4], [33.062332], 1
10, 14, [14], [10], [33.065254], 1
10, 5, [5], [10], [33.031654], 1
12, 13, [13], [12], [33.095955], 1
10, 13, [13], [10], [33.097435], 1
4, 12, [12  2], [4 4], [32.88429 33.06046], 2
4, 3, [3 9 2], [8 8 4], [-20.44234   15.885165  33.06046 ], 3
7, 3, [ 3 16], [2 7], [-10.09705  33.12917], 2
9, 13, [13], [9], [33.096348], 1
6, 4, [ 4  6 16], [6 2 6], [22.66558  16.013641 33.138775], 3
1, 12, [12], [1], [33.043133], 1
12, 11, [11], [12], [33.0617], 1
6, 16, [16], [6], [33.139214], 1
12, 14, [14], [12], [33.05322], 1
0, 9, [ 9 15  7], [5 5 0], [-20.40206   15.917536  33.082382], 3
11, 4, [4], [11], [33.078327], 1
11, 4, [ 4 16], [11 11], [32.950565 33.12242 ], 2
6, 11, [11], [6], [33.077675], 1
2, 16, [16], [2], [33.144516], 1
2, 2, [2], [2], [33.062786], 1
7, 16, [16 13  3  9 13 16], [10  0  0  7  0  7], [-34.343525   -7.44734    -5.9081116   3.4346483   3.9734612  33.126556 ], 6
12, 6, [6], [12], [33.12047], 1
11, 14, [14], [11], [33.053513], 1
8, 14, [14], [8], [33.064995], 1
8, 5, [ 5 12  3  2], [8 4 8 8], [19.612276 10.967617 24.861925 33.059128], 4
0, 10, [10  6], [7 0], [-10.034134  33.129673], 2
4, 2, [2], [4], [33.060486], 1
9, 8, [8], [9], [33.08669], 1

0, 2, [2], [0], [33.110474], 1
7, 10, [10 16], [6 7], [-10.038227  33.12816 ], 2
7, 2, [ 2 12 13 16], [7 0 0 7], [15.003252  3.232971 11.973771 33.126842], 4
3, 2, [2], [3], [33.05835], 1
12, 3, [3], [12], [33.033665], 1
8, 10, [10], [8], [33.09584], 1
11, 16, [16], [11], [33.12298], 1
1, 10, [10], [1], [33.11126], 1
9, 6, [6 8], [2 9], [-10.020481  33.086723], 2
8, 9, [ 9  3 16 12 13], [8 8 4 4 8], [17.349998   7.168888  -3.0963564  7.915699  33.10768  ], 5
10, 7, [7], [10], [33.073845], 1
5, 16, [16 10  1 11], [5 9 6 5], [15.069829   3.2161589 11.880787  33.08036  ], 4
3, 10, [10], [3], [33.079094], 1
12, 13, [13], [12], [33.095955], 1
11, 2, [2], [11], [33.061825], 1
0, 4, [4 5 8], [6 0 0], [-12.606655  28.893787  33.102047], 3
9, 7, [7], [9], [33.07288], 1
6, 9, [ 9 11], [5 6], [-10.1058655  33.077717 ], 2
11, 14, [14], [11], [33.053825], 1
7, 3, [ 3 14 16 12  2], [0 0 0 0 7], [-33.458603   -5.809109   -3.1201768   7.8921757  33.071404 ], 5
4, 14, [14], [4], [33.062225], 1
12, 8, [8], [12], [33.093864], 1
8, 11, [11 16 13], [8 4 8], [22.690487 16.034159 33.108505], 3
7, 3, [ 3 13  7 16], [0 0 7 7], [-23.329823  11.072031  24.95843   33.130463], 4
8, 15, [15 14], [8 8], [32.93193 33.06472], 2
5, 4, [ 4 16], [6 5], [-10.056702  33.14309 ], 2
6, 2, [2], [6], [33.091984], 1
3, 5, [5], [3], [33.026733], 1
5, 3, [ 3 12  8], [6 6 5], [-20.422691  15.919019  33.115875], 3
1, 9, [9], [1], [33.046124], 1
0, 4, [ 4 13], [5 0], [-10.085943  33.097916], 2
1, 5, [5], [1], [33.025528], 1

12, 6, [6], [12], [33.12047], 1
12, 11, [11], [12], [33.0617], 1
7, 16, [16 15  4 16 14  7 10], [0 5 5 0 7 0 7], [-40.772427 -18.197683 -23.774435 -26.387505 -24.218418 -35.465614
 -25.90678 ], 7
7, 7, [ 7 16], [5 7], [-10.03763   33.127724], 2
7, 2, [ 2  8  6  9  8  3 15], [7 0 0 5 0 0 5], [ -0.1094656 -21.978191  -30.124044  -37.089844  -41.89752   -43.32292
 -38.922142 ], 7
2, 9, [ 9 16], [6 2], [-10.06476  33.1452 ], 2
4, 13, [13], [4], [33.104862], 1
3, 12, [12  6], [0 3], [-10.080177  33.11843 ], 2
6, 13, [13], [6], [33.170532], 1
9, 7, [7], [9], [33.07278], 1
9, 12, [12], [9], [33.057922], 1
5, 5, [ 5 12], [0 5], [-10.140955  33.044113], 2
12, 5, [5], [12], [33.03283], 1
10, 14, [14], [10], [33.065292], 1
12, 15, [15], [12], [33.090508], 1
3, 3, [3 6], [0 3], [-10.101881  33.118263], 2
0, 11, [11], [0], [33.092068], 1
12, 9, [9], [12], [33.052254], 1
3, 11, [11], [3], [33.079056], 1
10, 2, [2], [10], [33.060925], 1
4, 9, [ 9 11], [8 4], [-10.097818  33.088474], 2
1, 15, [15], [1], [33.063248], 1
5, 4, [4 8], [6 5], [-10.074423  33.11419 ], 2
6, 4, [ 4 11], [5 6], [-10.098141  33.07811 ], 2
2, 5, [ 5 10  9  7], [2 2 6 2], [22.762215 16.217293 11.894644 33.077538], 4
5, 9, [ 9 16], [6 5], [-10.066023  33.14309 ], 2
12, 6, [6], [12], [33.12047], 1
1, 15, [15], [1], [33.064026], 1
11, 4, [4], [11], [33.07873], 1
10, 9, [9], [10], [33.055576], 1
1, 11, [11], [1], [33.101105], 1
9, 9, [9], [9], [33.062042], 1

10, 7, [7], [10], [33.073822], 1
6, 3, [ 3 13], [12  6], [-10.069056  33.17128 ], 2
7, 8, [ 8 16  4  5  8 14  8], [ 7 10  5  0  7  5  7], [  2.1880445 -18.174458  -23.832226  -26.483894  -24.196848  -35.483105
 -25.906982 ], 7
2, 9, [9 2], [6 2], [-10.114162  33.062794], 2
9, 15, [15], [9], [33.07749], 1
9, 12, [12], [9], [33.05811], 1
2, 14, [14], [2], [33.066673], 1
12, 6, [6], [12], [33.12047], 1
1, 4, [4], [1], [33.055305], 1
6, 7, [7], [6], [33.07365], 1
4, 12, [12 16], [4 4], [32.958153 33.17892 ], 2
10, 8, [ 8 12], [10 10], [32.93249  33.077335], 2
2, 9, [ 9 11], [5 2], [-10.118101  33.05718 ], 2
9, 4, [4], [9], [33.073467], 1
11, 6, [6], [11], [33.11665], 1
1, 1, [1], [1], [33.033005], 1
5, 7, [ 7 16], [5 5], [32.974583 33.14323 ], 2
1, 10, [10], [1], [33.111256], 1
1, 16, [16 13], [4 1], [-9.972656 33.111893], 2
5, 14, [14], [5], [33.062725], 1
3, 13, [13], [3], [33.098938], 1
6, 15, [15 14], [5 6], [-10.083038  33.074715], 2
12, 7, [7], [12], [33.069836], 1
4, 10, [10 14], [4 4], [32.942696 33.062294], 2
7, 6, [ 6 16], [7 7], [33.01033  33.130463], 2
8, 4, [ 4 12  4 10], [8 4 8 8], [19.66121  11.001297 24.918056 33.096043], 4
5, 8, [ 8 16], [5 5], [32.99441  33.141975], 2
8, 8, [8], [8], [33.091934], 1
10, 6, [6], [10], [33.122814], 1
12, 14, [14], [12], [33.053223], 1
8, 3, [3 2], [4 8], [-10.138496  33.059162], 2
2, 15, [15  8], [2 2], [32.939617 33.118183], 2

5, 10, [10 13], [9 5], [-10.041479  33.118057], 2
8, 11, [11 12], [8 8], [32.903046 33.055458], 2
2, 2, [2], [2], [33.06273], 1
12, 9, [9], [12], [33.0522], 1
12, 12, [12], [12], [33.06155], 1
6, 9, [9 2], [6 6], [32.90497  33.094395], 2
12, 3, [3], [12], [33.033672], 1
11, 5, [5], [11], [33.03248], 1
10, 9, [9], [10], [33.05547], 1
9, 9, [9], [9], [33.063293], 1
11, 5, [ 5 12], [ 9 11], [-10.137472  33.050793], 2
0, 6, [6], [0], [33.12958], 1
10, 11, [11], [10], [33.055862], 1
2, 10, [10 16], [2 2], [32.967625 33.1452  ], 2
3, 9, [9 6], [6 3], [-10.080915  33.118355], 2
3, 15, [15  8], [3 3], [32.95086  33.139652], 2
2, 2, [2], [2], [33.06292], 1
2, 6, [6], [2], [33.131958], 1
2, 3, [3 7], [2 2], [32.87229  33.077522], 2
4, 8, [8], [4], [33.108147], 1
5, 10, [10  8], [6 5], [-10.047354  33.10979 ], 2
8, 2, [2], [8], [33.05927], 1
12, 15, [15], [12], [33.090508], 1
4, 16, [16], [4], [33.179054], 1
2, 2, [2], [2], [33.062737], 1
3, 12, [12 16], [0 3], [-10.043465  33.17949 ], 2
6, 7, [7 2], [5 6], [-10.058016  33.092953], 2
9, 5, [5], [9], [33.031963], 1
2, 4, [ 4 16], [6 2], [-10.055645  33.1452  ], 2
9, 6, [6], [9], [33.110218], 1
0, 4, [4 8], [5 0], [-10.082056  33.101673], 2
12, 15, [15], [12], [33.090508], 1

6, 4, [4 6], [6 6], [32.9339   33.128082], 2
6, 14, [14], [6], [33.074314], 1
9, 2, [2], [9], [33.060818], 1
1, 3, [3], [1], [33.0233], 1
0, 2, [2], [0], [33.12128], 1
12, 8, [8], [12], [33.093857], 1
1, 10, [10], [1], [33.111298], 1
5, 13, [13], [5], [33.11353], 1
4, 1, [1 4 6], [8 8 4], [-20.392237  15.950304  33.148582], 3
2, 7, [7], [2], [33.077515], 1
12, 16, [16], [12], [33.12658], 1
2, 8, [8], [2], [33.118057], 1
5, 4, [ 4 12  2  5 13], [5 2 5 7 5], [14.215258   1.9304538  9.79739    7.902442  33.112286 ], 5
10, 1, [1], [10], [33.03923], 1
8, 12, [12 15 12  8], [4 8 4 8], [-20.207409  16.236305  11.904507  33.089497], 4
3, 5, [ 5 12 13], [0 0 3], [-20.422647  15.908146  33.09897 ], 3
4, 8, [ 8 16], [1 4], [-9.978395 33.180683], 2
5, 14, [14], [5], [33.063545], 1
5, 5, [ 5  1 14], [5 7 5], [22.55394  15.872289 33.062973], 3
7, 2, [ 2 15  6 10 12  7  2], [7 5 7 5 7 7 7], [  7.851157  -8.684447  -7.933118 -21.775284 -16.440838 -22.482754
 -25.938175], 7
5, 1, [ 1  7 12], [5 7 5], [22.578207 15.907722 33.043278], 3
5, 2, [ 2 16  3], [5 9 5], [22.625187 15.942943 33.022964], 3
6, 1, [ 1 13], [2 6], [-10.06348   33.171604], 2
11, 6, [6], [11], [33.11664], 1
10, 16, [16], [10], [33.122387], 1
1, 3, [3], [1], [33.0233], 1
7, 14, [14 12 16], [7 0 7], [22.61708  15.926987 33.128044], 3
7, 6, [ 6 10 11], [0 7 7], [-12.51008  28.93087  33.06275], 3
12, 9, [9], [12], [33.0522], 1
12, 3, [3], [12], [33.03363], 1
12, 15, [15], [12], [33.090504], 1
9, 10, [10], [9], [33.090183], 1

12, 10, [10], [12], [33.08586], 1
0, 13, [13], [0], [33.09887], 1
8, 5, [ 5  9 10 15  8], [4 8 4 8 8], [-22.857502   11.852276    4.6719146  20.9473     33.089497 ], 5
8, 5, [ 5  7 16  6], [8 4 4 8], [15.012294  3.301697 12.033123 33.131496], 4
1, 4, [4], [1], [33.05535], 1
7, 9, [ 9 12  9  7  6], [5 0 5 7 7], [-30.658617   -1.1773362   4.6227293  20.958666   33.13212  ], 5
9, 15, [15], [9], [33.07656], 1
7, 13, [13 15 12 15 11], [0 7 0 7 7], [-22.775848   11.877357    4.6161494  20.944935   33.06211  ], 5
12, 8, [8], [12], [33.093872], 1
11, 15, [15  2], [ 9 11], [-10.079426  33.061794], 2
4, 5, [5 8], [8 4], [-10.103378  33.108246], 2
1, 2, [2], [1], [33.06109], 1
2, 15, [15  7], [2 2], [32.91517  33.077503], 2
4, 2, [2], [4], [33.06048], 1
7, 9, [ 9 11  2 13 10 16], [6 0 7 0 7 7], [-30.840166   -1.4802887   4.050078   -1.7173319  16.977415   33.126682 ], 6
0, 14, [14], [0], [33.06562], 1
2, 5, [5 1 6], [5 2 2], [-12.621872  28.91238   33.132027], 3
6, 14, [14], [6], [33.073586], 1
6, 9, [9 6], [0 6], [-10.075117  33.128082], 2
5, 3, [ 3 13], [7 5], [-10.103682  33.11586 ], 2
10, 1, [1], [10], [33.039234], 1
7, 16, [16  6  4  8 14], [7 7 5 0 7], [17.459782   7.223965  -3.179923   7.9339104 33.058746 ], 5
10, 10, [10], [10], [33.08129], 1
0, 16, [16  3 13], [3 0 0], [-12.493385  28.887476  33.0979  ], 3
2, 14, [14], [2], [33.066673], 1
8, 3, [ 3 10  8 15 13], [8 8 8 8 8], [24.848202 19.702497 17.666721 20.953655 33.10768 ], 5
11, 9, [9], [11], [33.056942], 1
5, 16, [16 14], [9 5], [-10.030373  33.063553], 2
1, 5, [5], [1], [33.025524], 1
5, 3, [ 3  8 10], [6 5 5], [-12.60169  28.95334  33.08513], 3
8, 16, [16  7 11], [8 8 8], [30.49344  28.918928 33.06353 ], 3
8, 2, [2], [8], [33.05923], 1

12, 6, [6], [12], [33.12047], 1
8, 10, [10 16 11  6], [4 4 8 8], [-23.206972  11.138318  24.948772  33.1313  ], 4
9, 11, [11], [9], [33.055546], 1
12, 7, [7], [12], [33.069836], 1
0, 5, [5 9 7], [0 5 0], [22.569862 15.895475 33.080914], 3
12, 1, [1], [12], [33.039917], 1
7, 16, [16  5 16], [7 7 7], [30.473507 28.91104  33.129025], 3
4, 6, [6], [4], [33.14638], 1
12, 12, [12], [12], [33.061554], 1
0, 11, [11], [0], [33.091625], 1
12, 2, [2], [12], [33.060734], 1
0, 11, [11], [0], [33.090744], 1
6, 5, [5 7], [7 6], [-10.123917  33.072548], 2
7, 7, [ 7 16  4  2  8], [0 0 5 5 7], [-33.38246    -5.768195   -3.1860013   7.922821   33.092896 ], 5
5, 13, [13], [5], [33.114956], 1
8, 13, [13], [8], [33.107925], 1
10, 9, [9], [10], [33.05553], 1
2, 9, [ 9  1 10], [6 2 2], [-12.624256  28.879377  33.077023], 3
12, 8, [8], [12], [33.093864], 1
2, 4, [4 7], [5 2], [-10.096809  33.077526], 2
6, 8, [ 8 16], [6 6], [33.00154  33.138775], 2
9, 5, [5 8], [11  9], [-10.115618  33.086597], 2
11, 15, [15  2], [11 11], [32.930984 33.061794], 2
6, 14, [14 11], [6 6], [32.91663 33.07771], 2
0, 16, [16 14], [0 0], [32.993534 33.067215], 2
10, 10, [10], [10], [33.08153], 1
9, 3, [3], [9], [33.03243], 1
1, 4, [4], [1], [33.05508], 1
9, 4, [4], [9], [33.073326], 1
8, 13, [13], [8], [33.108135], 1
4, 9, [9 7], [8 4], [-10.101751  33.082623], 2
3, 7, [7], [3], [33.096107], 1

11, 3, [3], [11], [33.031128], 1
8, 14, [14 13], [8 8], [32.92913 33.10822], 2
12, 11, [11], [12], [33.0617], 1
5, 16, [16 13], [9 5], [-10.001501  33.113518], 2
6, 3, [ 3 13], [12  6], [-10.066641  33.17321 ], 2
10, 3, [3], [10], [33.028934], 1
12, 14, [14], [12], [33.053223], 1
12, 10, [10], [12], [33.08586], 1
9, 8, [8], [9], [33.08673], 1
3, 11, [11], [3], [33.079067], 1
3, 14, [14], [3], [33.06562], 1
1, 6, [6], [1], [33.091896], 1
11, 9, [9], [11], [33.056984], 1
12, 10, [10], [12], [33.085857], 1
5, 8, [8], [5], [33.113266], 1
9, 16, [16], [9], [33.123894], 1
0, 2, [2], [0], [33.121445], 1
12, 4, [4], [12], [33.05935], 1
9, 1, [ 1 15], [11  9], [-10.112881  33.078217], 2
10, 6, [6], [10], [33.12205], 1
9, 1, [1], [9], [33.04636], 1
6, 5, [ 5 11], [6 6], [32.87918 33.07772], 2
12, 4, [4], [12], [33.059322], 1
11, 4, [4], [11], [33.07798], 1
0, 14, [14], [0], [33.0663], 1
12, 1, [1], [12], [33.039917], 1
7, 5, [ 5 10  8], [7 6 7], [22.597557 15.941652 33.093277], 3
2, 11, [11], [2], [33.05726], 1
2, 10, [10], [2], [33.07752], 1
10, 9, [9], [10], [33.055614], 1
10, 2, [2], [10], [33.060913], 1
4, 8, [8], [4], [33.10404], 1

12, 15, [15], [12], [33.090508], 1
10, 4, [4], [10], [33.069828], 1
6, 14, [14], [6], [33.071243], 1
1, 3, [3], [1], [33.023304], 1
12, 4, [4], [12], [33.059334], 1
2, 7, [7], [2], [33.0775], 1
2, 4, [4 8], [6 2], [-10.071465  33.118103], 2
7, 8, [ 8 13 16], [7 0 7], [22.677635 15.97525  33.130463], 3
1, 8, [8], [1], [33.116592], 1
2, 2, [2], [2], [33.062763], 1
6, 5, [5 8], [0 6], [-10.096376  33.118412], 2
11, 7, [7], [11], [33.072685], 1
7, 11, [11], [7], [33.062737], 1
10, 6, [6], [10], [33.12102], 1
6, 14, [14], [6], [33.074116], 1
9, 13, [13], [9], [33.096626], 1
6, 6, [ 6  1 13], [6 6 6], [30.489162 28.935205 33.17123 ], 3
7, 6, [ 6 16 14  4  8 10 13], [ 0 10  7  7  0  5  0], [-35.56928    -9.4966135  -9.369309  -24.052277  -41.85527   -43.25251
 -38.903217 ], 7
1, 15, [15], [1], [33.06324], 1
4, 1, [ 1  9 15  2], [8 8 8 4], [-28.040398    3.2042046  11.925398   33.060455 ], 4
0, 13, [13], [0], [33.098587], 1
11, 3, [3], [11], [33.03121], 1
5, 1, [1], [5], [33.03298], 1
7, 14, [14  6 16], [7 0 7], [22.666834 16.00796  33.13016 ], 3
3, 7, [7], [3], [33.09627], 1
12, 14, [14], [12], [33.053223], 1
11, 14, [14], [11], [33.05372], 1
8, 1, [ 1  8 15  4 12  2], [8 8 8 8 4 8], [21.058645  13.369208   7.124467   3.3923671  3.8866959 33.05934  ], 6
10, 11, [11], [10], [33.055832], 1
2, 3, [ 3 13], [6 2], [-10.106609  33.1124  ], 2
8, 12, [12 10 15  5 14  4  3], [4 8 8 8 4 8 8], [-26.24945     6.165764   -4.8945007 -16.639244  -29.450863  -22.523628
 -25.973297 ], 7
3, 8, [8], [3], [33.13956], 1

3, 16, [16  7], [2 3], [-9.992769 33.096542], 2
12, 6, [6], [12], [33.12047], 1
9, 2, [2], [9], [33.060814], 1
5, 8, [ 8  7 13], [5 5 5], [30.48114  28.958273 33.115875], 3
12, 14, [14], [12], [33.053223], 1
3, 3, [ 3 16], [3 3], [32.935104 33.179623], 2
6, 12, [12  8 12  8  2], [0 6 6 6 6], [-18.131207  19.6992    17.63484   20.97413   33.093056], 5
12, 14, [14], [12], [33.053223], 1
8, 8, [8], [8], [33.090782], 1
6, 8, [8], [6], [33.11808], 1
5, 9, [ 9  8  4  8 14], [6 5 5 5 5], [-18.145706  19.677021  17.624598  20.940107  33.063072], 5
12, 16, [16], [12], [33.126545], 1
1, 1, [1], [1], [33.033005], 1
10, 9, [9], [10], [33.05553], 1
4, 3, [ 3 12 10 15 11], [8 4 4 8 4], [-20.988556  14.974534   9.872913   7.944953  33.086628], 5
0, 4, [ 4  1 10 16 13], [5 2 7 3 0], [-33.43602    -5.8211737  -3.092462    8.032869   33.0979   ], 5
11, 13, [13], [11], [33.09636], 1
3, 4, [ 4 16], [6 3], [-10.034765  33.17946 ], 2
10, 14, [14], [10], [33.065327], 1
12, 6, [6], [12], [33.12047], 1
5, 15, [15 11], [5 5], [32.922844 33.079277], 2
12, 8, [8], [12], [33.093872], 1
10, 14, [14], [10], [33.065292], 1
8, 3, [ 3  6  9  6  9  8 16], [8 4 8 4 8 8 8], [10.596811   -4.049704   -0.32386017 -8.95454     4.834746   12.976469
 33.135227  ], 7
0, 3, [ 3 16  2], [6 0 0], [-12.555727  29.028149  33.12491 ], 3
2, 8, [8], [2], [33.117935], 1
6, 10, [10  7], [6 6], [32.929047 33.07349 ], 2
0, 9, [ 9 15 13], [6 6 0], [-20.38928   15.937368  33.0996  ], 3
10, 8, [ 8 11], [10 10], [32.921783 33.055786], 2
2, 4, [4 8], [6 2], [-10.071775  33.118004], 2
4, 15, [15  9 10 11], [4 8 4 4], [19.692451 11.023498 24.956738 33.08594 ], 4
3, 1, [1 6], [2 3], [-10.0951   33.11828], 2

7, 5, [ 5 16], [0 7], [-10.089167  33.130436], 2
1, 1, [1], [1], [33.033005], 1
0, 9, [9 8], [5 0], [-10.091017  33.102043], 2
1, 9, [9], [1], [33.046154], 1
10, 7, [7], [10], [33.07384], 1
11, 1, [1], [11], [33.039772], 1
1, 15, [15], [1], [33.06324], 1
0, 4, [4 7], [5 0], [-10.093605  33.082386], 2
12, 5, [5], [12], [33.032825], 1
1, 7, [7], [1], [33.078854], 1
0, 1, [ 1 11], [2 0], [-10.109913  33.09297 ], 2
0, 4, [ 4 14], [6 0], [-10.103327  33.06562 ], 2
6, 6, [6], [6], [33.1279], 1
11, 11, [11], [11], [33.065277], 1
8, 16, [16 11  4 13], [4 8 8 8], [-15.430904  24.024784  24.924957  33.10768 ], 4
11, 9, [9], [11], [33.05772], 1
3, 1, [1 7], [7 3], [-10.107655  33.096558], 2
11, 3, [3], [11], [33.03121], 1
2, 11, [11], [2], [33.0572], 1
2, 5, [5 3 7], [0 0 2], [-20.44384   15.873678  33.077538], 3
5, 3, [3], [5], [33.023857], 1
8, 4, [ 4  1 14], [4 4 8], [-20.415565  15.875284  33.06472 ], 3
9, 12, [12], [9], [33.05739], 1
11, 10, [10], [11], [33.089867], 1
12, 15, [15], [12], [33.090515], 1
3, 2, [2], [3], [33.058365], 1
3, 6, [6], [3], [33.11806], 1
11, 4, [4], [11], [33.07857], 1
12, 8, [8], [12], [33.09387], 1
3, 10, [10], [3], [33.07967], 1
5, 2, [ 2 15], [9 5], [-10.100904  33.064228], 2
6, 5, [5 2], [6 6], [32.888775 33.0943  ], 2

5, 6, [ 6  4 14], [5 5 5], [30.460321 28.896702 33.061874], 3
11, 11, [11], [11], [33.06526], 1
10, 5, [5], [10], [33.031654], 1
12, 12, [12], [12], [33.061546], 1
12, 16, [16], [12], [33.126545], 1
7, 5, [ 5  8 16  9  7 12 16], [0 7 0 7 0 0 0], [-32.540108  -4.287716 -22.301704 -24.077034 -41.87977  -43.263958
 -38.855484], 7
1, 12, [12], [1], [33.043137], 1
1, 7, [7], [1], [33.078766], 1
9, 11, [11], [9], [33.055275], 1
12, 1, [1], [12], [33.03992], 1
7, 2, [ 2  3  4 15  7  3  9], [5 0 5 5 5 0 7], [-42.58495  -21.071651 -28.502983 -34.26849  -37.23839  -35.540207
 -25.950577], 7
5, 6, [ 6 15], [9 5], [-10.046595  33.065872], 2
8, 4, [ 4 14], [8 8], [32.900272 33.065334], 2
11, 13, [13], [11], [33.09633], 1
12, 7, [7], [12], [33.069836], 1
3, 11, [11], [3], [33.07902], 1
6, 12, [12  2], [0 6], [-10.094452  33.094395], 2
11, 12, [12], [11], [33.05123], 1
12, 13, [13], [12], [33.095955], 1
9, 6, [6], [9], [33.10881], 1
7, 5, [ 5 16], [0 7], [-10.091011  33.127907], 2
5, 2, [ 2 16], [5 5], [32.94194 33.14009], 2
12, 13, [13], [12], [33.09595], 1
4, 12, [12 13], [4 4], [32.910435 33.10485 ], 2
1, 12, [12], [1], [33.04313], 1
0, 16, [16  2], [0 0], [33.035763 33.111916], 2
3, 10, [10], [3], [33.079025], 1
4, 4, [ 4 15  8], [4 8 4], [22.629381 15.951517 33.103985], 3
9, 1, [1], [9], [33.04568], 1
0, 5, [5 4 7], [0 6 0], [22.57563   15.9060135 33.081413 ], 3
8, 2, [2], [8], [33.059227], 1
12, 2, [2], [12], [33.06078], 1

6, 13, [13], [6], [33.170784], 1
10, 8, [8], [10], [33.086], 1
6, 7, [7], [6], [33.0723], 1
3, 7, [7], [3], [33.096054], 1
7, 4, [ 4  8  2  9 11], [5 7 5 7 7], [-22.83537    11.847173    4.5902615  20.887207   33.062973 ], 5
9, 2, [2], [9], [33.060833], 1
11, 10, [10], [11], [33.089878], 1
7, 3, [ 3 12  8 14], [6 0 0 7], [-28.046946   3.209774  11.93391   33.058746], 4
5, 11, [11  1  8], [5 7 5], [22.613564 15.903904 33.11577 ], 3
6, 15, [15  5  1 15  8], [5 6 2 5 6], [-25.670467    7.1072526  -3.2063966   7.9354515  33.118584 ], 5
2, 13, [13], [2], [33.11237], 1
12, 16, [16], [12], [33.126564], 1
0, 15, [15  7], [5 0], [-10.082464  33.082382], 2
3, 9, [ 9 15], [5 3], [-10.108494  33.062454], 2
8, 11, [11], [8], [33.06778], 1
0, 15, [15  8], [6 0], [-10.062281  33.102043], 2
7, 16, [16  7 10 11], [0 0 0 7], [-27.914541    3.2358878  11.928803   33.058285 ], 4
11, 8, [8], [11], [33.086292], 1
9, 4, [4], [9], [33.07355], 1
7, 15, [15 13  2], [5 0 7], [-20.36594   15.937752  33.06704 ], 3
2, 7, [7], [2], [33.07752], 1
12, 2, [2], [12], [33.060745], 1
7, 16, [16 13 15  2 14 15 11], [10  0  5  7  7  5  0], [-38.581505 -14.510796 -17.679298 -16.261923 -28.898952 -43.26835
 -38.910336], 7
7, 14, [14  7 13 10 12 13 16], [0 0 0 0 0 0 0], [-43.134094 -21.995152 -30.123718 -37.03445  -41.88047  -43.21634
 -38.855484], 7
10, 11, [11 10], [ 5 10], [-10.085209  33.081123], 2
12, 14, [14], [12], [33.053207], 1
11, 7, [7], [11], [33.07268], 1
7, 12, [12 14 15 13 11], [0 0 5 0 7], [-33.451427   -5.8339424  -3.1615658   7.931924   33.058285 ], 5
1, 11, [11], [1], [33.10102], 1
6, 3, [3 5 2], [6 5 6], [22.558863 15.887433 33.094776], 3
0, 1, [ 1 13], [7 0], [-10.106163  33.098896], 2
4, 11, [11], [4], [33.08564], 1

1, 9, [9], [1], [33.046112], 1
3, 1, [1], [3], [33.03475], 1
8, 7, [ 7 12 15 16  7  2], [8 4 8 8 8 8], [14.982526   3.1695287 11.868227  11.291885  16.916338  33.059216 ], 6
2, 6, [6], [2], [33.13227], 1
1, 11, [11], [1], [33.101044], 1
12, 11, [11], [12], [33.0617], 1
4, 1, [ 1 10 15 16], [4 4 4 4], [27.496864 24.102062 24.994537 33.176838], 4
4, 3, [ 3 15  4  8], [4 8 8 4], [14.975789   3.2498343 11.928104  33.107967 ], 4
4, 10, [10 16], [4 4], [33.01229  33.178154], 2
12, 9, [9], [12], [33.052258], 1
9, 11, [11], [9], [33.055298], 1
4, 16, [16], [4], [33.17166], 1
6, 5, [ 5 11], [0 6], [-10.121269  33.077717], 2
2, 6, [6], [2], [33.13197], 1
10, 12, [12], [10], [33.076492], 1
4, 11, [11], [4], [33.08595], 1
7, 11, [11  6  5 14  3 11  3], [0 0 0 7 0 0 0], [-40.30543  -17.32516  -22.427122 -24.104618 -41.94383  -43.29164
 -38.96884 ], 7
12, 2, [2], [12], [33.060776], 1
11, 16, [16], [11], [33.12255], 1
1, 14, [14], [1], [33.076817], 1
2, 6, [6], [2], [33.132103], 1
4, 8, [8], [4], [33.104424], 1
5, 9, [ 9  7 13], [5 5 5], [30.422634 28.958248 33.112747], 3
10, 14, [14], [10], [33.065254], 1
12, 14, [14], [12], [33.053226], 1
10, 12, [12], [10], [33.07624], 1
0, 7, [7], [0], [33.0809], 1
0, 10, [10 14], [7 0], [-10.07192   33.067104], 2
4, 9, [ 9 16], [8 4], [-10.043751  33.17892 ], 2
8, 9, [ 9 10  5  8  5 14], [8 8 4 4 4 8], [ 13.574816    0.8736677 -13.712569   -9.572239    3.869607   33.06472  ], 6
5, 1, [1 8], [7 5], [-10.099569  33.10979 ], 2
11, 7, [7], [11], [33.072678], 1

8, 10, [10  2], [8 8], [32.938072 33.05934 ], 2
6, 12, [12  2], [6 6], [32.90618  33.094505], 2
5, 7, [ 7 11], [5 5], [32.938427 33.079712], 2
12, 1, [1], [12], [33.03991], 1
3, 8, [8], [3], [33.139446], 1
6, 13, [13], [6], [33.159775], 1
3, 5, [ 5 12  2], [3 2 3], [22.558952 15.886817 33.058174], 3
8, 6, [6 7], [4 8], [-10.007061  33.080494], 2
9, 11, [11], [9], [33.0556], 1
1, 13, [13], [1], [33.111866], 1
7, 12, [12  2 11  6 16], [6 7 0 0 7], [-25.623129   7.213814  -3.10606    8.007126  33.126682], 5
6, 3, [ 3  5 12  8], [6 6 6 6], [27.416878 23.984894 24.92058  33.1185  ], 4
8, 2, [2], [8], [33.05922], 1
2, 13, [13], [2], [33.112362], 1
11, 16, [16], [11], [33.12248], 1
0, 8, [8], [0], [33.101696], 1
9, 2, [2], [9], [33.06082], 1
10, 10, [10], [10], [33.081238], 1
2, 12, [12  7], [0 2], [-10.104542  33.077538], 2
12, 16, [16], [12], [33.126556], 1
4, 15, [15  7], [8 4], [-10.056908  33.08262 ], 2
0, 13, [13], [0], [33.099506], 1
4, 13, [13], [4], [33.10524], 1
1, 9, [9], [1], [33.045975], 1
9, 1, [1], [9], [33.046432], 1
5, 13, [13], [5], [33.112007], 1
12, 3, [3], [12], [33.033623], 1
7, 1, [ 1  8 14 16  5 11], [6 7 0 0 0 7], [-29.426239     0.89915276 -13.656923    -9.5332       3.870471
  33.058285  ], 6
11, 12, [12], [11], [33.051105], 1
10, 3, [3], [10], [33.02893], 1
5, 13, [13], [5], [33.111794], 1
9, 4, [ 4 16], [9 9], [32.950085 33.12377 ], 2

8, 12, [12  2], [4 8], [-10.114059  33.059128], 2
7, 5, [5 8], [0 7], [-10.11165  33.09327], 2
5, 9, [ 9 11], [9 5], [-10.0907345  33.079464 ], 2
1, 5, [5], [1], [33.02552], 1
6, 1, [ 1 13], [6 6], [32.93692 33.17092], 2
7, 5, [ 5 11], [0 7], [-10.129864  33.0632  ], 2
10, 13, [13], [10], [33.097404], 1
11, 7, [7], [11], [33.072678], 1
5, 16, [16 10], [9 5], [-10.025391  33.078133], 2
6, 3, [3 6], [3 6], [-10.095579  33.12873 ], 2
12, 10, [10], [12], [33.085857], 1
0, 1, [ 1 10 16 15  8], [7 6 0 5 0], [-28.742542    2.0381932   9.91868     7.938183   33.10182  ], 5
5, 5, [ 5 16], [6 5], [-10.081726  33.142895], 2
7, 7, [ 7  4  5 13  7], [7 5 0 0 7], [ 9.562642  -5.8612514 -3.2016358  7.9410486 33.072304 ], 5
11, 1, [1], [11], [33.039757], 1
0, 10, [10  7], [5 0], [-10.068605  33.080826], 2
11, 10, [10], [11], [33.089863], 1
4, 16, [16], [4], [33.1719], 1
2, 8, [8], [2], [33.117973], 1
3, 2, [2], [3], [33.058514], 1
6, 9, [9 8], [5 6], [-10.082247  33.11815 ], 2
6, 14, [14], [6], [33.074066], 1
10, 11, [11], [10], [33.05585], 1
10, 15, [15], [10], [33.082375], 1
3, 9, [9 8], [5 3], [-10.069418  33.13877 ], 2
12, 8, [8], [12], [33.093864], 1
8, 1, [1 2], [4 8], [-10.128019  33.059216], 2
12, 3, [3], [12], [33.033737], 1
3, 14, [14], [3], [33.06566], 1
2, 11, [11], [2], [33.05714], 1
5, 11, [11  4  6  8 16], [7 5 7 5 5], [-22.800478   11.894697    4.7236066  20.987883   33.1427   ], 5
12, 1, [1], [12], [33.039917], 1

2, 11, [11], [2], [33.057198], 1
10, 16, [16  6], [10 10], [32.99739  33.123177], 2
3, 10, [10], [3], [33.079025], 1
11, 9, [9], [11], [33.05742], 1
12, 3, [3], [12], [33.033722], 1
8, 16, [16], [8], [33.13521], 1
7, 8, [ 8  6  9 10 13  8], [7 0 5 7 0 7], [ 8.657423  -7.391857  -5.8720913  3.4649143  3.9528255 33.092896 ], 6
2, 14, [14], [2], [33.066666], 1
1, 11, [11], [1], [33.101078], 1
7, 9, [ 9 16], [6 7], [-10.074892  33.127907], 2
2, 4, [ 4 12], [6 2], [-10.109886  33.05482 ], 2
9, 10, [10 14], [9 9], [32.929817 33.066174], 2
6, 15, [15  7], [6 6], [32.920864 33.07228 ], 2
12, 5, [5], [12], [33.032825], 1
3, 4, [ 4  9  5 11], [2 5 0 3], [-28.037598    3.1746774  11.87981    33.079136 ], 4
0, 5, [5 7], [7 0], [-10.117825  33.082684], 2
5, 11, [11  8], [6 5], [-10.048771  33.115852], 2
5, 4, [4 6], [6 5], [-10.067163  33.12552 ], 2
8, 11, [11], [8], [33.06343], 1
12, 8, [8], [12], [33.093872], 1
6, 11, [11], [6], [33.07811], 1
12, 13, [13], [12], [33.095955], 1
8, 5, [ 5  1 16  9], [4 4 8 8], [-23.357357  11.01978   24.972214  33.050217], 4
0, 2, [2], [0], [33.108433], 1
2, 7, [7], [2], [33.077454], 1
1, 7, [7], [1], [33.078766], 1
12, 15, [15], [12], [33.090508], 1
5, 16, [16 11 15], [9 5 5], [-12.526737  28.906834  33.06468 ], 3
4, 15, [15  7], [8 4], [-10.061298  33.082626], 2
10, 12, [12], [10], [33.077034], 1
2, 1, [ 1 16], [2 2], [32.92029  33.145214], 2
11, 3, [3], [11], [33.03112], 1

4, 16, [16], [4], [33.164482], 1
9, 5, [ 5 10 11], [11  9  9], [-12.613617  28.923431  33.055527], 3
3, 2, [2], [3], [33.05828], 1
3, 14, [14], [3], [33.065628], 1
12, 7, [7], [12], [33.069836], 1
12, 2, [2], [12], [33.06079], 1
6, 6, [ 6 16], [6 6], [33.010742 33.13877 ], 2
9, 11, [11], [9], [33.05543], 1
1, 1, [1], [1], [33.033005], 1
1, 1, [1], [1], [33.033005], 1
5, 14, [14], [5], [33.06347], 1
9, 3, [ 3  5 16], [11 11  9], [-20.424194   15.9066725  33.12375  ], 3
11, 15, [15], [11], [33.098476], 1
9, 3, [3], [9], [33.032394], 1
9, 12, [12], [9], [33.057693], 1
4, 7, [7], [4], [33.082584], 1
5, 2, [2 6], [5 5], [32.933533 33.125443], 2
12, 4, [4], [12], [33.05935], 1
0, 15, [15 10 13], [6 5 0], [-20.355669   15.9416485  33.097916 ], 3
12, 11, [11], [12], [33.0617], 1
3, 9, [9 8], [3 3], [32.93206  33.139835], 2
0, 1, [ 1 14  2], [6 0 0], [-12.606266  28.932117  33.114403], 3
9, 11, [11], [9], [33.055466], 1
0, 5, [ 5 13], [7 0], [-10.108713  33.097927], 2
10, 13, [13], [10], [33.09729], 1
10, 8, [8], [10], [33.087296], 1
12, 6, [6], [12], [33.12047], 1
2, 5, [5 4 1 8], [7 5 2 2], [-23.367998  10.999064  24.90398   33.118027], 4
4, 3, [3 4 6], [8 8 4], [-20.403788  15.949286  33.14856 ], 3
9, 1, [1], [9], [33.04625], 1
12, 8, [8], [12], [33.093872], 1
12, 7, [7], [12], [33.069836], 1

8, 7, [7], [8], [33.080273], 1
8, 3, [ 3  1 10 13], [4 8 4 8], [-20.242134  16.219398  11.968336  33.108   ], 4
0, 7, [7], [0], [33.08082], 1
8, 16, [16  5  8], [4 4 8], [-20.298874  15.885838  33.091064], 3
3, 2, [2], [3], [33.05803], 1
8, 8, [8 7 2], [4 8 8], [-12.543945  28.916338  33.059216], 3
3, 5, [ 5 11], [7 3], [-10.119938  33.079144], 2
10, 6, [6], [10], [33.121834], 1
0, 6, [6], [0], [33.129707], 1
9, 8, [8], [9], [33.086716], 1
12, 11, [11], [12], [33.0617], 1
12, 4, [4], [12], [33.059338], 1
2, 12, [12], [2], [33.054405], 1
0, 8, [8], [0], [33.10168], 1
10, 9, [9], [10], [33.055714], 1
12, 2, [2], [12], [33.06078], 1
7, 12, [12 13 16], [0 0 7], [-20.367199  15.973461  33.126556], 3
6, 2, [2], [6], [33.09348], 1
11, 10, [10], [11], [33.08985], 1
4, 13, [13], [4], [33.10486], 1
1, 8, [8], [1], [33.116547], 1
1, 5, [5], [1], [33.02552], 1
7, 10, [10 14  7  6 13  7 16], [5 7 0 0 0 0 7], [-31.956978    -3.4046059  -20.777771   -21.42759    -15.929087
  -0.04311752  33.13016   ], 7
4, 2, [2], [4], [33.060204], 1
6, 16, [16], [6], [33.13742], 1
0, 15, [15  9  2], [5 6 0], [-20.377335  15.914884  33.110947], 3
6, 8, [ 8 16], [2 6], [-9.999153 33.13877 ], 2
12, 14, [14], [12], [33.053223], 1
9, 10, [10], [9], [33.090157], 1
3, 5, [5 6], [5 3], [-10.099007  33.118248], 2
1, 14, [14], [1], [33.076813], 1
0, 12, [12 10  4 14], [6 7 5 0], [-28.01515     3.2259862  11.89695    33.067104 ], 4

12, 15, [15], [12], [33.090477], 1
0, 8, [8], [0], [33.101906], 1
5, 12, [12], [5], [33.04724], 1
6, 15, [15  7], [5 6], [-10.084127  33.07349 ], 2
8, 3, [ 3 16], [8 8], [32.907578 33.135216], 2
12, 9, [9], [12], [33.0522], 1
6, 1, [1 7], [7 6], [-10.122034  33.072372], 2
9, 7, [ 7 16], [11  9], [-10.053545  33.12362 ], 2
0, 4, [ 4 11], [6 0], [-10.087095  33.0929  ], 2
1, 4, [4], [1], [33.055046], 1
4, 4, [ 4 10  7], [8 4 4], [-12.565861  28.954975  33.082623], 3
2, 15, [15 12 16], [2 0 2], [22.631916 15.936055 33.1452  ], 3
12, 15, [15], [12], [33.090508], 1
2, 13, [13], [2], [33.11238], 1
6, 4, [ 4 10 14], [6 6 6], [30.416138 28.930754 33.074768], 3
11, 2, [2], [11], [33.061867], 1
7, 15, [15  5  3 10 13  8  9], [5 6 2 6 0 0 7], [-42.5709   -21.074043 -28.510612 -34.226765 -37.185295 -35.47172
 -25.949215], 7
2, 3, [3 8], [2 2], [32.896587 33.118057], 2
6, 5, [5 6], [0 6], [-10.090603  33.12804 ], 2
1, 15, [15], [1], [33.063248], 1
2, 1, [ 1 13], [6 2], [-10.099253  33.112415], 2
4, 12, [12  2], [4 4], [32.88686  33.060467], 2
7, 1, [ 1 10  3 11], [2 6 0 7], [-28.04309    3.205008  11.865538  33.064297], 4
3, 4, [ 4 11], [6 3], [-10.09457   33.079304], 2
11, 1, [1], [11], [33.039555], 1
8, 4, [ 4 15  8 13], [8 8 8 8], [27.499067 24.06453  24.959137 33.10768 ], 4
6, 7, [7], [6], [33.07239], 1
2, 6, [6], [2], [33.132053], 1
6, 15, [15  2], [5 6], [-10.06789   33.094505], 2
2, 14, [14], [2], [33.06668], 1
12, 10, [10], [12], [33.085857], 1
11, 6, [6], [11], [33.116634], 1

0, 10, [10 13], [7 0], [-10.052002  33.098896], 2
1, 2, [2], [1], [33.061085], 1
3, 4, [ 4 13], [6 3], [-10.083345  33.098892], 2
2, 12, [12], [2], [33.05486], 1
3, 15, [15 10], [3 3], [32.913177 33.07905 ], 2
0, 6, [ 6 16  5  4 11], [0 0 7 7 0], [17.47337    7.2412267 -3.2123098  7.9229746 33.092987 ], 5
11, 5, [5], [11], [33.0324], 1
4, 6, [6], [4], [33.144344], 1
0, 9, [ 9 13], [5 0], [-10.094458  33.09769 ], 2
4, 5, [5 4], [8 4], [-10.135767  33.054554], 2
5, 6, [ 6 15  6 16 12  2], [5 5 5 5 6 5], [21.165253  13.397334   7.2086535  3.4696703  3.8793592 33.056496 ], 6
0, 11, [11], [0], [33.09168], 1
7, 11, [11], [7], [33.063995], 1
3, 7, [7], [3], [33.096275], 1
5, 8, [8], [5], [33.113857], 1
12, 9, [9], [12], [33.0522], 1
12, 8, [8], [12], [33.093872], 1
12, 13, [13], [12], [33.095955], 1
6, 13, [13], [6], [33.17095], 1
10, 15, [15], [10], [33.08308], 1
3, 6, [6], [3], [33.118145], 1
5, 1, [ 1  7 10  7  8], [6 5 5 5 5], [-18.155731  19.68391   17.658775  20.958118  33.11579 ], 5
3, 13, [13], [3], [33.098984], 1
1, 13, [13], [1], [33.111874], 1
12, 1, [1], [12], [33.03992], 1
2, 11, [11], [2], [33.057198], 1
11, 5, [5 6], [ 9 11], [-10.098011  33.116585], 2
8, 12, [12  8  6  5], [8 8 4 8], [22.815786 16.274143 11.964685 33.033455], 4
8, 7, [ 7 16  8 14  4  6], [4 4 8 4 8 8], [-30.77461    -1.4273889   4.0306454  -1.7731371  16.939247   33.131496 ], 6
5, 7, [ 7 10  7 16], [5 5 5 5], [27.528618 24.069199 24.972178 33.141796], 4
4, 6, [6], [4], [33.146248], 1
7, 12, [12  4  5 11], [0 6 6 7], [-28.04371     3.1802392  11.870522   33.06366  ], 4

3, 10, [10], [3], [33.0803], 1
2, 12, [12 13], [6 2], [-10.08313  33.1124 ], 2
10, 12, [12], [10], [33.077187], 1
5, 5, [ 5  4 13], [6 6 5], [-20.410105  15.9283    33.11873 ], 3
8, 9, [ 9 14  1 16  8], [8 8 4 4 8], [17.353725   7.174647  -3.1492496  8.024264  33.091064 ], 5
11, 5, [ 5 10], [12 11], [-10.113432  33.089928], 2
11, 1, [1], [11], [33.03951], 1
5, 8, [ 8  7 14], [5 7 5], [22.654022 15.9196   33.063072], 3
6, 16, [16  9 13], [6 0 6], [22.704502 15.951479 33.173553], 3
11, 3, [3], [11], [33.03116], 1
10, 4, [4], [10], [33.069828], 1
1, 14, [14], [1], [33.076817], 1
4, 3, [ 3 11], [8 4], [-10.1218815  33.08596  ], 2
4, 11, [11], [4], [33.086624], 1
0, 11, [11], [0], [33.092213], 1
10, 4, [4], [10], [33.069828], 1
9, 3, [ 3 13], [9 9], [32.889774 33.096313], 2
2, 8, [8], [2], [33.118008], 1
1, 11, [11], [1], [33.101067], 1
5, 10, [10  2], [6 5], [-10.079012  33.058468], 2
8, 16, [16], [8], [33.13515], 1
4, 5, [ 5  1 11], [8 8 4], [-20.435427  15.888656  33.08596 ], 3
4, 10, [10 13], [4 4], [32.96865  33.104843], 2
4, 16, [16], [4], [33.17665], 1
7, 1, [ 1 16], [2 7], [-10.088108  33.12917 ], 2
0, 12, [12 16  5 10  7], [6 0 7 7 0], [-25.599733    7.251269   -3.1955729   7.9508696  33.080845 ], 5
9, 9, [9], [9], [33.063606], 1
8, 15, [15  9  1  2], [8 8 8 8], [27.474148 23.973251 24.873966 33.059128], 4
3, 8, [8], [3], [33.1396], 1
12, 4, [4], [12], [33.05941], 1
12, 3, [3], [12], [33.033672], 1
3, 7, [7], [3], [33.096165], 1

7, 6, [ 6 14], [0 7], [-10.035683  33.058067], 2
12, 7, [7], [12], [33.069836], 1
4, 5, [ 5  4  1 16], [8 8 4 4], [-23.352726  11.026581  24.944086  33.17892 ], 4
12, 16, [16], [12], [33.126564], 1
4, 6, [6], [4], [33.145763], 1
10, 6, [6], [10], [33.121124], 1
11, 6, [6], [11], [33.116623], 1
7, 7, [7 8], [7 7], [32.93586 33.09285], 2
9, 7, [7], [9], [33.072926], 1
4, 5, [5 1 4 8], [8 4 8 4], [-20.252264  16.193872  11.928104  33.107967], 4
0, 12, [12 13], [0 0], [32.908966 33.0996  ], 2
4, 10, [10 15  7], [4 4 4], [30.468147 28.938011 33.082626], 3
1, 3, [3], [1], [33.023304], 1
0, 10, [10 16], [6 0], [-10.0174675  33.163185 ], 2
8, 14, [14  4  6], [4 8 8], [-12.573137  28.939247  33.131496], 3
0, 3, [3 4 9 6], [6 6 5 0], [-28.046062    3.2121818  11.924803   33.12979  ], 4
5, 5, [5 3], [6 5], [-10.150965  33.02359 ], 2
11, 3, [3], [11], [33.031258], 1
5, 13, [13], [5], [33.112778], 1
2, 7, [7], [2], [33.077526], 1
3, 8, [8], [3], [33.13905], 1
12, 1, [1], [12], [33.03992], 1
2, 16, [16], [2], [33.14417], 1
12, 14, [14], [12], [33.053234], 1
3, 4, [4 9 6], [5 5 3], [-20.393394  15.917376  33.11842 ], 3
12, 4, [4], [12], [33.05935], 1
11, 6, [6], [11], [33.116623], 1
12, 6, [6], [12], [33.12047], 1
3, 11, [11], [3], [33.079117], 1
4, 10, [10 15 10  8], [4 4 4 4], [27.54228  24.061848 24.9699   33.10788 ], 4
6, 10, [10 14], [6 6], [32.931698 33.074905], 2
12, 12, [12], [12], [33.061554], 1

12, 16, [16], [12], [33.12658], 1
12, 10, [10], [12], [33.08586], 1
7, 9, [9 8], [6 7], [-10.095688  33.093277], 2
12, 2, [2], [12], [33.060783], 1
9, 9, [9], [9], [33.063553], 1
12, 16, [16], [12], [33.12654], 1
7, 15, [15 11], [5 7], [-10.08955   33.064297], 2
11, 2, [2], [11], [33.06183], 1
11, 10, [10], [11], [33.089752], 1
3, 15, [15], [3], [33.064003], 1
0, 16, [16  3 10  8], [0 7 7 0], [15.074803   3.1983886 11.951702  33.10182  ], 4
8, 6, [6], [8], [33.13354], 1
3, 4, [ 4 10], [6 3], [-10.0951    33.078983], 2
8, 8, [ 8 16], [8 8], [32.97647  33.135227], 2
12, 2, [2], [12], [33.06074], 1
0, 5, [5 8], [0 0], [32.8936  33.10182], 2
12, 15, [15], [12], [33.090508], 1
9, 7, [7], [9], [33.072815], 1
12, 12, [12], [12], [33.061554], 1
8, 14, [14], [8], [33.064865], 1
7, 7, [ 7 14  7 16], [0 7 0 7], [-20.179502   16.236187   11.9568815  33.13016  ], 4
1, 13, [13], [1], [33.11187], 1
8, 10, [10 15 12 10 15 14 13], [4 8 4 4 8 8 8], [-29.242977    1.0891476 -13.340754   -8.985934    4.8508844  12.928806
  33.108    ], 7
5, 2, [2], [5], [33.057384], 1
0, 8, [8], [0], [33.101562], 1
7, 9, [ 9  8 15 13 10  9 15], [6 7 5 0 0 7 7], [-33.72814    -6.2939615 -25.645447  -29.54121   -29.396935  -22.484608
 -25.892395 ], 7
9, 16, [16], [9], [33.12395], 1
9, 3, [3 9], [11  9], [-10.130411  33.063656], 2
4, 7, [7], [4], [33.082603], 1
11, 8, [8], [11], [33.08631], 1
4, 12, [12 14], [4 4], [32.888527 33.06244 ], 2
1, 3, [3], [1], [33.023304], 1

12, 6, [6], [12], [33.12047], 1
4, 9, [9 8], [8 4], [-10.088642  33.103985], 2
10, 14, [14], [10], [33.065342], 1
9, 7, [7], [9], [33.07288], 1
3, 6, [6], [3], [33.118217], 1
12, 13, [13], [12], [33.09595], 1
11, 16, [16], [11], [33.12255], 1
3, 6, [6], [3], [33.118282], 1
7, 1, [ 1 16], [2 7], [-10.089327  33.12816 ], 2
10, 15, [15], [10], [33.082207], 1
2, 13, [13], [2], [33.112377], 1
7, 4, [ 4  8 11], [6 0 7], [-20.381027  15.935076  33.06211 ], 3
11, 5, [5], [11], [33.032356], 1
3, 15, [15 13], [3 3], [32.92741 33.09906], 2
2, 10, [10  5 16], [5 2 2], [-12.563869  28.917423  33.145214], 3
6, 6, [6], [6], [33.127846], 1
8, 14, [14 16], [8 8], [32.946922 33.138195], 2
1, 5, [5], [1], [33.025528], 1
0, 6, [6], [0], [33.129932], 1
3, 13, [13], [3], [33.099083], 1
4, 5, [ 5 14], [8 4], [-10.130695  33.062256], 2
4, 14, [14], [4], [33.062447], 1
12, 4, [4], [12], [33.059338], 1
9, 2, [2], [9], [33.060814], 1
3, 11, [11], [3], [33.07908], 1
12, 6, [6], [12], [33.12047], 1
6, 9, [ 9 14], [6 6], [32.892952 33.074905], 2
3, 13, [13], [3], [33.098896], 1
3, 12, [12 11], [3 3], [32.896843 33.079132], 2
11, 13, [13], [11], [33.096336], 1
6, 1, [ 1 12  2], [5 6 6], [-12.622831  28.906183  33.094505], 3
3, 14, [14], [3], [33.065628], 1

8, 12, [12  4  8], [8 8 8], [30.400562 28.91554  33.090782], 3
4, 9, [ 9 11], [8 4], [-10.098978  33.08594 ], 2
3, 3, [ 3 14], [2 3], [-10.135487  33.06565 ], 2
3, 3, [ 3 16  5 12  2], [3 2 3 2 3], [14.22961    2.0038512  9.75862    7.8833284 33.05798  ], 5
1, 2, [2], [1], [33.06109], 1
12, 5, [5], [12], [33.032825], 1
5, 14, [14 13  7 10], [5 0 7 5], [15.018426   3.2574055 11.932833  33.08513  ], 4
4, 11, [11], [4], [33.088608], 1
1, 7, [7], [1], [33.078766], 1
4, 3, [ 3 13], [8 4], [-10.110523  33.10485 ], 2
7, 10, [10  2 16], [6 5 7], [-20.353895  15.934571  33.127724], 3
8, 1, [ 1 12  2], [8 4 8], [22.570179 15.886303 33.05916 ], 3
9, 14, [14 12], [9 9], [32.900536 33.058132], 2
0, 16, [16  5  2], [3 0 0], [-12.481026  28.908714  33.125942], 3
10, 3, [3], [10], [33.02894], 1
12, 1, [1], [12], [33.039913], 1
9, 4, [4], [9], [33.073475], 1
2, 5, [ 5  4 15  7], [2 5 2 2], [19.63377  11.005794 24.91517  33.077503], 4
11, 12, [12], [11], [33.051334], 1
8, 5, [ 5  7 16  2], [8 8 4 8], [22.801533 16.283665 12.004581 33.05921 ], 4
1, 6, [6], [1], [33.09224], 1
5, 12, [12 15  7 15  8], [6 5 5 5 5], [-18.151985  19.6642    17.654255  20.942684  33.11579 ], 5
12, 4, [4], [12], [33.059338], 1
1, 7, [7], [1], [33.078766], 1
9, 15, [15  6], [9 9], [32.951103 33.109825], 2
12, 7, [7], [12], [33.069836], 1
7, 1, [1 7 6 8], [2 0 0 7], [-28.004465    3.2707355  11.987135   33.092896 ], 4
10, 8, [8], [10], [33.08598], 1
12, 8, [8], [12], [33.093872], 1
9, 14, [14], [9], [33.06641], 1
12, 13, [13], [12], [33.09596], 1
4, 14, [14], [4], [33.062424], 1

3, 8, [8], [3], [33.13996], 1
7, 12, [12  5  8], [7 7 7], [30.3825   28.888533 33.093277], 3
12, 1, [1], [12], [33.03992], 1
0, 9, [ 9 14], [6 0], [-10.1118965  33.06648  ], 2
12, 11, [11], [12], [33.0617], 1
12, 4, [4], [12], [33.059338], 1
4, 1, [1 5 8], [4 8 4], [22.574726 15.896193 33.107967], 3
12, 1, [1], [12], [33.039917], 1
9, 16, [16], [9], [33.123924], 1
1, 2, [2], [1], [33.06109], 1
11, 4, [4], [11], [33.077637], 1
0, 2, [2], [0], [33.110138], 1
11, 13, [13], [11], [33.096535], 1
2, 1, [1 6], [2 2], [32.912605 33.13215 ], 2
0, 3, [ 3  4 12  8], [6 6 7 0], [-28.049952    3.2048633  11.911108   33.10164  ], 4
8, 5, [ 5 11  8], [4 8 8], [-12.614155  28.92441   33.091064], 3
9, 9, [9], [9], [33.06343], 1
4, 7, [7], [4], [33.08261], 1
12, 10, [10], [12], [33.08586], 1
5, 1, [1 2], [6 5], [-10.130461  33.058468], 2
1, 14, [14], [1], [33.076813], 1
2, 10, [10], [2], [33.078163], 1
0, 5, [ 5 11], [5 0], [-10.113714  33.092136], 2
7, 4, [ 4 13  5  8], [6 0 0 7], [-28.003952    3.2310505  11.889937   33.092896 ], 4
7, 8, [ 8 13  2], [0 0 7], [-20.338045  15.939235  33.069283], 3
10, 2, [2], [10], [33.060913], 1
8, 16, [16], [8], [33.138187], 1
0, 8, [8], [0], [33.101814], 1
6, 16, [16  7], [6 6], [32.97693  33.071697], 2
11, 13, [13], [11], [33.096333], 1
8, 6, [6], [8], [33.13128], 1
8, 13, [13], [8], [33.107952], 1

10, 3, [3], [10], [33.028946], 1
0, 7, [7], [0], [33.083008], 1
10, 5, [5], [10], [33.031662], 1
10, 3, [3], [10], [33.028934], 1
5, 11, [11 10 13], [5 6 5], [22.642197 15.954402 33.11934 ], 3
3, 9, [ 9 16  7], [6 2 3], [-20.347813  16.006649  33.096615], 3
12, 1, [1], [12], [33.039917], 1
7, 4, [4 8], [5 7], [-10.087027  33.093277], 2
6, 15, [15 13], [5 6], [-10.021643  33.17092 ], 2
4, 8, [8], [4], [33.108906], 1
4, 1, [ 1 16], [4 4], [32.943153 33.178154], 2
7, 7, [ 7 16 11], [0 0 7], [-20.333225  15.979489  33.058285], 3
8, 6, [ 6 14], [4 8], [-10.021166  33.064884], 2
2, 2, [2], [2], [33.0628], 1
8, 2, [2], [8], [33.05926], 1
3, 16, [16], [3], [33.178288], 1
12, 13, [13], [12], [33.095947], 1
9, 3, [3], [9], [33.032227], 1
2, 1, [ 1 14], [2 2], [32.873177 33.066685], 2
12, 5, [5], [12], [33.032837], 1
12, 15, [15], [12], [33.090508], 1
4, 14, [14], [4], [33.06232], 1
0, 5, [ 5 16  6], [0 0 0], [30.452702 29.033573 33.12967 ], 3
0, 15, [15  6], [5 0], [-10.049274  33.12966 ], 2
3, 13, [13], [3], [33.09909], 1
3, 13, [13], [3], [33.098953], 1
3, 3, [3 8], [6 3], [-10.090153  33.1399  ], 2
12, 5, [5], [12], [33.032825], 1
6, 16, [16], [6], [33.139378], 1
4, 7, [7], [4], [33.082607], 1
9, 8, [8], [9], [33.086647], 1
2, 15, [15  8], [5 2], [-10.054417  33.118195], 2

----------------------train at epoch 3-----------------------------
1, 13, [13], [1], [33.11187], 1
0, 5, [ 5 15  6], [7 5 0], [-20.396496  15.951568  33.129715], 3
6, 11, [11], [6], [33.07811], 1
11, 13, [13], [11], [33.096535], 1
11, 10, [10], [11], [33.089752], 1
12, 16, [16], [12], [33.126556], 1
9, 12, [12], [9], [33.057922], 1
2, 15, [15  7], [2 2], [32.91517  33.077503], 2
12, 13, [13], [12], [33.095955], 1
3, 5, [5], [3], [33.026733], 1
1, 7, [7], [1], [33.078777], 1
1, 2, [2], [1], [33.06109], 1
6, 11, [11], [6], [33.077667], 1
3, 11, [11], [3], [33.079216], 1
8, 2, [2], [8], [33.05927], 1
11, 15, [15], [11], [33.101715], 1
3, 1, [ 1 11], [7 3], [-10.118107  33.079136], 2
2, 5, [5 2], [7 2], [-10.130234  33.062794], 2
0, 3, [ 3 12  7], [6 6 0], [-20.434774  15.898033  33.08088 ], 3
4, 3, [ 3 13], [8 4], [-10.110523  33.10485 ], 2
8, 10, [10  2], [8 8], [32.938072 33.05934 ], 2
5, 5, [ 5  6 16], [0 7 5], [-20.357525  16.016497  33.1427  ], 3
4, 9, [ 9 12 13], [8 4 4], [-12.6021595  28.913973   33.10485  ], 3
2, 3, [ 3 16], [2 2], [32.912277 33.145203], 2
5, 10, [10  5 16], [5 0 5], [22.6348   15.918271 33.142822], 3
7, 5, [ 5  2 10 16  6  7 10], [0 7 5 0 0 0 0], [-35.3583    -8.984699 -30.08624  -36.95247  -41.82831  -43.2651
 -38.90617 ], 7
3, 16, [16], [3], [33.178288], 1
3, 14, [14], [3], [33.06566], 1
3, 13, [13], [3], [33.098984], 1
12, 3, [3], [12], [33.033722], 1
0, 9, [9 7], [6 0], [-10.101898  33.08314 ], 2
10, 5, [5], [10], [33.03166], 1

5, 1, [ 1 15  4 11 16], [5 5 6 7 5], [17.33557    7.1699924 -3.1732411  7.948657  33.1427   ], 5
6, 2, [2], [6], [33.09348], 1
2, 16, [16], [2], [33.14456], 1
6, 11, [11], [6], [33.077816], 1
2, 8, [8], [2], [33.11798], 1
9, 5, [5], [9], [33.032032], 1
12, 12, [12], [12], [33.061554], 1
12, 8, [8], [12], [33.09387], 1
2, 10, [10], [2], [33.078163], 1
7, 2, [ 2 16  7 15  9  6 15], [5 0 0 5 5 0 5], [-43.10548  -21.953259 -30.161106 -37.065933 -41.888107 -43.228443
 -38.933067], 7
8, 8, [ 8 16 15  8  6], [4 8 8 4 8], [-20.8499     15.073084    9.885002    7.9865093  33.134186 ], 5
5, 8, [8 6], [5 5], [32.98464  33.125687], 2
6, 8, [8], [6], [33.117844], 1
8, 12, [12  7], [8 8], [32.89953 33.08038], 2
1, 6, [6], [1], [33.091927], 1
9, 8, [8], [9], [33.08669], 1
0, 13, [13], [0], [33.097702], 1
10, 1, [1], [10], [33.039364], 1
1, 5, [5], [1], [33.025528], 1
5, 11, [11], [5], [33.078354], 1
5, 3, [ 3 11], [5 5], [32.8714  33.07836], 2
4, 1, [1 7], [4 4], [32.886303 33.08262 ], 2
2, 13, [13], [2], [33.11238], 1
5, 7, [ 7 14], [5 5], [32.926315 33.062656], 2
12, 10, [10], [12], [33.08586], 1
9, 8, [8], [9], [33.08673], 1
12, 9, [9], [12], [33.0522], 1
9, 9, [9], [9], [33.063614], 1
5, 12, [12 16  6  9], [9 9 9 5], [-27.970629    3.2966375  11.941905   33.047222 ], 4
7, 9, [ 9 16 15 16 10  2 11], [6 0 5 0 7 5 7], [-38.065662   -13.52301    -16.115326   -13.637175    -2.9678671
  -0.09526443  33.06275   ], 7
4, 14, [14], [4], [33.062447], 1
4, 4, [ 4 13], [8 4], [-10.073767  33.104847], 2

12, 1, [1], [12], [33.039917], 1
5, 5, [ 5  7 15  8], [6 5 5 5], [-15.534574  24.054184  24.947697  33.114006], 4
7, 8, [ 8 16  2 16], [0 7 7 7], [-15.439493  24.104887  24.964493  33.128162], 4
9, 1, [1], [9], [33.04636], 1
2, 11, [11], [2], [33.057198], 1
8, 9, [9 6], [8 8], [32.931107 33.134155], 2
1, 12, [12], [1], [33.04312], 1
12, 12, [12], [12], [33.06155], 1
6, 7, [7], [6], [33.07365], 1
12, 8, [8], [12], [33.093872], 1
12, 11, [11], [12], [33.0617], 1
4, 2, [2], [4], [33.060486], 1
8, 15, [15 10  4 16], [8 4 4 8], [15.055023   3.2690375 11.942505  33.138195 ], 4
2, 1, [ 1  5 10 13], [7 2 5 2], [-20.244179  16.202168  11.953123  33.11241 ], 4
12, 13, [13], [12], [33.09596], 1
2, 15, [15 13], [5 2], [-10.057884  33.112415], 2
6, 5, [ 5  8  3  1  8 13], [0 2 6 7 2 6], [-32.551613    -4.306188    -0.70628786  -9.552014     4.0215855
  33.17311   ], 6
6, 10, [10  8  6], [6 2 6], [22.682873 15.994368 33.12797 ], 3
5, 12, [12 14], [9 5], [-10.106945  33.06367 ], 2
0, 13, [13], [0], [33.09793], 1
0, 2, [2], [0], [33.110474], 1
4, 4, [ 4 11], [8 4], [-10.086868  33.086628], 2
6, 4, [4 7], [6 6], [32.90174 33.07349], 2
7, 3, [ 3  4 10 15 16 10 14], [6 6 6 5 0 7 7], [-41.567776 -19.323738 -25.635258 -29.537666 -29.340937 -22.474136
 -25.939049], 7
8, 9, [ 9 14], [8 8], [32.887802 33.064884], 2
7, 14, [14  8  6  7  4 11], [5 7 7 7 5 7], [-21.897614   13.402575    7.183481    3.4190464   3.898161   33.064247 ], 6
10, 13, [13], [10], [33.097427], 1
6, 16, [16  6], [6 6], [33.010693 33.127968], 2
12, 7, [7], [12], [33.069836], 1
7, 8, [ 8 16 15  8  6 10  9], [ 7 10  5  7  0  5  7], [  3.3348265 -16.263153  -20.646719  -21.202106  -37.158535  -35.481964
 -25.950577 ], 7
0, 6, [6], [0], [33.129578], 1
0, 1, [ 1  9 11], [2 6 0], [-20.423767  15.903498  33.092136], 3

7, 16, [16  1 13 10  5 13 11], [7 7 0 0 7 0 7], [ 12.7412405   -0.64273643 -16.130873   -13.714352    -3.0031788
  -0.06499481  33.06211   ], 7
9, 9, [9], [9], [33.062042], 1
12, 16, [16], [12], [33.126545], 1
11, 8, [8], [11], [33.086304], 1
7, 5, [ 5  1  9 16], [0 7 6 7], [-20.253307  16.1902    11.92627   33.130436], 4
10, 16, [16  5], [10 10], [32.94274 33.03163], 2
4, 8, [8], [4], [33.108147], 1
5, 11, [11 13], [6 5], [-10.048336  33.116577], 2
4, 14, [14], [4], [33.062225], 1
12, 7, [7], [12], [33.069836], 1
0, 16, [16  5 11], [0 7 0], [22.70243  15.889698 33.092987], 3
6, 12, [12  1 13], [5 0 6], [-20.388134  15.937986  33.172005], 3
0, 10, [10  5  3 10 13], [5 7 6 5 0], [-33.452103   -5.8916693  -3.208241    7.9416485  33.097916 ], 5
12, 3, [3], [12], [33.03373], 1
5, 12, [12], [5], [33.04724], 1
7, 7, [ 7 14 15 11], [7 7 5 7], [22.804352 16.208261 11.912493 33.06311 ], 4
10, 13, [13], [10], [33.097404], 1
1, 14, [14], [1], [33.076805], 1
4, 1, [ 1 15  7], [4 8 4], [22.60253  15.942532 33.0826  ], 3
11, 9, [9], [11], [33.05712], 1
5, 6, [6 7], [9 5], [-10.0292    33.100185], 2
12, 5, [5], [12], [33.03283], 1
8, 8, [8], [8], [33.090782], 1
12, 8, [8], [12], [33.09387], 1
4, 1, [ 1 12 11], [4 4 4], [30.377043 28.901306 33.08882 ], 3
11, 10, [10], [11], [33.089867], 1
0, 15, [15  7], [5 0], [-10.078629  33.080738], 2
3, 5, [ 5  6 13], [0 3 3], [-12.578711  28.981602  33.098896], 3
7, 1, [ 1  7 12 11  9 13 10], [7 0 5 0 7 0 7], [  2.1078577 -18.21097   -23.816256  -26.43923   -24.214823  -35.44294
 -25.898598 ], 7
2, 6, [6], [2], [33.13227], 1
8, 13, [13 15 13  2], [8 8 8 8], [27.54102  24.05595  24.942926 33.059128], 4
7, 15, [15 10  4 14 15  7 11], [5 6 5 5 5 7 7], [-38.77434  -14.743685 -18.04895  -16.843262  -8.173357  12.918699
  33.064247], 7

0, 10, [10  4  7], [6 5 0], [-20.371283  15.906826  33.08314 ], 3
0, 2, [2], [0], [33.121445], 1
7, 4, [ 4  2  3 16], [5 7 0 7], [-20.219082  16.206516  11.907816  33.130463], 4
6, 5, [ 5 14], [7 6], [-10.122711  33.074554], 2
3, 9, [9 6], [6 3], [-10.080854  33.118248], 2
2, 13, [13], [2], [33.11237], 1
7, 13, [13  6  7 10 16], [0 0 0 5 7], [-33.355953   -5.754561   -3.1407046   7.967519   33.13016  ], 5
9, 9, [9], [9], [33.063293], 1
10, 14, [14], [10], [33.065254], 1
3, 4, [ 4 16], [6 3], [-10.034798  33.17949 ], 2
10, 8, [8], [10], [33.086227], 1
12, 6, [6], [12], [33.12047], 1
12, 5, [5], [12], [33.032825], 1
12, 13, [13], [12], [33.095955], 1
12, 15, [15], [12], [33.090508], 1
7, 15, [15  6  8  9  8  6  4], [5 0 7 7 7 0 5], [-33.928684   -6.6668205  -4.662496  -16.259186  -28.84768   -43.23449
 -38.94189  ], 7
0, 14, [14 13], [0 0], [32.925762 33.098824], 2
8, 4, [4 8], [8 8], [32.915615 33.091972], 2
9, 13, [13], [9], [33.096344], 1
4, 5, [ 5 14], [8 4], [-10.130894  33.062386], 2
12, 9, [9], [12], [33.0522], 1
5, 8, [8], [5], [33.11177], 1
12, 10, [10], [12], [33.08586], 1
12, 7, [7], [12], [33.069836], 1
10, 1, [1], [10], [33.039234], 1
9, 5, [5], [9], [33.031982], 1
1, 4, [4], [1], [33.055077], 1
4, 1, [ 1 10  1 16], [8 4 8 4], [-20.201035  16.26981   11.940111  33.17172 ], 4
1, 3, [3], [1], [33.0233], 1
10, 15, [15], [10], [33.082375], 1
12, 8, [8], [12], [33.093864], 1
12, 10, [10], [12], [33.08586], 1

4, 15, [15 11], [8 4], [-10.055048  33.086628], 2
1, 14, [14], [1], [33.076817], 1
3, 6, [6], [3], [33.11809], 1
0, 11, [11], [0], [33.091625], 1
6, 11, [11], [6], [33.077778], 1
8, 9, [ 9  2  8  2 12 16], [8 8 8 8 8 8], [22.742138 16.155457 11.826679 11.218912 16.932438 33.135227], 6
4, 10, [10 16], [4 4], [33.00834  33.171947], 2
3, 15, [15], [3], [33.064003], 1
11, 5, [5], [11], [33.03248], 1
5, 15, [15 10  9], [5 6 5], [22.623474 15.913663 33.04626 ], 3
10, 4, [4], [10], [33.070137], 1
12, 15, [15], [12], [33.090504], 1
12, 1, [1], [12], [33.039917], 1
7, 6, [6 7 6], [7 7 7], [30.507118 28.958666 33.13212 ], 3
2, 1, [1 8], [2 2], [32.903984 33.118183], 2
1, 5, [5], [1], [33.02552], 1
1, 10, [10], [1], [33.11126], 1
5, 15, [15 13], [5 5], [32.938286 33.111927], 2
10, 3, [3], [10], [33.02894], 1
3, 1, [1], [3], [33.03475], 1
9, 13, [13], [9], [33.09638], 1
3, 3, [ 3 15  4 13], [6 0 2 3], [-28.036737   3.228927  11.916941  33.098907], 4
3, 12, [12  6 13], [3 3 3], [30.433966 28.981602 33.098896], 3
12, 14, [14], [12], [33.053207], 1
2, 11, [11], [2], [33.05721], 1
9, 4, [4], [9], [33.073326], 1
4, 14, [14], [4], [33.06232], 1
9, 2, [2], [9], [33.06083], 1
10, 10, [10], [10], [33.08122], 1
12, 12, [12], [12], [33.061546], 1
6, 12, [12  8], [0 6], [-10.0799885  33.1185   ], 2
11, 8, [8], [11], [33.086304], 1

3, 6, [6], [3], [33.118282], 1
5, 15, [15 16], [5 5], [32.95876 33.14309], 2
3, 8, [8], [3], [33.13956], 1
12, 9, [9], [12], [33.052258], 1
8, 2, [2], [8], [33.05926], 1
1, 11, [11], [1], [33.101078], 1
8, 6, [6], [8], [33.13098], 1
7, 8, [ 8 13 11], [0 0 7], [-20.341473  15.933522  33.05976 ], 3
8, 14, [14  6], [8 8], [32.9442  33.13365], 2
2, 6, [6], [2], [33.132103], 1
12, 5, [5], [12], [33.032825], 1
12, 10, [10], [12], [33.08586], 1
6, 12, [12  7], [0 6], [-10.1069145  33.07349  ], 2
9, 4, [4], [9], [33.073227], 1
2, 12, [12 16], [0 2], [-10.063915  33.145203], 2
10, 8, [8], [10], [33.087296], 1
4, 1, [1 3 8], [4 8 4], [22.56916  15.889224 33.104427], 3
12, 11, [11], [12], [33.0617], 1
10, 2, [2], [10], [33.060913], 1
8, 10, [10 14], [4 8], [-10.05076  33.06534], 2
11, 6, [6], [11], [33.116623], 1
2, 8, [8], [2], [33.118122], 1
4, 3, [ 3 12  9 14], [8 4 8 4], [-20.265583  16.17976   11.886244  33.062256], 4
11, 1, [1], [11], [33.03996], 1
11, 8, [8], [11], [33.086292], 1
3, 7, [7], [3], [33.09627], 1
8, 1, [ 1  7 14  6], [8 4 4 8], [14.985411   3.2471511 11.942213  33.131496 ], 4
12, 3, [3], [12], [33.033672], 1
2, 3, [ 3 14], [2 2], [32.86576 33.06668], 2
11, 5, [5 1], [ 9 11], [-10.144268  33.039467], 2
10, 6, [6], [10], [33.12102], 1
3, 13, [13], [3], [33.09909], 1

12, 4, [4], [12], [33.05935], 1
3, 11, [11], [3], [33.07908], 1
11, 16, [16], [11], [33.12255], 1
3, 15, [15 13], [6 3], [-10.062605  33.098907], 2
6, 1, [ 1 13], [0 6], [-10.062014  33.172005], 2
10, 14, [14], [10], [33.065254], 1
5, 14, [14], [5], [33.063545], 1
4, 2, [2], [4], [33.060493], 1
9, 11, [11], [9], [33.055546], 1
2, 16, [16], [2], [33.14464], 1
9, 2, [2], [9], [33.06082], 1
2, 8, [8], [2], [33.118057], 1
7, 8, [ 8 16 13  8 14  6 15], [ 0 10  0  0  7  0  5], [-41.387184 -19.138641 -25.439396 -29.226965 -28.872    -43.223427
 -38.922142], 7
4, 16, [16], [4], [33.177925], 1
12, 10, [10], [12], [33.08586], 1
10, 2, [2], [10], [33.06091], 1
4, 1, [ 1 10 16], [4 4 4], [30.441841 29.00834  33.171947], 3
3, 10, [10], [3], [33.079025], 1
11, 3, [3], [11], [33.03116], 1
1, 4, [4], [1], [33.055046], 1
10, 2, [2], [10], [33.06115], 1
6, 13, [13], [6], [33.17146], 1
1, 3, [3], [1], [33.0233], 1
6, 3, [ 3 16  6], [12  6  6], [-12.565409  29.010693  33.127968], 3
6, 1, [ 1 11], [2 6], [-10.119577  33.07811 ], 2
11, 10, [10], [11], [33.08985], 1
2, 1, [ 1 16], [2 2], [32.92041  33.145153], 2
12, 14, [14], [12], [33.053223], 1
12, 9, [9], [12], [33.0522], 1
5, 8, [8], [5], [33.113857], 1
4, 6, [6], [4], [33.146248], 1
3, 10, [10], [3], [33.079025], 1

12, 14, [14], [12], [33.05322], 1
0, 7, [7], [0], [33.0809], 1
5, 11, [11  2], [5 5], [32.90576 33.05757], 2
1, 8, [8], [1], [33.116554], 1
4, 11, [11], [4], [33.089005], 1
7, 13, [13 16  8], [0 0 7], [-20.303425  15.999144  33.092896], 3
1, 2, [2], [1], [33.06109], 1
7, 3, [ 3  8 16], [2 0 7], [-20.389729  15.974707  33.128162], 3
11, 1, [1], [11], [33.039772], 1
2, 2, [2], [2], [33.06292], 1
9, 1, [ 1 10  6], [11  9  9], [-12.586636  28.955294  33.10866 ], 3
10, 4, [4], [10], [33.07], 1
0, 7, [7], [0], [33.081337], 1
0, 12, [12  7], [6 0], [-10.101967  33.08088 ], 2
2, 3, [ 3 16], [0 2], [-10.0857525  33.145153 ], 2
7, 13, [13  8  2], [0 0 7], [-20.338196  15.940231  33.069283], 3
10, 8, [8], [10], [33.08598], 1
9, 15, [15], [9], [33.07749], 1
3, 6, [6], [3], [33.118217], 1
4, 4, [ 4 12  9 12 13], [8 4 8 4 4], [-22.854425   11.809075    4.5971217  20.913708   33.104843 ], 5
2, 12, [12], [2], [33.05486], 1
1, 8, [8], [1], [33.116592], 1
3, 5, [ 5 16], [0 3], [-10.060158  33.17913 ], 2
11, 3, [3], [11], [33.03121], 1
8, 1, [1 6], [8 8], [32.918587 33.13365 ], 2
2, 16, [16], [2], [33.14459], 1
6, 10, [10 13], [6 6], [32.986126 33.168793], 2
8, 16, [16], [8], [33.13515], 1
11, 16, [16], [11], [33.12255], 1
12, 8, [8], [12], [33.093857], 1
6, 16, [16], [6], [33.139378], 1
6, 10, [10  1  6 13], [6 6 6 6], [27.518105 24.052834 25.030779 33.17123 ], 4

5, 8, [8], [5], [33.108593], 1
2, 2, [2], [2], [33.062737], 1
3, 3, [3 8], [0 3], [-10.089577  33.13877 ], 2
9, 9, [9], [9], [33.063606], 1
12, 3, [3], [12], [33.033672], 1
9, 15, [15], [9], [33.078564], 1
7, 15, [15  3 16  8], [5 6 0 7], [-27.997005    3.2264872  11.999384   33.09306  ], 4
9, 7, [7], [9], [33.072926], 1
10, 16, [16  6], [ 7 10], [-9.99799 33.12316], 2
10, 13, [13], [10], [33.097435], 1
12, 4, [4], [12], [33.059338], 1
8, 7, [7 2], [8 8], [32.916336 33.059216], 2
9, 1, [1], [9], [33.04568], 1
11, 11, [11], [11], [33.065258], 1
5, 6, [ 6 13], [9 5], [-10.015482  33.117725], 2
1, 8, [8], [1], [33.116535], 1
3, 14, [14], [3], [33.06565], 1
1, 10, [10], [1], [33.111256], 1
11, 9, [9], [11], [33.05772], 1
9, 4, [4], [9], [33.073467], 1
9, 6, [6], [9], [33.109142], 1
3, 12, [12  9 10], [2 6 3], [-20.412857  15.895562  33.07894 ], 3
4, 2, [2], [4], [33.060482], 1
0, 1, [ 1 13], [7 0], [-10.104439  33.101696], 2
12, 13, [13], [12], [33.09595], 1
1, 2, [2], [1], [33.06109], 1
10, 16, [16 10], [ 7 10], [-10.022337  33.08109 ], 2
4, 7, [7], [4], [33.08261], 1
7, 1, [ 1 12  7 13 10 16], [2 0 5 0 0 7], [-37.242615  -12.128343  -13.627481   -9.523589    3.9644537  33.128162 ], 6
12, 4, [4], [12], [33.05935], 1
3, 10, [10], [3], [33.0803], 1
10, 3, [3], [10], [33.02893], 1

7, 10, [10 13 12  8], [6 0 5 7], [-27.97021     3.2374096  11.900536   33.092896 ], 4
4, 13, [13], [4], [33.104866], 1
0, 16, [16  8], [3 0], [-9.965221 33.101723], 2
9, 12, [12], [9], [33.05739], 1
6, 15, [15 14], [5 6], [-10.083038  33.074715], 2
5, 10, [10  1 16], [6 6 5], [-20.361855  15.920397  33.14323 ], 3
6, 2, [2], [6], [33.093414], 1
2, 9, [ 9 16], [6 2], [-10.064701  33.14523 ], 2
8, 13, [13], [8], [33.107952], 1
1, 15, [15], [1], [33.063248], 1
5, 11, [11  5 16], [7 7 5], [-20.384594  15.919894  33.1431  ], 3
0, 7, [7], [0], [33.082237], 1
9, 10, [10], [9], [33.090183], 1
12, 5, [5], [12], [33.032825], 1
8, 13, [13], [8], [33.108086], 1
5, 4, [ 4 16], [6 5], [-10.056742  33.142822], 2
11, 6, [6], [11], [33.11665], 1
10, 12, [12], [10], [33.07624], 1
11, 12, [12], [11], [33.051334], 1
5, 2, [ 2 11 10], [5 7 5], [22.607655  15.9156475 33.086494 ], 3
8, 9, [ 9 10 13], [8 4 8], [22.633667 15.974344 33.108505], 3
7, 14, [14 13  8], [5 0 7], [-20.367683  15.952051  33.090874], 3
7, 3, [ 3 16  4 10 16], [6 7 7 5 7], [-20.95287   15.035      9.841396   7.967519  33.13016 ], 5
10, 4, [4], [10], [33.069828], 1
2, 6, [6], [2], [33.132053], 1
1, 3, [3], [1], [33.0233], 1
12, 13, [13], [12], [33.09595], 1
12, 4, [4], [12], [33.059322], 1
9, 6, [6], [9], [33.109604], 1
4, 10, [10  8], [4 4], [32.968136 33.103985], 2
1, 2, [2], [1], [33.06109], 1
5, 14, [14], [5], [33.063057], 1

2, 2, [2], [2], [33.06273], 1
7, 11, [11 15  8  6 16], [0 7 0 0 7], [-25.56157     7.2479453  -3.0999413   8.007126   33.126682 ], 5
4, 15, [15 12  6], [8 4 4], [-12.543209  28.939697  33.148525], 3
1, 13, [13], [1], [33.11187], 1
3, 10, [10], [3], [33.079094], 1
12, 6, [6], [12], [33.12047], 1
11, 6, [6], [11], [33.11663], 1
12, 5, [5], [12], [33.032825], 1
10, 3, [3], [10], [33.02893], 1
8, 12, [12], [8], [33.05557], 1
12, 10, [10 14], [10 12], [-10.0853615  33.05299  ], 2
2, 7, [7], [2], [33.077522], 1
12, 6, [6], [12], [33.12047], 1
11, 14, [14], [11], [33.053825], 1
0, 13, [13], [0], [33.098587], 1
10, 8, [ 8 10], [10 10], [32.93475 33.0811 ], 2
12, 6, [6], [12], [33.12047], 1
3, 4, [ 4 13], [6 3], [-10.083345  33.098892], 2
10, 1, [1], [10], [33.039215], 1
12, 5, [5], [12], [33.03283], 1
2, 6, [6], [2], [33.13214], 1
10, 16, [16], [10], [33.12268], 1
3, 4, [ 4 11], [6 3], [-10.094923  33.079075], 2
7, 5, [ 5  9  2  8 14], [0 5 7 0 7], [-28.802694    1.941819    9.823816    7.9339104  33.058746 ], 5
5, 5, [ 5 10  7  6], [6 2 5 5], [-23.332466  11.058329  24.963993  33.125454], 4
7, 6, [ 6  2  6  7 15 16  4], [0 5 0 0 5 0 5], [-43.06185  -21.988745 -30.093046 -37.040737 -41.86532  -43.220413
 -38.939693], 7
7, 15, [15 16], [5 7], [-10.051613  33.12816 ], 2
7, 16, [16  6 16  4], [0 0 0 7], [-27.862995    3.3217978  11.985304   33.068962 ], 4
0, 11, [11], [0], [33.091644], 1
0, 4, [ 4 12  7], [5 6 0], [-20.405533  15.898598  33.080826], 3
4, 10, [10  3 13], [4 8 4], [22.63972  15.889633 33.10485 ], 3
5, 6, [ 6  1  6 16], [5 2 5 5], [19.753183 11.042129 25.012993 33.141808], 4

12, 8, [8], [12], [33.093872], 1
12, 1, [1], [12], [33.03992], 1
0, 13, [13], [0], [33.101517], 1
8, 6, [ 6 13], [4 8], [-9.990379 33.10835 ], 2
12, 11, [11], [12], [33.0617], 1
6, 6, [6], [6], [33.12806], 1
9, 6, [6], [9], [33.10881], 1
12, 12, [12], [12], [33.061554], 1
10, 8, [ 8 13], [10 10], [32.946632 33.097206], 2
3, 2, [2], [3], [33.058334], 1
8, 16, [16  6 16  4 13], [4 4 4 8 8], [-30.44268   -1.020508   4.724751  20.925209  33.10822 ], 5
6, 3, [3 6], [6 6], [32.9032  33.12788], 2
12, 13, [13], [12], [33.09595], 1
2, 9, [9 8], [5 2], [-10.081606  33.118004], 2
11, 8, [8], [11], [33.08631], 1
6, 6, [ 6  4  8 11], [2 6 6 6], [-15.452838  24.032295  24.965052  33.077965], 4
4, 13, [13], [4], [33.10486], 1
2, 10, [10  7], [5 2], [-10.067816  33.07751 ], 2
5, 16, [16  4], [9 5], [-10.038555  33.053802], 2
8, 11, [11], [8], [33.06344], 1
4, 11, [11], [4], [33.088608], 1
6, 10, [10 11], [6 6], [32.932587 33.077824], 2
5, 13, [13], [5], [33.114956], 1
1, 15, [15], [1], [33.06346], 1
3, 5, [5 8], [7 3], [-10.083437  33.139977], 2
12, 11, [11], [12], [33.0617], 1
2, 14, [14], [2], [33.066673], 1
12, 15, [15], [12], [33.090508], 1
6, 4, [ 4  6  4 11], [6 2 6 6], [19.699635 11.0704   24.900042 33.077965], 4
1, 11, [11], [1], [33.10109], 1
6, 4, [ 4 13], [5 6], [-10.04051  33.17114], 2
9, 8, [8], [9], [33.086647], 1

1, 9, [9], [1], [33.046104], 1
12, 7, [7], [12], [33.069836], 1
4, 7, [7], [4], [33.08261], 1
5, 14, [14  8  6 10], [5 5 7 5], [22.838844 16.291435 11.981955 33.08513 ], 4
10, 15, [15], [10], [33.083645], 1
5, 16, [16  8], [9 5], [-10.004362  33.113846], 2
6, 15, [15  7 10 11], [5 5 6 6], [-23.297039  11.045925  24.932854  33.07771 ], 4
11, 4, [4], [11], [33.07873], 1
0, 12, [12 13], [7 0], [-10.091274  33.098896], 2
10, 6, [6], [10], [33.12205], 1
9, 7, [7], [9], [33.07278], 1
3, 16, [16], [3], [33.17905], 1
11, 3, [3], [11], [33.031258], 1
8, 5, [5 6], [4 8], [-10.088676  33.13365 ], 2
3, 3, [ 3 13], [12  3], [-10.112602  33.098946], 2
12, 9, [9], [12], [33.0522], 1
5, 10, [10 13], [6 5], [-10.047241  33.11383 ], 2
8, 15, [15  1 16  7], [8 4 4 8], [15.044577   3.2469444 12.017921  33.080494 ], 4
5, 15, [15  2], [5 5], [32.905727 33.056797], 2
8, 2, [2], [8], [33.059227], 1
2, 12, [12  2], [0 2], [-10.113461  33.062733], 2
1, 1, [1], [1], [33.033005], 1
9, 14, [14], [9], [33.066162], 1
1, 16, [16  3], [4 1], [-10.025818  33.02329 ], 2
1, 5, [5], [1], [33.025524], 1
1, 11, [11], [1], [33.101105], 1
2, 3, [3 8], [6 2], [-10.102413  33.118027], 2
7, 6, [6 8 3 6 8 7 2], [0 7 0 0 7 0 7], [-32.982403   -5.1881475 -23.80187   -26.386429  -24.195082  -35.480648
 -25.93288  ], 7
7, 3, [ 3 16  9 13 11], [0 0 7 0 7], [-28.754833    2.0305078   9.809984    7.931924   33.058285 ], 5
8, 5, [5], [8], [33.03344], 1
8, 11, [11  7 16  9 15 13], [8 8 4 8 8 8], [18.123232   8.422068  -1.0980778 11.221446  16.953976  33.108505 ], 6
10, 7, [7], [10], [33.073845], 1

3, 4, [ 4 16], [6 3], [-10.034676  33.17913 ], 2
4, 7, [7], [4], [33.082607], 1
8, 7, [ 7 10  8], [8 4 8], [22.659142 15.963709 33.090782], 3
7, 11, [11], [7], [33.062737], 1
10, 2, [2], [10], [33.060917], 1
6, 6, [6], [6], [33.12782], 1
10, 15, [15], [10], [33.082207], 1
0, 2, [2], [0], [33.122074], 1
7, 3, [3 8], [0 7], [-10.117075  33.093277], 2
9, 4, [ 4 14], [9 9], [32.915672 33.066414], 2
5, 1, [1], [5], [33.03298], 1
1, 11, [11], [1], [33.101067], 1
10, 7, [7], [10], [33.073845], 1
8, 2, [ 2 14], [8 8], [32.898457 33.06501 ], 2
9, 11, [11], [9], [33.055298], 1
4, 9, [9 6], [8 4], [-10.061668  33.149055], 2
4, 11, [11], [4], [33.086624], 1
9, 3, [ 3 11], [9 9], [32.865566 33.05596 ], 2
12, 10, [10], [12], [33.085857], 1
0, 9, [ 9 14 10 13], [5 0 5 0], [-20.215519  16.22791   11.940723  33.097668], 4
1, 7, [7], [1], [33.078766], 1
7, 12, [12 16], [7 7], [32.927742 33.130604], 2
0, 6, [ 6 14 16], [0 0 0], [30.50414  28.959179 33.159508], 3
7, 16, [16 15 13  8  6], [7 5 0 0 7], [ 9.648772  -5.794382  -3.1150117  7.9788723 33.133682 ], 5
10, 14, [14], [10], [33.065292], 1
4, 16, [16], [4], [33.17665], 1
12, 3, [3], [12], [33.033672], 1
0, 5, [ 5 11], [0 0], [32.88818 33.0927 ], 2
12, 9, [9], [12], [33.0522], 1
6, 16, [16 15], [6 6], [32.975426 33.069687], 2
3, 3, [ 3 13], [3 3], [32.886665 33.09889 ], 2
12, 7, [7], [12], [33.069836], 1

4, 2, [2], [4], [33.060486], 1
4, 5, [ 5 15  6], [8 4 4], [-12.586599  28.969046  33.14856 ], 3
7, 16, [16  4  2 15 16], [10  7  7  5  7], [-20.892128   14.971499    9.851023    7.9559536  33.13016  ], 5
8, 9, [ 9 12], [8 8], [32.88221  33.055458], 2
12, 11, [11], [12], [33.0617], 1
10, 13, [13], [10], [33.09743], 1
7, 8, [ 8  7  9 10 16], [7 7 7 5 7], [22.079334 14.978082  9.829886  7.967497 33.130463], 5
4, 7, [7], [4], [33.082607], 1
5, 14, [14 13], [5 5], [32.92889 33.11169], 2
3, 16, [16], [3], [33.179443], 1
9, 15, [15 13], [11  9], [-10.048027  33.096313], 2
11, 5, [5], [11], [33.032356], 1
1, 14, [14], [1], [33.076813], 1
12, 6, [6], [12], [33.12047], 1
10, 12, [12], [10], [33.076294], 1
9, 7, [7], [9], [33.072884], 1
0, 16, [16 13], [0 0], [33.012543 33.098896], 2
11, 1, [1], [11], [33.039757], 1
11, 6, [6], [11], [33.116623], 1
7, 11, [11], [7], [33.063995], 1
9, 16, [16], [9], [33.12395], 1
12, 1, [1], [12], [33.03992], 1
1, 9, [9], [1], [33.046154], 1
9, 13, [13], [9], [33.096375], 1
9, 5, [ 5 16], [11  9], [-10.0934105  33.123775 ], 2
1, 10, [10], [1], [33.111298], 1
2, 2, [2], [2], [33.0628], 1
11, 14, [14], [11], [33.053722], 1
11, 5, [ 5 13], [ 9 11], [-10.110178  33.096306], 2
12, 11, [11], [12], [33.0617], 1
11, 10, [10], [11], [33.089878], 1
9, 3, [ 3 16], [11  9], [-10.093948  33.12375 ], 2

4, 9, [ 9  5 16], [8 8 4], [-20.387806  15.938843  33.178154], 3
12, 3, [3], [12], [33.03363], 1
3, 1, [ 1  4 16], [2 6 3], [-20.386827  15.96549   33.179764], 3
1, 13, [13], [1], [33.111874], 1
6, 12, [12 13], [6 6], [32.95212 33.17114], 2
1, 12, [12], [1], [33.043137], 1
1, 8, [8], [1], [33.11656], 1
0, 10, [10 15 16  8], [7 6 3 0], [-27.932854    3.2984738  12.034779   33.101723 ], 4
7, 10, [10 16], [6 7], [-10.038227  33.12816 ], 2
8, 7, [7], [8], [33.08042], 1
1, 13, [13], [1], [33.111866], 1
9, 6, [6], [9], [33.108902], 1
0, 3, [ 3 14], [6 0], [-10.133072  33.06633 ], 2
4, 14, [14], [4], [33.06225], 1
7, 7, [ 7 10 11], [7 5 7], [22.63681  15.927767 33.064247], 3
1, 9, [9], [1], [33.046124], 1
0, 12, [12 10  7], [2 2 0], [-20.395002  15.925957  33.08088 ], 3
2, 15, [15  3  8], [2 6 2], [22.606092 15.896031 33.11818 ], 3
12, 11, [11], [12], [33.0617], 1
3, 7, [7], [3], [33.096165], 1
12, 7, [7], [12], [33.069836], 1
8, 8, [8], [8], [33.089542], 1
4, 11, [11], [4], [33.08564], 1
12, 10, [10], [12], [33.08586], 1
4, 15, [15  9 14], [4 8 4], [22.610504 15.886918 33.06244 ], 3
9, 3, [3], [9], [33.03243], 1
11, 4, [4 6], [11 11], [32.94707 33.1166 ], 2
10, 5, [5], [10], [33.031662], 1
5, 6, [ 6 10 11], [5 7 5], [22.686514 15.940357 33.08074 ], 3
6, 2, [2], [6], [33.09359], 1
7, 1, [1 8], [2 7], [-10.110943  33.09327 ], 2
3, 12, [12 13], [0 3], [-10.091854  33.09897 ], 2

6, 5, [ 5 16], [0 6], [-10.083687  33.13956 ], 2
12, 12, [12], [12], [33.06155], 1
7, 10, [10 11], [6 7], [-10.077454  33.063553], 2
11, 4, [4], [11], [33.077637], 1
3, 1, [1], [3], [33.03484], 1
12, 2, [2], [12], [33.060753], 1
12, 16, [16], [12], [33.126556], 1
10, 6, [6], [10], [33.123077], 1
1, 15, [15], [1], [33.06324], 1
8, 4, [ 4  8 16], [4 8 8], [-12.554819  28.976469  33.135227], 3
12, 15, [15], [12], [33.090508], 1
0, 2, [2], [0], [33.110138], 1
7, 4, [ 4 16  5  2  6  7 10], [6 0 0 5 0 0 7], [-42.515457 -20.95479  -28.501623 -34.221703 -37.147972 -35.465614
 -25.90678 ], 7
4, 6, [6], [4], [33.144344], 1
8, 6, [6], [8], [33.13128], 1
11, 9, [9], [11], [33.05719], 1
12, 6, [6], [12], [33.12047], 1
12, 12, [12], [12], [33.061546], 1
0, 3, [ 3 16  5 11], [6 0 0 0], [-15.520959  24.086094  24.88815   33.092735], 4
12, 4, [4], [12], [33.05933], 1
12, 5, [5], [12], [33.032825], 1
1, 14, [14], [1], [33.076813], 1
11, 7, [7], [11], [33.072678], 1
6, 15, [15  6], [5 6], [-10.051373  33.128082], 2
12, 15, [15], [12], [33.090508], 1
4, 7, [7], [4], [33.082607], 1
12, 7, [7], [12], [33.069836], 1
0, 15, [15  6], [6 0], [-10.045639  33.12978 ], 2
3, 16, [16], [3], [33.17914], 1
2, 7, [7], [2], [33.0775], 1
12, 14, [14], [12], [33.053223], 1
6, 11, [11], [6], [33.077896], 1

9, 9, [9], [9], [33.06343], 1
3, 8, [8], [3], [33.13905], 1
3, 2, [2], [3], [33.058365], 1
12, 5, [5], [12], [33.032837], 1
10, 10, [10], [10], [33.08153], 1
7, 14, [14 13 15 16], [7 0 5 7], [15.024271   3.2703562 11.955954  33.13016  ], 4
0, 7, [7], [0], [33.082596], 1
11, 13, [13], [11], [33.096333], 1
11, 12, [12], [11], [33.051105], 1
12, 13, [13], [12], [33.09595], 1
12, 12, [12], [12], [33.06156], 1
4, 5, [5 7], [8 4], [-10.1191025  33.08262  ], 2
9, 5, [5 2], [11  9], [-10.131079  33.06083 ], 2
0, 11, [11], [0], [33.092213], 1
2, 10, [10], [2], [33.07752], 1
9, 3, [3], [9], [33.032394], 1
0, 16, [16], [0], [33.16279], 1
1, 5, [5], [1], [33.025524], 1
8, 10, [10], [8], [33.09065], 1
5, 9, [ 9 13], [5 5], [32.915634 33.11383 ], 2
2, 3, [ 3 12], [6 2], [-10.141417  33.05439 ], 2
3, 8, [8], [3], [33.139225], 1
5, 11, [11 16], [7 5], [-10.051781  33.142525], 2
7, 11, [11], [7], [33.062458], 1
10, 9, [9], [10], [33.05553], 1
3, 3, [3 6], [3 3], [32.898254 33.11826 ], 2
8, 13, [13], [8], [33.10832], 1
7, 14, [14  8 14], [7 0 7], [22.620033 15.932558 33.058304], 3
3, 15, [15  2], [3 3], [32.903065 33.05848 ], 2
11, 2, [2], [11], [33.06183], 1
2, 6, [6], [2], [33.13224], 1
12, 15, [15], [12], [33.090515], 1

2, 12, [12], [2], [33.054405], 1
12, 2, [2], [12], [33.060772], 1
6, 9, [ 9 16], [5 6], [-10.068989  33.139175], 2
9, 8, [8], [9], [33.086716], 1
6, 11, [11], [6], [33.077675], 1
4, 12, [12], [4], [33.04462], 1
10, 8, [8], [10], [33.086], 1
2, 7, [7], [2], [33.077515], 1
2, 6, [6], [2], [33.131958], 1
4, 4, [ 4 10  5 11], [4 4 8 4], [22.796316 16.23609  11.884584 33.088474], 4
2, 11, [11], [2], [33.057213], 1
1, 7, [7], [1], [33.078766], 1
2, 15, [15  7], [2 2], [32.916805 33.077538], 2
4, 12, [12 16], [4 4], [32.954906 33.178154], 2
12, 16, [16], [12], [33.12657], 1
5, 2, [ 2 16], [5 5], [32.94194 33.14009], 2
1, 16, [16], [1], [33.175106], 1
6, 16, [16], [6], [33.13742], 1
8, 7, [7 3 5 2], [4 8 8 8], [-15.550077  23.94683   24.866882  33.05934 ], 4
12, 8, [8], [12], [33.093864], 1
7, 13, [13  6  7  2 12 10  6], [0 7 7 7 7 5 7], [-25.50322     7.333015   -2.9983974 -13.464245  -24.210117  -35.43155
 -25.867947 ], 7
0, 1, [1 6], [2 0], [-10.087938  33.129673], 2
2, 14, [14], [2], [33.06668], 1
10, 5, [5], [10], [33.031746], 1
2, 13, [13], [2], [33.112362], 1
5, 6, [6 9], [5 5], [32.95475  33.046497], 2
3, 9, [ 9 14], [5 3], [-10.1133   33.06563], 2
0, 9, [ 9 13], [6 0], [-10.09194  33.0996 ], 2
9, 12, [12], [9], [33.05788], 1
3, 8, [8], [3], [33.1396], 1
9, 11, [11], [9], [33.055466], 1
8, 6, [ 6 12 15 10], [4 4 8 8], [-23.248604   11.0191555  24.94782    33.096043 ], 4

0, 12, [12  4 15 11], [7 5 6 0], [-28.020546    3.2167482  11.933012   33.092136 ], 4
12, 11, [11], [12], [33.0617], 1
5, 7, [ 7  4  7 10  8], [5 5 5 5 5], [24.880577 19.655796 17.659357 20.953762 33.113113], 5
8, 9, [ 9 16 15 14  8 16  9], [8 4 8 4 8 4 8], [  6.86439  -10.307126 -10.768916 -26.429937 -24.155418 -35.416576
 -25.951332], 7
4, 6, [6], [4], [33.14638], 1
1, 7, [7], [1], [33.078854], 1
12, 8, [8], [12], [33.093872], 1
9, 12, [12 11], [9 9], [32.888466 33.055267], 2
10, 2, [2], [10], [33.060913], 1
11, 8, [8], [11], [33.08631], 1
5, 9, [9], [5], [33.048386], 1
2, 14, [14], [2], [33.066666], 1
6, 9, [9 3 6], [0 6 6], [-12.610167  28.903     33.128082], 3
11, 7, [7], [11], [33.072674], 1
6, 10, [10 16], [6 6], [32.970608 33.139755], 2
5, 4, [ 4  2 15], [6 5 5], [-12.6009655  28.902515   33.073746 ], 3
2, 4, [4 1 8], [6 2 2], [-12.600388  28.903984  33.118183], 3
6, 14, [14], [6], [33.074314], 1
3, 9, [ 9  4  9 16], [6 6 6 3], [-28.013216    3.2311897  11.955931   33.179764 ], 4
9, 11, [11], [9], [33.0556], 1
4, 16, [16], [4], [33.1719], 1
6, 14, [14], [6], [33.071053], 1
11, 2, [2], [11], [33.06183], 1
1, 15, [15], [1], [33.064026], 1
4, 8, [8], [4], [33.105907], 1
3, 9, [9 6], [6 3], [-10.080868  33.11825 ], 2
8, 14, [14], [8], [33.065292], 1
7, 4, [ 4  2 15  8  7  6 15], [5 5 5 7 5 0 5], [-40.349617 -17.343245 -22.3353   -24.01641  -41.84904  -43.224625
 -38.925453], 7
7, 1, [ 1 13  6  7], [2 0 0 7], [-27.996572   3.281825  11.973829  33.071445], 4
2, 15, [15 16], [2 2], [32.95572 33.14502], 2
5, 15, [15  2 13  2 16], [5 5 0 5 5], [20.201155  11.878695   4.6756644 20.959774  33.142925 ], 5
4, 15, [15 16], [4 4], [32.994537 33.176838], 2

4, 15, [15  7], [8 4], [-10.056908  33.08262 ], 2
2, 10, [10  8], [6 2], [-10.044027  33.118195], 2
2, 4, [ 4 13], [6 2], [-10.075132  33.11241 ], 2
8, 8, [ 8 16  4 16  7  2], [8 4 8 4 4 8], [10.557798   -4.227882   -0.63684225 -9.495319    3.917429   33.05934   ], 6
8, 9, [9 8], [8 8], [32.902824 33.089497], 2
2, 14, [14], [2], [33.066677], 1
6, 3, [3 7 2], [6 5 6], [22.591131 15.941984 33.092953], 3
8, 1, [1 6 2], [8 4 8], [22.623716 15.97538  33.059128], 3
1, 7, [7], [1], [33.078766], 1
12, 13, [13], [12], [33.09594], 1
5, 10, [10 16], [9 5], [-10.028685  33.13938 ], 2
3, 14, [14], [3], [33.065628], 1
12, 13, [13], [12], [33.095955], 1
12, 16, [16], [12], [33.126545], 1
10, 7, [7], [10], [33.073822], 1
1, 2, [2], [1], [33.06109], 1
8, 15, [15  8], [8 8], [32.94334  33.090782], 2
11, 7, [7], [11], [33.072678], 1
9, 8, [8], [9], [33.086727], 1
3, 16, [16 11], [2 3], [-10.003151  33.07924 ], 2
5, 1, [ 1 13], [7 5], [-10.098169  33.112125], 2
2, 13, [13], [2], [33.11238], 1
5, 10, [10 16], [6 5], [-10.027349  33.14313 ], 2
0, 7, [7], [0], [33.083008], 1
6, 14, [14], [6], [33.074066], 1
11, 2, [2], [11], [33.061813], 1
1, 7, [7], [1], [33.078766], 1
7, 10, [10  8  6 10 11 13], [6 7 0 5 5 7], [-29.355915     0.93159294 -13.602858    -9.555796     3.9277182
  33.092827  ], 6
11, 11, [11], [11], [33.065277], 1
8, 16, [16], [8], [33.138187], 1
5, 5, [5 6], [7 5], [-10.091915  33.12586 ], 2
0, 11, [11], [0], [33.09168], 1

1, 6, [6], [1], [33.09224], 1
8, 3, [ 3 15 16], [4 8 8], [-12.587864  28.976517  33.138195], 3
8, 15, [15 16 11 16  6], [8 4 8 4 8], [14.3418665  2.0880334  9.889683   8.033122  33.131496 ], 5
2, 7, [7], [2], [33.0775], 1
5, 1, [ 1  6 11], [2 5 5], [-12.580481  28.97551   33.079338], 3
5, 5, [ 5  1 11  8], [5 6 6 5], [14.951998  3.20466  11.951229 33.115852], 4
1, 15, [15], [1], [33.063248], 1
8, 12, [12  8], [4 8], [-10.094353  33.091972], 2
7, 11, [11  4  8], [5 5 7], [-20.38481   15.911079  33.09034 ], 3
11, 15, [15 14], [10 11], [-10.085691  33.05336 ], 2
8, 3, [ 3 11 14], [8 8 8], [30.372686 28.909191 33.065334], 3
6, 5, [5 8], [5 6], [-10.098526  33.118176], 2
7, 13, [13 16 13  6 12 13  8], [0 0 0 0 0 0 7], [-39.696156   -16.321844   -20.777267   -21.457031   -15.979644
  -0.04829597  33.091255  ], 7
8, 16, [16 14 10 16  7 12 13], [4 4 8 4 4 4 8], [-34.999138    -8.58894     -7.7537556  -21.427032   -15.968758
  -0.08430099  33.10768   ], 7
10, 10, [10], [10], [33.081234], 1
8, 7, [7 8], [4 8], [-10.064041  33.089497], 2
4, 13, [13], [4], [33.104866], 1
4, 3, [ 3 15  9 10 13], [8 4 8 4 4], [-22.858505  11.858091   4.630305  20.968082  33.10485 ], 5
7, 10, [10  9 14 11  6 14  8], [5 6 7 0 0 7 0], [-37.44695  -12.554558 -14.337608 -32.332775 -34.0374   -30.280851
 -38.904217], 7
2, 9, [9 5 6], [6 5 2], [-20.405933  15.909916  33.132027], 3
0, 14, [14], [0], [33.06624], 1
2, 11, [11], [2], [33.057198], 1
12, 3, [3], [12], [33.033672], 1
0, 9, [ 9 11], [5 0], [-10.097385  33.09281 ], 2
3, 15, [15], [3], [33.06341], 1
3, 1, [ 1  5  1 15  8], [2 0 2 3 3], [-30.689465   -1.2050502   4.6043086  20.951237   33.13877  ], 5
10, 9, [9], [10], [33.055607], 1
8, 16, [16], [8], [33.13521], 1
1, 14, [14], [1], [33.076813], 1
0, 5, [ 5 11], [0 0], [32.88825  33.092785], 2
11, 4, [4], [11], [33.07857], 1
9, 9, [9], [9], [33.0636], 1

9, 5, [5], [9], [33.031963], 1
9, 3, [3], [9], [33.032227], 1
8, 2, [2], [8], [33.059364], 1
11, 16, [16], [11], [33.12256], 1
0, 15, [15 13], [6 0], [-10.061901  33.097927], 2
12, 3, [3], [12], [33.033665], 1
6, 9, [ 9 13], [6 6], [32.94408 33.16012], 2
2, 8, [8], [2], [33.118008], 1
7, 15, [15 16], [5 7], [-10.048729  33.130436], 2
10, 14, [14], [10], [33.065327], 1
11, 4, [4], [11], [33.07798], 1
11, 16, [16  6], [ 3 11], [-9.950224 33.116615], 2
12, 6, [6], [12], [33.12047], 1
12, 4, [4], [12], [33.05932], 1
0, 6, [6], [0], [33.129932], 1
12, 6, [6], [12], [33.120464], 1
0, 10, [10  5  6], [7 0 0], [-12.565138  28.910337  33.129715], 3
0, 11, [11], [0], [33.090744], 1
3, 11, [11], [3], [33.079056], 1
12, 5, [5], [12], [33.03282], 1
12, 13, [13], [12], [33.095947], 1
12, 2, [2], [12], [33.06074], 1
1, 6, [6], [1], [33.092003], 1
5, 12, [12 16  7], [6 5 5], [-12.549732  29.00129   33.09872 ], 3
11, 5, [ 5 14], [12 11], [-10.13522   33.053616], 2
0, 15, [15  8], [6 0], [-10.061266  33.101673], 2
1, 1, [1], [1], [33.033005], 1
0, 4, [ 4 13], [5 0], [-10.084028  33.09881 ], 2
2, 13, [13], [2], [33.11238], 1
5, 6, [ 6  5 12], [7 7 5], [-20.35289  15.86123  33.0433 ], 3
5, 8, [8 2], [5 5], [32.945213 33.071583], 2
11, 11, [11], [11], [33.065254], 1

3, 14, [14], [3], [33.065647], 1
6, 12, [12 16], [7 6], [-10.066771  33.139755], 2
11, 13, [13], [11], [33.096333], 1
2, 12, [12 14], [0 2], [-10.111055  33.06668 ], 2
3, 14, [14], [3], [33.065628], 1
8, 13, [13], [8], [33.107643], 1
12, 16, [16], [12], [33.12656], 1
6, 16, [16], [6], [33.13748], 1
5, 1, [ 1 11  9 16], [7 5 6 5], [-20.226538  16.231596  11.933962  33.14299 ], 4
8, 4, [ 4 14 10 13], [8 8 4 8], [22.80718  16.244839 11.967735 33.10822 ], 4
0, 9, [ 9 16 10 16  8], [5 0 7 0 0], [-22.769653   11.971546    4.6972375  21.014297   33.10182  ], 5
2, 6, [6], [2], [33.13197], 1
1, 15, [15], [1], [33.06324], 1
1, 16, [16], [1], [33.17496], 1
2, 10, [10  1  8], [2 2 2], [30.423197 28.904484 33.118057], 3
10, 13, [13], [10], [33.097393], 1
5, 8, [ 8 11 13], [5 5 5], [30.469933 28.939592 33.115875], 3
9, 13, [13], [9], [33.096626], 1
0, 14, [14], [0], [33.06572], 1
12, 7, [7], [12], [33.06983], 1
3, 6, [6], [3], [33.118126], 1
10, 5, [5], [10], [33.031654], 1
10, 3, [3], [10], [33.028934], 1
4, 10, [10 16], [4 4], [33.01229  33.178154], 2
9, 15, [15], [9], [33.07819], 1
4, 16, [16], [4], [33.17166], 1
6, 3, [3 6], [3 6], [-10.095579  33.12873 ], 2
1, 10, [10], [1], [33.111275], 1
3, 7, [7], [3], [33.096054], 1
7, 9, [ 9 16], [6 7], [-10.07373   33.130436], 2
8, 3, [ 3  7 13 11], [8 4 8 8], [19.657127 11.051131 24.948133 33.067806], 4
1, 6, [6], [1], [33.091896], 1

6, 5, [ 5 16], [6 6], [32.916203 33.139427], 2
7, 6, [ 6 15  2  9 15  1  4], [0 7 7 7 7 7 7], [-24.47377      8.994589    -0.18846273  -8.793427   -16.40702
 -22.524479   -25.935482  ], 7
3, 12, [12 14], [0 3], [-10.111744  33.06569 ], 2
7, 13, [13  5 11], [0 7 7], [-12.578409  28.873085  33.06211 ], 3
12, 3, [3], [12], [33.03367], 1
1, 13, [13], [1], [33.111862], 1
8, 14, [14], [8], [33.064865], 1
11, 4, [4], [11], [33.078327], 1
11, 14, [14], [11], [33.053474], 1
8, 10, [10  6], [8 8], [32.98172  33.134186], 2
3, 11, [11], [3], [33.079018], 1
5, 1, [ 1 13], [6 5], [-10.096149  33.116547], 2
0, 7, [7], [0], [33.08082], 1
11, 13, [13], [11], [33.09633], 1
4, 11, [11], [4], [33.08595], 1
3, 5, [ 5 10], [3 3], [32.87429 33.07905], 2
12, 12, [12], [12], [33.061554], 1
0, 13, [13], [0], [33.099506], 1
12, 4, [4], [12], [33.059334], 1
2, 1, [ 1 13], [2 2], [32.900604 33.1124  ], 2
10, 11, [11 16  4], [ 5 10 10], [-12.555109  28.964622  33.069862], 3
12, 8, [8], [12], [33.093872], 1
2, 7, [7], [2], [33.07752], 1
3, 13, [13], [3], [33.09903], 1
5, 16, [16 10  8  4], [5 9 5 5], [19.770704 11.050949 24.93877  33.053814], 4
7, 2, [ 2 10 11], [7 0 7], [22.633514 15.920986 33.063522], 3
5, 10, [10  6], [2 5], [-10.044754  33.12552 ], 2
10, 1, [1], [10], [33.039326], 1
4, 10, [10 11], [4 4], [32.956703 33.08564 ], 2
6, 3, [3 8], [3 6], [-10.10256   33.118614], 2
6, 10, [10  8], [6 6], [32.956    33.118412], 2
9, 10, [10 11], [9 9], [32.923676 33.05596 ], 2

8, 1, [1 6], [4 8], [-10.083036  33.134186], 2
9, 6, [6], [9], [33.109795], 1
4, 3, [3 6], [8 4], [-10.084642  33.148026], 2
3, 1, [1 8], [2 3], [-10.082081  33.139977], 2
5, 3, [ 3  7 13], [7 5 5], [-12.598526  28.957787  33.115932], 3
2, 16, [16], [2], [33.144516], 1
0, 3, [3 7], [6 0], [-10.124601  33.081367], 2
2, 7, [7], [2], [33.077454], 1
1, 16, [16], [1], [33.17504], 1
0, 10, [10  8], [2 0], [-10.061697  33.101456], 2
2, 5, [ 5 16], [0 2], [-10.0809555  33.145153 ], 2
2, 2, [2], [2], [33.062763], 1
4, 3, [ 3 15  6], [8 8 4], [-20.384003  15.982125  33.148582], 3
2, 2, [2], [2], [33.062763], 1
4, 3, [ 3 13], [4 4], [32.88889  33.104843], 2
2, 2, [2], [2], [33.062786], 1
10, 12, [12], [10], [33.077034], 1
7, 15, [15 11  4  8], [5 5 5 7], [-27.995197    3.2185538  11.910721   33.090466 ], 4
4, 9, [9 8], [8 4], [-10.086279  33.107967], 2
7, 14, [14 15 11 16], [0 5 5 7], [-27.988888    3.2468593  11.945965   33.123238 ], 4
5, 9, [ 9  7  1 11 15 16], [6 5 7 5 5 5], [-24.936916    8.35827    -1.2165928  11.247502   16.95992    33.142925 ], 6
8, 11, [11], [8], [33.06778], 1
5, 12, [12 10  7  6], [2 6 5 5], [-23.306929  11.068419  24.966022  33.1257  ], 4
7, 6, [ 6 15 11  9 16], [0 5 0 7 7], [-30.552094   -1.1346414   4.645837   20.926952   33.126682 ], 5
9, 2, [2], [9], [33.06082], 1
7, 14, [14  3  2  1 16  8], [7 7 5 5 0 7], [ 13.55528     0.8238821 -13.672788   -9.566451    3.9991436  33.092896 ], 6
8, 3, [ 3  9  2  6 13], [8 8 8 4 8], [22.007433  14.9679985  9.865223   8.009622  33.10835  ], 5
1, 1, [1], [1], [33.033005], 1
3, 15, [15  1 13], [3 2 3], [22.601692 15.893242 33.098938], 3
2, 16, [16], [2], [33.14417], 1
3, 12, [12 10  8], [3 3 3], [30.423594 28.963558 33.140343], 3
9, 1, [1], [9], [33.04625], 1

12, 2, [2], [12], [33.060734], 1
12, 1, [1], [12], [33.03991], 1
3, 6, [6], [3], [33.118145], 1
11, 16, [16], [11], [33.12268], 1
1, 8, [8], [1], [33.11653], 1
3, 6, [6], [3], [33.11806], 1
12, 13, [13], [12], [33.095955], 1
5, 4, [4 9], [6 5], [-10.115181  33.04626 ], 2
2, 1, [ 1 16], [2 2], [32.92029  33.145214], 2
7, 4, [ 4  2 12  4  2  4 13], [6 7 0 5 7 5 0], [-33.692566  -6.249398 -25.521446 -29.28359  -28.905533 -43.28167
 -38.902336], 7
2, 1, [ 1 12 13], [2 0 2], [22.583479 15.916383 33.11241 ], 3
1, 6, [6], [1], [33.091934], 1
1, 5, [5], [1], [33.02552], 1
1, 11, [11], [1], [33.10102], 1
3, 7, [7], [3], [33.096275], 1
12, 12, [12], [12], [33.06157], 1
3, 4, [ 4 13], [2 3], [-10.083059  33.098907], 2
3, 2, [2], [3], [33.05835], 1
3, 2, [2], [3], [33.05803], 1
5, 2, [ 2 10 11], [5 5 5], [30.421013 28.937893 33.0803  ], 3
1, 12, [12], [1], [33.04313], 1
4, 13, [13], [4], [33.10486], 1
1, 9, [9], [1], [33.045975], 1
6, 13, [13], [6], [33.170532], 1
12, 9, [9], [12], [33.052307], 1
12, 15, [15], [12], [33.090508], 1
12, 2, [2], [12], [33.06074], 1
7, 8, [ 8 12  6  9 11  2], [7 0 0 7 5 7], [ 8.622087  -7.451482  -5.833566   3.3930235  3.906436  33.057358 ], 6
10, 9, [9], [10], [33.055714], 1
11, 15, [15  4], [ 9 11], [-10.069864  33.077732], 2
1, 8, [8], [1], [33.116547], 1
7, 7, [ 7 16], [5 7], [-10.035879  33.12908 ], 2

4, 5, [ 5 15 16], [8 8 4], [-20.373325  15.992157  33.17172 ], 3
12, 13, [13], [12], [33.095947], 1
6, 6, [6], [6], [33.1279], 1
0, 5, [ 5 15  7], [5 6 0], [-20.412426  15.927615  33.08314 ], 3
0, 4, [4 7], [5 0], [-10.093174  33.08314 ], 2
12, 4, [4], [12], [33.059322], 1
10, 6, [6], [10], [33.121124], 1
12, 5, [5], [12], [33.032825], 1
10, 3, [3], [10], [33.02894], 1
11, 9, [9], [11], [33.056942], 1
7, 2, [ 2 14  5 16], [7 7 0 7], [22.803238 16.209646 11.912647 33.13016 ], 4
6, 2, [2], [6], [33.091984], 1
9, 15, [15 16], [11  9], [-10.035236  33.12377 ], 2
6, 8, [8], [6], [33.11808], 1
2, 4, [ 4 16], [2 2], [32.94139  33.145203], 2
9, 13, [13], [9], [33.096344], 1
4, 9, [ 9 13], [8 4], [-10.088127  33.104843], 2
2, 12, [12  7], [6 2], [-10.104183  33.07747 ], 2
11, 13, [13], [11], [33.096336], 1
0, 1, [ 1 13], [7 0], [-10.106163  33.098896], 2
0, 12, [12 10  8], [6 6 0], [-20.381641  15.948214  33.102047], 3
6, 8, [ 8 12  9  6 16], [6 6 6 2 6], [22.096188 14.963192  9.85503   8.013641 33.138775], 5
0, 12, [12 16 11], [6 3 0], [-20.332733  16.030014  33.093143], 3
10, 16, [16  4], [10 10], [32.965816 33.069847], 2
12, 16, [16], [12], [33.126556], 1
7, 4, [ 4 13 12 16], [6 0 0 7], [-27.99004     3.2533898  11.926086   33.128162 ], 4
12, 1, [1], [12], [33.039917], 1
12, 2, [2], [12], [33.06079], 1
7, 5, [5 8], [0 7], [-10.11165  33.09327], 2
8, 1, [1 2], [4 8], [-10.128309  33.059162], 2
12, 11, [11], [12], [33.0617], 1
1, 4, [4], [1], [33.05535], 1

10, 9, [9], [10], [33.05547], 1
10, 1, [1], [10], [33.03923], 1
2, 15, [15 11], [5 2], [-10.092491  33.057117], 2
6, 14, [14], [6], [33.074116], 1
5, 7, [7 1 4 9], [5 5 5 5], [27.468124 23.965803 24.885923 33.04634 ], 4
0, 14, [14  4  1 11], [0 5 7 0], [14.977494  3.190034 11.89068  33.09292 ], 4
12, 7, [7], [12], [33.069836], 1
3, 14, [14], [3], [33.06562], 1
8, 12, [12  7  9 10 11  7  6], [4 4 8 8 8 4 8], [-30.62697     -1.1301014    4.6467924   -0.66979     -2.9537578
  -0.03927803  33.131496  ], 7
3, 5, [ 5 10], [5 3], [-10.122576  33.078964], 2
3, 13, [13], [3], [33.099083], 1
7, 1, [ 1  8  7 13 10 14 13], [6 7 0 0 0 0 0], [-35.35914   -8.989016 -30.137203 -37.027138 -41.87348  -43.278854
 -38.90305 ], 7
6, 13, [13], [6], [33.171757], 1
1, 7, [7], [1], [33.078766], 1
12, 3, [3], [12], [33.033672], 1
8, 12, [12 10 13], [4 8 8], [-12.571804  28.966007  33.107994], 3
11, 9, [9], [11], [33.05742], 1
0, 8, [8], [0], [33.101738], 1
0, 13, [13], [0], [33.09887], 1
5, 9, [9 8], [9 5], [-10.068714  33.116165], 2
11, 13, [13], [11], [33.09636], 1
12, 2, [2], [12], [33.060783], 1
3, 10, [10], [3], [33.079178], 1
4, 13, [13], [4], [33.10524], 1
6, 3, [3 2], [6 6], [32.88279  33.093975], 2
5, 3, [ 3  1  5 15 11 15  9], [6 5 0 5 7 5 5], [-31.00409    -1.7173214 -17.918158  -16.584557  -29.43082   -22.489761
 -25.95118  ], 7
8, 15, [15 13], [8 8], [32.957893 33.107994], 2
2, 3, [ 3 16], [6 2], [-10.0865345  33.145214 ], 2
3, 13, [13], [3], [33.098896], 1
4, 10, [10  6], [4 4], [32.99206  33.149055], 2
7, 1, [ 1  6 13 11], [2 7 0 7], [-20.190075  16.293365  11.93552   33.064247], 4
8, 11, [11], [8], [33.06343], 1

0, 11, [11], [0], [33.092068], 1
5, 7, [ 7 12], [5 5], [32.914185 33.043266], 2
6, 7, [7], [6], [33.0723], 1
4, 15, [15  6], [8 4], [-10.0220585  33.148026 ], 2
12, 1, [1], [12], [33.03992], 1
8, 1, [ 1  9 16  8], [4 8 4 8], [-20.20691   16.263174  12.023523  33.090782], 4
6, 14, [14 16], [6 6], [32.953354 33.138916], 2
3, 10, [10  8], [3 3], [32.96356  33.140343], 2
1, 14, [14], [1], [33.076813], 1
3, 7, [7], [3], [33.096107], 1
1, 1, [1], [1], [33.033005], 1
3, 4, [4 8], [5 3], [-10.059908  33.13985 ], 2
12, 2, [2], [12], [33.060783], 1
6, 9, [9 7], [6 6], [32.89186  33.072548], 2
12, 14, [14], [12], [33.053223], 1
9, 15, [15], [9], [33.07656], 1
9, 7, [ 7  3 15], [11 11  9], [-20.400587  15.87855   33.07859 ], 3
8, 4, [4 6], [8 8], [32.939854 33.1313  ], 2
2, 9, [ 9 11], [6 2], [-10.117395  33.05719 ], 2
5, 5, [ 5  8 14], [5 5 5], [30.396917 28.943914 33.062897], 3
2, 15, [15  8], [5 2], [-10.060522  33.118004], 2
3, 9, [ 9 11], [5 3], [-10.1050415  33.07912  ], 2
0, 14, [14], [0], [33.06468], 1
3, 2, [2], [3], [33.058502], 1
6, 2, [2], [6], [33.093876], 1
9, 6, [6], [9], [33.110218], 1
7, 4, [ 4 16  8], [2 0 7], [-20.345943  15.99927   33.091255], 3
1, 11, [11], [1], [33.101044], 1
10, 16, [16], [10], [33.122387], 1
11, 11, [11], [11], [33.065285], 1
6, 12, [12  1 16], [0 6 6], [-12.599688  28.9184    33.140053], 3
7, 15, [15  2 14  6 15 16], [5 7 7 0 7 7], [-23.018955   11.512531    4.0526795  -1.6795502  16.984566   33.128162 ], 6

3, 9, [ 9 13], [5 3], [-10.086634  33.09889 ], 2
4, 4, [4 7], [8 4], [-10.089272  33.082623], 2
8, 7, [ 7  9 16], [4 8 8], [-12.559748  28.93      33.135216], 3
3, 8, [8], [3], [33.139446], 1
11, 10, [10], [11], [33.089863], 1
8, 14, [14  8 16  3  9  1  8], [4 8 4 8 8 8 8], [-29.215254    1.2023873 -13.153567   -8.846318  -16.455032  -22.506163
 -25.905472 ], 7
9, 2, [2], [9], [33.060814], 1
12, 15, [15], [12], [33.090504], 1
5, 14, [14], [5], [33.06347], 1
9, 3, [3], [9], [33.032455], 1
1, 16, [16  2], [2 1], [-10.004536  33.061085], 2
9, 11, [11], [9], [33.056145], 1
12, 11, [11], [12], [33.0617], 1
11, 13, [13], [11], [33.09633], 1
8, 6, [ 6 15  8], [4 8 8], [-12.484728  28.95105   33.091064], 3
12, 13, [13], [12], [33.095955], 1
1, 6, [6], [1], [33.09197], 1
4, 8, [8], [4], [33.104424], 1
12, 14, [14], [12], [33.053223], 1
9, 8, [8], [9], [33.08668], 1
11, 7, [7], [11], [33.07267], 1
2, 9, [9 2], [6 2], [-10.113989  33.062923], 2
11, 11, [11], [11], [33.065266], 1
2, 10, [10 16], [2 2], [32.968636 33.14523 ], 2
6, 7, [7], [6], [33.072567], 1
3, 12, [12 14], [2 3], [-10.108709  33.065628], 2
8, 5, [5 7], [4 8], [-10.120504  33.080494], 2
11, 7, [7], [11], [33.072685], 1
12, 16, [16 13], [ 9 12], [-10.019373  33.095818], 2
3, 14, [14], [3], [33.065628], 1
5, 3, [3 8], [6 5], [-10.104578  33.115875], 2
5, 12, [12], [5], [33.045612], 1

10, 15, [15], [10], [33.08308], 1
6, 4, [4 6 2], [6 6 6], [30.44763  28.983242 33.092937], 3
4, 9, [9 3 6], [8 8 4], [-20.401688  15.91536   33.147987], 3
6, 13, [13], [6], [33.170784], 1
12, 1, [1], [12], [33.039913], 1
0, 1, [ 1  3 12  5 16 11], [2 6 6 7 3 0], [-37.27465  -12.181588 -13.680399  -9.549428   4.030014  33.093143], 6
4, 16, [16], [4], [33.178722], 1
9, 1, [1], [9], [33.046432], 1
10, 2, [2], [10], [33.060925], 1
2, 5, [ 5 13], [2 2], [32.89774 33.11241], 2
4, 11, [11], [4], [33.08559], 1
11, 14, [14], [11], [33.05372], 1
11, 10, [10], [11], [33.08988], 1
12, 16, [16], [12], [33.126564], 1
7, 12, [12 16], [6 7], [-10.073156  33.130436], 2
12, 1, [1], [12], [33.03992], 1
0, 4, [4 8], [6 0], [-10.081472  33.102043], 2
0, 2, [2], [0], [33.108433], 1
12, 16, [16], [12], [33.126564], 1
2, 9, [9 6], [6 2], [-10.072573  33.132175], 2
3, 7, [7], [3], [33.0963], 1
7, 10, [10 15 16], [6 5 7], [-20.345747  15.948153  33.127907], 3
8, 8, [8], [8], [33.091934], 1
9, 2, [2], [9], [33.060818], 1
8, 6, [6], [8], [33.134094], 1
12, 7, [7], [12], [33.069836], 1
1, 1, [1], [1], [33.033005], 1
9, 16, [16], [9], [33.12434], 1
12, 5, [5], [12], [33.032825], 1
10, 2, [2], [10], [33.060917], 1
12, 5, [5], [12], [33.032825], 1
11, 9, [9], [11], [33.056965], 1

10, 4, [4], [10], [33.06983], 1
8, 13, [13], [8], [33.107925], 1
5, 1, [1 2], [6 5], [-10.130461  33.058468], 2
12, 5, [5], [12], [33.032825], 1
6, 8, [8], [6], [33.11829], 1
12, 4, [4], [12], [33.059326], 1
1, 15, [15], [1], [33.063217], 1
6, 7, [7 6], [5 6], [-10.036928  33.128098], 2
12, 9, [9], [12], [33.0522], 1
7, 2, [ 2  4  9  6 10  2  9], [7 5 7 7 5 7 7], [  8.947594  -6.857053  -4.861108 -16.517492 -29.415907 -22.508541
 -25.950611], 7
6, 7, [7], [6], [33.07239], 1
8, 10, [10 16 13], [4 4 8], [-20.276463  16.034557  33.10822 ], 3
1, 13, [13], [1], [33.11187], 1
4, 11, [11], [4], [33.085968], 1
6, 13, [13], [6], [33.168644], 1
10, 5, [5], [10], [33.031654], 1
9, 11, [11], [9], [33.055275], 1
12, 10, [10], [12], [33.08586], 1
1, 13, [13], [1], [33.111874], 1
6, 8, [ 8 16], [6 6], [33.001564 33.13878 ], 2
8, 14, [14 15 13], [8 8 8], [30.441002 28.961342 33.10822 ], 3
9, 7, [7], [9], [33.07288], 1
11, 5, [5], [11], [33.032413], 1
10, 14, [14], [10], [33.065315], 1
9, 10, [10], [9], [33.09018], 1
8, 8, [8], [8], [33.0911], 1
12, 15, [15], [12], [33.090485], 1
6, 7, [7], [6], [33.073498], 1
9, 4, [4], [9], [33.07355], 1
6, 15, [15 16], [5 6], [-10.040163  33.140053], 2
6, 4, [ 4  6 10 13], [5 6 6 6], [-15.472184  24.118069  24.98338   33.17123 ], 4
5, 5, [ 5 16], [6 5], [-10.079903  33.14203 ], 2

4, 4, [ 4 13], [8 4], [-10.076941  33.10485 ], 2
6, 5, [5 8], [0 6], [-10.096327  33.1185  ], 2
10, 10, [10], [10], [33.081238], 1
10, 10, [10], [10], [33.08129], 1
4, 8, [8], [4], [33.10404], 1
11, 3, [3], [11], [33.03112], 1
3, 5, [5 7], [0 3], [-10.109625  33.096516], 2
6, 6, [6 4 7], [6 5 6], [22.66605  15.896684 33.072304], 3
12, 7, [7], [12], [33.069836], 1
11, 2, [2], [11], [33.06183], 1
1, 12, [12], [1], [33.043137], 1
3, 10, [10], [3], [33.07967], 1
7, 3, [ 3  7 14  8  2 11], [3 5 5 7 5 7], [-34.4397     -7.4426527  -5.880646    3.430448    3.8957205  33.062973 ], 6
9, 4, [4], [9], [33.073475], 1
0, 2, [2], [0], [33.12128], 1
2, 4, [ 4  9 16], [5 6 2], [-20.382229  15.935162  33.14511 ], 3
12, 7, [7], [12], [33.069836], 1
2, 1, [ 1  5 14], [6 5 2], [-20.443687  15.871695  33.06668 ], 3
1, 9, [9], [1], [33.046032], 1
6, 1, [ 1 12 13], [7 6 6], [-12.594185  28.952122  33.17114 ], 3
11, 7, [7], [11], [33.07268], 1
0, 14, [14], [0], [33.0663], 1
11, 2, [2], [11], [33.061825], 1
12, 6, [6], [12], [33.12047], 1
10, 15, [15 16], [11 10], [-10.024691  33.12177 ], 2
3, 2, [2], [3], [33.05828], 1
7, 13, [13 11], [0 7], [-10.065847  33.061043], 2
9, 3, [ 3 10], [11  9], [-10.1144905  33.09019  ], 2
1, 3, [3], [1], [33.0233], 1
7, 7, [ 7 16 11], [0 0 7], [-20.333225  15.979489  33.058285], 3
10, 6, [6], [10], [33.122814], 1
3, 6, [6 7], [3 3], [32.98023  33.096603], 2

4, 7, [7], [4], [33.082584], 1
3, 15, [15  7], [3 3], [32.925003 33.096558], 2
11, 8, [8], [11], [33.086315], 1
11, 11, [11], [11], [33.06523], 1
11, 11, [11], [11], [33.06526], 1
7, 6, [ 6  2  8 16], [0 5 7 7], [-23.245485  11.039727  24.96965   33.127724], 4
0, 3, [ 3 13], [6 0], [-10.114063  33.09881 ], 2
2, 5, [ 5 10], [5 2], [-10.123087  33.077023], 2
11, 10, [10], [11], [33.08982], 1
12, 12, [12], [12], [33.061554], 1
9, 13, [13], [9], [33.096344], 1
2, 16, [16], [2], [33.14439], 1
7, 12, [12  6  4  8 11  4 11], [0 0 5 7 5 5 5], [-40.3274   -17.2939   -22.374199 -24.05145  -41.90793  -43.29991
 -38.92798 ], 7
4, 6, [6], [4], [33.143932], 1
8, 1, [1 7], [6 8], [-10.118486  33.07983 ], 2
2, 11, [11], [2], [33.05726], 1
6, 1, [ 1 11], [6 6], [32.88108  33.077858], 2
5, 7, [ 7  5  8 16], [7 0 5 5], [-23.301996   11.0270815  24.987883   33.1427   ], 4
2, 8, [8], [2], [33.117973], 1
10, 10, [10], [10], [33.081364], 1
0, 3, [3 6], [6 0], [-10.095926  33.12966 ], 2
4, 13, [13], [4], [33.104862], 1
11, 6, [6], [11], [33.116634], 1
5, 2, [2], [5], [33.057384], 1
7, 12, [12  6], [0 7], [-10.071722  33.132084], 2
8, 11, [11], [8], [33.06887], 1
1, 10, [10], [1], [33.11123], 1
12, 2, [2], [12], [33.060776], 1
12, 5, [5], [12], [33.032825], 1
12, 11, [11], [12], [33.0617], 1
7, 3, [ 3 16], [6 7], [-10.096592  33.12703 ], 2
10, 1, [1], [10], [33.03937], 1

4, 13, [13], [4], [33.104862], 1
0, 15, [15 13], [6 0], [-10.062632  33.0996  ], 2
7, 7, [ 7 13  8], [5 0 7], [-20.343033  15.952051  33.090874], 3
12, 9, [9], [12], [33.0522], 1
10, 9, [9], [10], [33.055576], 1
7, 5, [ 5  1 14 12 10 13  9], [7 2 5 7 5 0 7], [  3.2008743 -16.386152  -20.700094  -21.268078  -37.19482   -35.473396
 -25.950611 ], 7
8, 4, [ 4  1 16 11 10 11  2], [8 8 4 8 8 8 8], [16.517225   5.7614594 -5.4594336  3.9772372  4.8457136 12.905415
 33.05934  ], 7
10, 9, [9], [10], [33.055614], 1
6, 5, [5 7], [6 6], [32.875565 33.07228 ], 2
12, 2, [2], [12], [33.060783], 1
11, 15, [15], [11], [33.099342], 1
5, 7, [ 7 16], [5 5], [32.971695 33.143543], 2
12, 10, [10], [12], [33.08586], 1
6, 16, [16], [6], [33.139214], 1
6, 15, [15  4  5  6  8  2], [6 6 6 2 6 6], [19.959528  11.470051   4.0210924 -1.6851692 16.974092  33.093033 ], 6
8, 11, [11 15  5  3 16  5  6], [8 8 4 4 4 4 4], [  7.655237  -9.024222 -30.201052 -37.05375  -41.799587 -43.282017
 -38.85536 ], 7
6, 4, [ 4  1 13], [5 2 6], [-20.383095  15.93652   33.171604], 3
5, 15, [15  8], [5 5], [32.938705 33.113247], 2
12, 15, [15], [12], [33.090508], 1
8, 5, [ 5 13], [4 8], [-10.104427  33.107994], 2
11, 6, [6], [11], [33.11664], 1
12, 4, [4], [12], [33.059338], 1
11, 12, [12], [11], [33.0511], 1
0, 12, [12 13], [0 0], [32.908966 33.0996  ], 2
5, 13, [13], [5], [33.118538], 1
2, 3, [3 6], [2 2], [32.90516  33.132298], 2
4, 4, [ 4  5 10 15  7], [4 8 4 8 4], [14.230125   1.9527574  9.868964   7.9387026 33.082626 ], 5
12, 8, [8], [12], [33.093872], 1
11, 14, [14], [11], [33.053513], 1
12, 2, [2], [12], [33.060745], 1
8, 5, [ 5  9  4 16], [8 8 8 8], [27.439991 24.013807 24.941559 33.135216], 4
9, 7, [7], [9], [33.07288], 1

4, 12, [12 13], [4 4], [32.91397 33.10485], 2
10, 11, [11], [10], [33.055862], 1
0, 5, [5 6 7], [7 0 0], [-12.580708  28.977938  33.08088 ], 3
12, 8, [8], [12], [33.093864], 1
2, 5, [ 5 10], [7 2], [-10.120567  33.078117], 2
12, 3, [3], [12], [33.033623], 1
5, 3, [3], [5], [33.023857], 1
6, 9, [ 9 16], [5 6], [-10.068703  33.13939 ], 2
9, 14, [14  6  5], [ 9 12  9], [22.628843 15.93865  33.03197 ], 3
11, 1, [1], [11], [33.03951], 1
0, 4, [4 6], [5 0], [-10.065207  33.129715], 2
7, 6, [6 3 8], [7 0 7], [22.663202 15.885248 33.09285 ], 3
8, 2, [2], [8], [33.05922], 1
11, 1, [1], [11], [33.03945], 1
3, 1, [1], [3], [33.034855], 1
2, 11, [11], [2], [33.05714], 1
7, 8, [ 8 10 14  2  8], [7 7 7 5 7], [22.081705 14.981945  9.814543  7.922821 33.092896], 5
11, 8, [8], [11], [33.08629], 1
12, 3, [3], [12], [33.033737], 1
1, 9, [9], [1], [33.046112], 1
1, 4, [4], [1], [33.055317], 1
6, 11, [11], [6], [33.07806], 1
7, 12, [12 11], [0 7], [-10.113417  33.063095], 2
5, 13, [13], [5], [33.11353], 1
12, 16, [16], [12], [33.127964], 1
9, 14, [14], [9], [33.06629], 1
0, 5, [ 5 13], [0 0], [32.891785 33.0996  ], 2
1, 5, [5], [1], [33.02552], 1
1, 2, [2], [1], [33.061085], 1
12, 15, [15], [12], [33.090508], 1
6, 6, [ 6 16], [6 6], [33.010742 33.13877 ], 2
8, 10, [10], [8], [33.09584], 1

7, 7, [ 7 12  1  2  6  2  4], [0 5 5 5 0 5 5], [-43.16324  -22.06949  -30.19048  -37.0409   -41.84664  -43.296734
 -38.939693], 7
10, 5, [5], [10], [33.031654], 1
6, 1, [ 1 15 11], [5 5 6], [-20.413319  15.922039  33.07772 ], 3
10, 3, [3], [10], [33.028946], 1
4, 6, [6], [4], [33.14655], 1
4, 16, [16], [4], [33.164482], 1
11, 6, [6], [11], [33.116623], 1
12, 6, [6], [12], [33.12047], 1
8, 6, [6], [8], [33.13354], 1
5, 3, [ 3 11  2 13], [2 7 5 5], [-23.3628    11.018841  24.92515   33.11147 ], 4
5, 13, [13  2 16], [0 5 5], [-12.525402  28.95935   33.142624], 3
10, 11, [11], [10], [33.05586], 1
0, 6, [6], [0], [33.12944], 1
0, 1, [ 1  6  5 15  8], [6 0 7 6 0], [-25.641047    7.2074847  -3.2032084   7.9404354  33.10182  ], 5
2, 11, [11], [2], [33.0572], 1
2, 10, [10], [2], [33.077076], 1
9, 10, [10], [9], [33.090157], 1
6, 7, [7], [6], [33.073532], 1
9, 12, [12], [9], [33.057693], 1
10, 11, [11], [10], [33.055832], 1
7, 11, [11], [7], [33.063297], 1
11, 12, [12], [11], [33.051064], 1
0, 10, [10  7], [6 0], [-10.064571  33.080738], 2
12, 12, [12], [12], [33.061546], 1
11, 12, [12], [11], [33.051083], 1
0, 8, [8], [0], [33.10168], 1
12, 12, [12], [12], [33.061554], 1
7, 7, [ 7  8 10 16], [0 0 5 7], [-27.955166   3.276747  11.967519  33.13016 ], 4
0, 9, [9 4 3 2], [6 5 6 0], [-28.036116    3.1926186  11.893221   33.110947 ], 4
7, 1, [ 1 14 13  5  6], [2 7 0 0 7], [-25.664711    7.169186   -3.1528387   7.915827   33.133682 ], 5
9, 12, [12], [9], [33.05811], 1
4, 12, [12  5  7], [4 8 4], [22.579536 15.881248 33.082623], 3

10, 11, [11], [10], [33.055866], 1
3, 11, [11], [3], [33.079117], 1
1, 10, [10], [1], [33.111275], 1
5, 11, [11], [5], [33.0785], 1
12, 15, [15], [12], [33.090508], 1
8, 16, [16  6], [4 8], [-9.952164 33.1313  ], 2
1, 11, [11], [1], [33.101044], 1
9, 14, [14], [9], [33.06641], 1
6, 4, [ 4 13], [6 6], [32.95833  33.168793], 2
9, 16, [16], [9], [33.12396], 1
8, 11, [11 15  6], [8 8 8], [30.450577 28.967945 33.131496], 3
6, 16, [16], [6], [33.13727], 1
5, 7, [7 8], [5 5], [32.956417 33.109695], 2
11, 4, [4], [11], [33.078453], 1
5, 9, [9], [5], [33.04745], 1
10, 5, [5], [10], [33.03166], 1
12, 11, [11], [12], [33.0617], 1
12, 4, [4], [12], [33.059338], 1
7, 9, [ 9  3 16], [5 6 7], [-20.41033   15.903141  33.127033], 3
10, 4, [4], [10], [33.06996], 1
9, 13, [13], [9], [33.096348], 1
5, 11, [11 13], [5 5], [32.941036 33.11913 ], 2
3, 15, [15 14], [0 3], [-10.08186   33.065628], 2
11, 9, [9], [11], [33.056984], 1
9, 1, [1], [9], [33.045914], 1
12, 2, [2], [12], [33.06078], 1
7, 16, [16 14  3  8], [7 5 0 7], [15.043612   3.1919923 11.885248  33.09285  ], 4
12, 14, [14], [12], [33.053234], 1
7, 5, [ 5  1  7 15  3 10 11], [0 2 5 5 0 5 7], [-39.847626   -16.466452   -20.834637   -21.53395    -16.01416
  -0.07383156  33.062973  ], 7
1, 4, [4], [1], [33.055305], 1
7, 2, [ 2 12 15  1  6], [7 0 5 7 7], [12.357152  -1.177197   4.6234913 20.914776  33.13212  ], 5
11, 1, [1], [11], [33.040348], 1

1, 12, [12], [1], [33.04313], 1
9, 4, [4], [9], [33.07322], 1
12, 6, [6], [12], [33.12047], 1
9, 10, [10], [9], [33.090183], 1
0, 6, [6], [0], [33.12958], 1
2, 7, [7], [2], [33.077526], 1
12, 3, [3], [12], [33.033737], 1
4, 5, [ 5 16], [8 4], [-10.060957  33.179382], 2
3, 3, [ 3 10  4  7], [2 3 6 3], [-20.237698  16.228634  11.91547   33.09652 ], 4
5, 14, [14], [5], [33.062725], 1
11, 7, [7], [11], [33.072678], 1
2, 4, [4 8], [6 2], [-10.071465  33.118103], 2
5, 13, [13], [5], [33.112778], 1
12, 8, [8], [12], [33.093864], 1
4, 12, [12  6], [4 4], [32.936317 33.147987], 2
9, 14, [14], [9], [33.066277], 1
12, 14, [14], [12], [33.053223], 1
0, 15, [15 13], [5 0], [-10.072556  33.098896], 2
10, 11, [11], [10], [33.05585], 1
12, 1, [1], [12], [33.039917], 1
9, 12, [12 15 16], [11 11  9], [-20.367905  15.968448  33.123768], 3
9, 6, [6 8], [2 9], [-10.020481  33.086723], 2
12, 6, [6], [12], [33.12047], 1
2, 13, [13], [2], [33.11237], 1
12, 10, [10], [12], [33.085857], 1
7, 16, [16  2  6 16], [10  5  0  7], [-27.91774    3.262305  12.007279  33.127724], 4
9, 7, [7], [9], [33.072815], 1
12, 14, [14], [12], [33.053223], 1
11, 15, [15 11], [11 11], [32.933067 33.065273], 2
10, 14, [14], [10], [33.065292], 1
11, 12, [12], [11], [33.05123], 1
5, 16, [16  4 16], [9 6 5], [-20.304829  15.93946   33.142456], 3

11, 3, [3], [11], [33.03121], 1
10, 3, [3], [10], [33.028934], 1
6, 3, [3 7], [12  6], [-10.127413  33.071922], 2
9, 10, [10], [9], [33.09016], 1
7, 9, [ 9 13  8  1  4 15 11], [6 0 0 7 7 7 7], [-34.287773   -7.2267256  -5.540772    3.9356995   4.831479   12.944935
  33.06211  ], 7
1, 16, [16  8], [4 1], [-9.96303 33.11656], 2
7, 4, [ 4  8  5 14 11 14  3], [6 0 0 7 0 7 0], [-39.34223  -15.666751 -19.604977 -19.39921  -34.10211  -30.319626
 -38.96884 ], 7
5, 4, [ 4  3 16], [6 7 5], [-20.394962  15.912656  33.14309 ], 3
7, 12, [12 16], [0 7], [-10.074352  33.12917 ], 2
4, 6, [6], [4], [33.146084], 1
1, 12, [12], [1], [33.043133], 1
8, 5, [ 5 16  4  6], [8 4 8 8], [19.701939 11.117772 24.939247 33.131496], 4
2, 8, [8], [2], [33.117935], 1
5, 2, [ 2 14], [9 5], [-10.100897  33.06424 ], 2
2, 5, [5 6], [2 2], [32.911144 33.132175], 2
12, 6, [6], [12], [33.120422], 1
5, 16, [16 13], [9 5], [-10.00127   33.118332], 2
10, 12, [12], [10], [33.076485], 1
6, 15, [15  7], [5 6], [-10.090681  33.073563], 2
9, 14, [14], [9], [33.065845], 1
9, 10, [10 11], [9 9], [32.92343  33.055527], 2
7, 12, [12  9  7 14 12  6 13], [5 6 0 7 5 0 0], [-40.37468  -17.369265 -22.362347 -24.067999 -41.881413 -43.21035
 -38.902912], 7
4, 8, [8], [4], [33.108906], 1
4, 3, [ 3 11], [4 4], [32.877274 33.08564 ], 2
3, 16, [16], [3], [33.17665], 1
10, 7, [7], [10], [33.073845], 1
2, 4, [ 4 14], [6 2], [-10.102755  33.06668 ], 2
8, 7, [7], [8], [33.080273], 1
6, 12, [12  9  6], [6 5 6], [22.60373  15.92375  33.128082], 3
6, 13, [13], [6], [33.17095], 1
4, 16, [16], [4], [33.179054], 1
12, 1, [1], [12], [33.03991], 1

6, 8, [8 6], [2 6], [-10.005632  33.12797 ], 2
5, 15, [15], [5], [33.066025], 1
1, 1, [1], [1], [33.033005], 1
4, 10, [10 11], [4 4], [32.958424 33.088474], 2
0, 8, [8], [0], [33.101696], 1
0, 16, [16], [0], [33.161354], 1
6, 9, [ 9 13], [5 6], [-10.049915  33.172035], 2
2, 14, [14], [2], [33.066666], 1
7, 9, [ 9 16  6  4], [6 0 0 7], [-27.955086    3.3277953  11.97213    33.06896  ], 4
12, 1, [1], [12], [33.039917], 1
4, 6, [6], [4], [33.145763], 1
0, 7, [7], [0], [33.080696], 1
1, 14, [14], [1], [33.076817], 1
12, 7, [7], [12], [33.069836], 1
4, 14, [14], [4], [33.062424], 1
8, 15, [15 11], [8 8], [32.93088  33.067806], 2
8, 3, [ 3 15 12  2], [8 8 4 8], [22.75934  16.221064 11.886696 33.05934 ], 4
1, 4, [4], [1], [33.05508], 1
12, 1, [1], [12], [33.03992], 1
12, 16, [16], [12], [33.12654], 1
10, 8, [8 9], [10 10], [32.91954  33.055557], 2
6, 9, [9 8], [6 6], [32.91943 33.1185 ], 2
12, 14, [14], [12], [33.053223], 1
6, 14, [14], [6], [33.071243], 1
11, 5, [5], [11], [33.0324], 1
12, 3, [3], [12], [33.033703], 1
12, 2, [2], [12], [33.060745], 1
8, 3, [3 7], [4 8], [-10.125698  33.080494], 2
12, 6, [6], [12], [33.12047], 1
6, 13, [13], [6], [33.159775], 1
12, 11, [11], [12], [33.0617], 1
12, 4, [4], [12], [33.059338], 1

10, 6, [6 5], [ 9 10], [-10.067669  33.03163 ], 2
9, 5, [5 6], [9 9], [32.898056 33.109825], 2
2, 14, [14], [2], [33.066673], 1
12, 16, [16], [12], [33.12658], 1
10, 4, [4], [10], [33.069828], 1
5, 16, [16  1 11], [9 6 5], [-20.345787  15.880763  33.080338], 3
5, 3, [ 3 14  6], [5 5 5], [30.386726 28.937359 33.125805], 3
8, 10, [10 13], [4 8], [-10.031664  33.108   ], 2
7, 10, [10 14 10 12 11], [6 5 5 7 7], [-30.614073   -1.1662655   4.6216364  20.887363   33.064247 ], 5
5, 12, [12], [5], [33.04604], 1
9, 2, [2], [9], [33.060814], 1
3, 8, [8], [3], [33.13826], 1
5, 4, [ 4  3 14  4  7], [5 5 5 5 5], [24.811415 19.590714 17.61067  20.914658 33.0918  ], 5
6, 2, [2], [6], [33.09331], 1
1, 6, [6], [1], [33.091896], 1
8, 4, [4 9 8], [4 8 8], [-12.598717  28.902826  33.089497], 3
0, 10, [10 16  7], [7 3 0], [-20.297955  16.023716  33.082645], 3
0, 5, [5 3 6], [0 6 0], [22.575636 15.905214 33.129715], 3
12, 12, [12], [12], [33.061554], 1
5, 6, [6], [5], [33.12629], 1
0, 15, [15  2], [5 0], [-10.059694  33.110947], 2
3, 13, [13], [3], [33.098938], 1
10, 7, [7], [10], [33.07384], 1
12, 4, [4], [12], [33.05941], 1
7, 5, [ 5 11], [6 7], [-10.129478  33.06366 ], 2
4, 14, [14], [4], [33.062294], 1
2, 5, [ 5 11], [5 2], [-10.134001  33.05719 ], 2
10, 15, [15], [10], [33.082436], 1
3, 3, [3 1 8], [6 2 3], [-20.423428  15.917553  33.139458], 3
12, 7, [7], [12], [33.069836], 1
7, 14, [14  4 10  7 10 13 14], [7 5 0 7 0 0 7], [  6.011481   -11.749014   -13.011148    -8.492988   -15.953967
  -0.06708527  33.058746  ], 7
12, 9, [9], [12], [33.0522], 1

0, 3, [3 7], [6 0], [-10.12479   33.080967], 2
8, 14, [14], [8], [33.064995], 1
11, 2, [2], [11], [33.061806], 1
10, 12, [12], [10], [33.077], 1
12, 11, [11], [12], [33.0617], 1
4, 5, [ 5 11], [8 4], [-10.114756  33.08882 ], 2
11, 1, [1], [11], [33.039555], 1
12, 12, [12], [12], [33.061554], 1
12, 10, [10], [12], [33.08586], 1
5, 16, [16 15], [9 5], [-10.026274  33.072227], 2
10, 16, [16 13], [10 10], [32.98182  33.097225], 2
8, 8, [ 8 13], [8 8], [32.960342 33.10835 ], 2
12, 9, [9], [12], [33.0522], 1
0, 13, [13], [0], [33.098778], 1
4, 2, [2], [4], [33.060204], 1
0, 1, [1 6], [7 0], [-10.08762  33.12978], 2
1, 4, [4], [1], [33.055176], 1
3, 16, [16], [3], [33.178722], 1
7, 9, [ 9  8 15  9 15 16], [6 7 5 7 5 7], [-26.610243    5.5689907  -5.8733745   3.4201326   3.9511805  33.127724 ], 6
3, 9, [9 6], [3 3], [32.919125 33.11827 ], 2
8, 5, [ 5 16 13], [8 4 8], [22.651829 16.034159 33.108505], 3
12, 13, [13], [12], [33.095955], 1
1, 3, [3], [1], [33.023304], 1
10, 9, [9], [10], [33.05553], 1
3, 11, [11], [3], [33.07902], 1
10, 6, [6], [10], [33.121834], 1
10, 12, [12], [10], [33.076492], 1
4, 2, [2], [4], [33.06048], 1
6, 15, [15  7], [5 6], [-10.082684  33.073524], 2
8, 15, [15  3 12 11], [8 8 8 8], [27.466484 23.960289 24.889425 33.06354 ], 4
7, 16, [16 15  8], [0 5 7], [-20.300125  15.922815  33.09306 ], 3
7, 9, [ 9 15 11], [6 5 7], [-20.405384  15.91045   33.064297], 3

4, 9, [9 7], [8 4], [-10.101751  33.082623], 2
6, 8, [8], [6], [33.118168], 1
10, 7, [7], [10], [33.073845], 1
9, 14, [14 16], [9 9], [32.935287 33.12377 ], 2
3, 2, [2], [3], [33.058514], 1
0, 2, [2], [0], [33.11054], 1
8, 12, [12  8], [4 8], [-10.095493  33.089497], 2
12, 10, [10], [12], [33.08586], 1
12, 15, [15], [12], [33.090477], 1
2, 9, [9 8], [6 2], [-10.081089  33.118027], 2
12, 14, [14], [12], [33.053226], 1
10, 13, [13], [10], [33.09729], 1
6, 10, [10 13], [6 6], [32.9878   33.171604], 2
9, 5, [ 5  1 10  5 16], [11 11  9 11  9], [-28.803188    1.9406462   9.834099    7.9066715  33.12377  ], 5
7, 11, [11], [7], [33.062862], 1
11, 16, [16], [11], [33.12248], 1
5, 4, [ 4 11], [6 5], [-10.095137  33.07921 ], 2
5, 13, [13], [5], [33.111794], 1
2, 16, [16], [2], [33.144726], 1
5, 13, [13], [5], [33.112007], 1
9, 16, [16], [9], [33.12386], 1
10, 1, [1], [10], [33.03933], 1
8, 12, [12  5 11  8], [8 8 8 8], [27.442844 23.986012 24.924461 33.090782], 4
2, 13, [13], [2], [33.112377], 1
1, 16, [16], [1], [33.175014], 1
4, 15, [15 16], [4 4], [32.988625 33.177986], 2
4, 2, [2], [4], [33.060486], 1
2, 8, [8], [2], [33.117947], 1
4, 12, [12  9 13], [4 8 4], [22.597883 15.911803 33.104843], 3
6, 1, [ 1  6 13], [2 2 6], [-20.35021   16.027294  33.16153 ], 3
5, 8, [8], [5], [33.113266], 1
8, 13, [13], [8], [33.108135], 1

0, 11, [11], [0], [33.092117], 1
12, 14, [14], [12], [33.05322], 1
9, 8, [8], [9], [33.08669], 1
2, 12, [12  4 16], [6 5 2], [-20.384323  15.943744  33.14511 ], 3
2, 14, [14], [2], [33.066666], 1
9, 15, [15 13], [9 9], [32.942997 33.096313], 2
10, 13, [13], [10], [33.097385], 1
0, 14, [14], [0], [33.06562], 1
0, 8, [8], [0], [33.101917], 1
5, 9, [ 9  5  2  9 11  8], [6 0 5 6 5 5], [-30.890602   -1.564471    4.0049205  -1.7806253  16.954159   33.11558  ], 6
12, 4, [4], [12], [33.05935], 1
6, 1, [1 2], [2 6], [-10.1101    33.094162], 2
5, 9, [ 9 12 16], [5 2 5], [22.610168 15.937473 33.14242 ], 3
5, 2, [ 2  5 11], [5 7 5], [22.58905  15.882717 33.08074 ], 3
6, 6, [6], [6], [33.127846], 1
8, 16, [16 13], [8 8], [33.00688  33.107994], 2
11, 15, [15], [11], [33.098476], 1
9, 16, [16], [9], [33.123894], 1
4, 12, [12  7], [4 4], [32.90014 33.0826 ], 2
1, 10, [10], [1], [33.111256], 1
0, 8, [8], [0], [33.101906], 1
10, 14, [14], [10], [33.065342], 1
5, 10, [10  7 10  7 14], [6 5 5 5 5], [-18.11198   19.672459  17.63969   20.926311  33.062782], 5
11, 3, [3], [11], [33.03118], 1
12, 1, [1], [12], [33.039917], 1
8, 4, [ 4 10  8 14], [4 8 4 8], [-20.17987   16.268108  11.94483   33.06472 ], 4
1, 3, [3], [1], [33.023304], 1
3, 8, [8], [3], [33.13996], 1
10, 11, [11], [10], [33.055862], 1
0, 9, [9 7], [5 0], [-10.103802  33.080734], 2
8, 2, [2], [8], [33.05923], 1
3, 4, [4 8], [6 3], [-10.058235  33.140343], 2

0, 8, [8], [0], [33.101814], 1
5, 2, [ 2  4 15], [5 5 5], [30.40128  28.904018 33.073063], 3
3, 12, [12 11], [3 3], [32.896843 33.079132], 2
1, 5, [5], [1], [33.025528], 1
12, 2, [2], [12], [33.06078], 1
1, 12, [12], [1], [33.043133], 1
8, 14, [14], [8], [33.06471], 1
11, 14, [14], [11], [33.053734], 1
5, 4, [4 8], [6 5], [-10.073011  33.115875], 2
8, 3, [ 3 11], [8 8], [32.864857 33.06353 ], 2
0, 8, [8], [0], [33.101562], 1
9, 11, [11], [9], [33.05543], 1
1, 3, [3], [1], [33.023304], 1
12, 14, [14], [12], [33.05322], 1
11, 2, [2], [11], [33.061867], 1
0, 4, [ 4 13], [6 0], [-10.083073  33.0996  ], 2
4, 7, [7], [4], [33.082603], 1
12, 8, [8], [12], [33.093872], 1
0, 16, [16  6], [0 0], [33.033573 33.12967 ], 2
9, 9, [9], [9], [33.063553], 1
11, 16, [16], [11], [33.12298], 1
12, 16, [16], [12], [33.12658], 1
11, 12, [12], [11], [33.051067], 1
9, 16, [16], [9], [33.123924], 1
12, 8, [8], [12], [33.093872], 1
1, 1, [1], [1], [33.033005], 1
11, 15, [15], [11], [33.09965], 1
10, 10, [10], [10], [33.081226], 1
12, 9, [9], [12], [33.0522], 1
7, 2, [ 2  3  7 13 16], [5 0 5 0 7], [-33.450745   -5.847974   -3.1301885   7.973461   33.126556 ], 5
4, 8, [ 8 11], [1 4], [-10.032005  33.091335], 2
11, 3, [3], [11], [33.031128], 1

0, 6, [6], [0], [33.129707], 1
10, 4, [4], [10], [33.069828], 1
2, 4, [4 7], [5 2], [-10.096802  33.07751 ], 2
0, 6, [6], [0], [33.12937], 1
0, 16, [16  8], [3 0], [-9.964848 33.101707], 2
3, 7, [7], [3], [33.096344], 1
9, 1, [ 1 10], [11  9], [-10.106241  33.090214], 2
1, 9, [9], [1], [33.04609], 1
4, 1, [ 1 16], [8 4], [-10.063709  33.164516], 2
0, 4, [4 8], [6 0], [-10.081699  33.102047], 2
9, 2, [2], [9], [33.060833], 1
4, 5, [ 5  3  9 13], [8 8 8 4], [-28.064238   3.173772  11.912009  33.10485 ], 4
1, 2, [2], [1], [33.06109], 1
10, 15, [15], [10], [33.082184], 1
3, 13, [13], [3], [33.098953], 1
3, 11, [11], [3], [33.079067], 1
4, 8, [8], [4], [33.108036], 1
10, 7, [7], [10], [33.07384], 1
7, 2, [ 2 15 13 11], [7 5 0 7], [15.008578   3.2358906 11.931924  33.058285 ], 4
11, 14, [14], [11], [33.05359], 1
9, 16, [16], [9], [33.123695], 1
5, 14, [14], [5], [33.06285], 1
1, 8, [8], [1], [33.116547], 1
12, 10, [10], [12], [33.085857], 1
12, 15, [15], [12], [33.090508], 1
4, 14, [14], [4], [33.062332], 1
10, 12, [12], [10], [33.077187], 1
12, 9, [9], [12], [33.052254], 1
12, 14, [14], [12], [33.053223], 1
6, 2, [2], [6], [33.093357], 1
12, 9, [9], [12], [33.052204], 1
6, 14, [14], [6], [33.073586], 1

----------------------train at epoch 4-----------------------------
7, 16, [16  7 14  9 11 16], [10  0  7  5  0  7], [-32.472954   -4.3298755  -0.6810994  -9.571928    3.9656754  33.126682 ], 6
7, 4, [ 4  6  8 11], [6 0 0 7], [-27.96762     3.2907555  11.935076   33.06211  ], 4
3, 12, [12  6], [2 3], [-10.077116  33.118286], 2
3, 2, [2], [3], [33.058514], 1
2, 16, [16], [2], [33.14464], 1
3, 13, [13], [3], [33.099083], 1
6, 2, [2], [6], [33.091984], 1
9, 8, [8], [9], [33.08668], 1
7, 6, [ 6 13  3 13  9 16], [7 0 0 0 7 7], [ 7.543641  -9.31402   -9.01832   -1.7464285 16.927666  33.130463 ], 6
6, 7, [7], [6], [33.07365], 1
6, 10, [10  1 13], [6 7 6], [22.64859  15.937225 33.17114 ], 3
11, 15, [15], [11], [33.101715], 1
4, 2, [2], [4], [33.060486], 1
2, 4, [ 4 11], [5 2], [-10.109055  33.057117], 2
6, 12, [12  8], [5 6], [-10.080019  33.118176], 2
10, 6, [6], [10], [33.12102], 1
1, 3, [3], [1], [33.0233], 1
9, 5, [5], [9], [33.031982], 1
0, 9, [9 8], [5 0], [-10.091171  33.10182 ], 2
2, 3, [ 3 16], [2 2], [32.912914 33.145226], 2
1, 3, [3], [1], [33.023304], 1
6, 7, [7], [6], [33.072567], 1
12, 6, [6], [12], [33.12047], 1
4, 4, [ 4 11], [8 4], [-10.085291  33.08564 ], 2
7, 3, [ 3 16  8], [0 0 7], [-20.373577  15.99927   33.091255], 3
4, 12, [12 15 14], [4 8 4], [22.609337 15.930894 33.062286], 3
7, 3, [ 3 11], [2 7], [-10.136356  33.06366 ], 2
12, 13, [13], [12], [33.095947], 1
3, 12, [12  3 13], [0 3 3], [-12.62043   28.884546  33.098892], 3
12, 6, [6], [12], [33.12047], 1
7, 2, [ 2  1 15  1  2 16], [7 7 5 7 7 7], [18.068123   8.317787  -1.1966724 11.209119  16.955547  33.13016  ], 6
6, 8, [ 8 16], [6 6], [33.00154  33.138775], 2

4, 6, [6], [4], [33.143932], 1
12, 12, [12], [12], [33.061546], 1
7, 4, [ 4 10 14  7  6 13 16], [6 5 7 0 0 0 7], [-3.5102074e+01 -8.5998249e+00 -7.8093491e+00 -2.1452343e+01
 -1.5885210e+01 -2.5119781e-02  3.3130161e+01], 7
5, 14, [14  8], [5 5], [32.92744  33.109272], 2
0, 13, [13], [0], [33.09887], 1
7, 1, [ 1 10 13  6 16  4], [6 6 0 0 0 7], [-37.206936  -12.068676  -13.589674   -9.47771     3.9858923  33.06896  ], 6
2, 8, [8], [2], [33.118057], 1
10, 14, [14], [10], [33.065315], 1
2, 13, [13], [2], [33.11237], 1
5, 15, [15  8], [5 5], [32.937256 33.110207], 2
6, 13, [13], [6], [33.168644], 1
8, 16, [16], [8], [33.13521], 1
6, 3, [3 2], [3 6], [-10.11665   33.093613], 2
1, 14, [14], [1], [33.076817], 1
7, 8, [ 8  2 13  4], [7 7 0 7], [22.831045 16.230116 11.938327 33.06896 ], 4
10, 9, [9], [10], [33.05553], 1
10, 15, [15  4], [11 10], [-10.055822  33.06988 ], 2
3, 6, [ 6 10], [3 3], [32.96913  33.078114], 2
0, 12, [12  6], [6 0], [-10.072912  33.129715], 2
7, 14, [14  8 12  2 16], [5 7 7 7 7], [-18.14303   19.660212  17.612877  20.940105  33.130463], 5
12, 8, [8], [12], [33.093872], 1
1, 13, [13], [1], [33.11187], 1
6, 3, [3 7], [6 6], [32.870518 33.073524], 2
2, 5, [5 6], [7 2], [-10.08824   33.131996], 2
8, 11, [11  2], [8 8], [32.905415 33.05934 ], 2
3, 11, [11], [3], [33.079056], 1
1, 3, [3], [1], [33.0233], 1
12, 7, [7], [12], [33.069836], 1
10, 4, [4], [10], [33.069828], 1
12, 5, [5], [12], [33.032837], 1
7, 2, [ 2 13 10  6 14  2 12], [7 0 5 7 5 7 7], [  4.3006325 -14.601988  -17.8316    -16.534695  -29.44458   -22.508888
 -25.951187 ], 7
3, 7, [7], [3], [33.096107], 1

11, 2, [2], [11], [33.06183], 1
5, 5, [ 5 13  8  4 16], [0 0 5 5 5], [-25.94685    6.700959  17.669954  20.946152  33.1427  ], 5
11, 14, [14], [11], [33.05372], 1
1, 9, [9], [1], [33.046154], 1
9, 9, [9], [9], [33.063553], 1
4, 5, [5 7], [8 4], [-10.118923  33.082626], 2
12, 5, [5], [12], [33.03283], 1
6, 11, [11], [6], [33.07806], 1
0, 2, [2], [0], [33.108433], 1
5, 15, [15  8], [5 5], [32.943794 33.11419 ], 2
1, 13, [13], [1], [33.111866], 1
1, 4, [4], [1], [33.05508], 1
8, 10, [10  4  2], [8 4 8], [22.638084 15.894793 33.059216], 3
6, 15, [15  2], [5 6], [-10.06789   33.094505], 2
11, 15, [15 11], [11 11], [32.933067 33.065273], 2
11, 11, [11], [11], [33.065254], 1
12, 7, [7], [12], [33.069836], 1
7, 5, [ 5 16], [6 7], [-10.090172  33.12917 ], 2
2, 14, [14], [2], [33.066677], 1
12, 13, [13], [12], [33.09595], 1
12, 3, [3], [12], [33.033623], 1
12, 3, [3], [12], [33.033703], 1
11, 10, [10], [11], [33.08982], 1
8, 8, [8], [8], [33.0911], 1
7, 7, [ 7  5  7  9  7  6 15], [5 6 5 6 5 0 7], [-42.53937  -21.043404 -28.46076  -34.24572  -37.156746 -35.405693
 -25.892334], 7
0, 9, [ 9 16], [5 0], [-10.057531  33.159237], 2
4, 3, [ 3 16], [4 4], [32.933517 33.179382], 2
5, 6, [ 6 13  3  9 11  6  8], [7 7 7 5 7 7 5], [-39.675617 -16.343315 -20.730259 -21.261286 -37.184464 -35.407745
 -25.897736], 7
12, 12, [12], [12], [33.061554], 1
6, 13, [13], [6], [33.170532], 1
7, 13, [13  6 10  6  2], [0 0 0 0 7], [-33.348522   -5.7424526  -3.1220107   7.9735966  33.071404 ], 5
0, 14, [14], [0], [33.06468], 1

3, 8, [8], [3], [33.1396], 1
11, 16, [16], [11], [33.12268], 1
3, 16, [16], [3], [33.178288], 1
0, 2, [2], [0], [33.121445], 1
8, 8, [ 8 11], [4 8], [-10.055618  33.06355 ], 2
3, 15, [15 16 11], [3 2 3], [22.664768 15.996167 33.079147], 3
7, 2, [ 2 16], [7 7], [32.940266 33.12799 ], 2
12, 10, [10], [12], [33.08586], 1
9, 9, [9], [9], [33.06343], 1
11, 1, [1], [11], [33.040348], 1
1, 3, [3], [1], [33.023304], 1
12, 13, [13], [12], [33.09596], 1
5, 16, [16  9], [9 5], [-10.043625  33.04841 ], 2
1, 11, [11], [1], [33.101044], 1
8, 12, [12  8  6], [4 4 8], [-20.359503  15.986509  33.134186], 3
5, 7, [ 7  2 15], [5 5 5], [30.430231 28.902515 33.073746], 3
11, 5, [5], [11], [33.032413], 1
7, 4, [ 4  1 13  2], [6 2 0 7], [-28.024536    3.1973183  11.939235   33.069283 ], 4
1, 11, [11], [1], [33.101044], 1
6, 6, [6], [6], [33.12806], 1
6, 12, [12  7], [0 6], [-10.107199  33.072548], 2
5, 8, [8], [5], [33.113857], 1
8, 1, [1 6], [6 8], [-10.08901   33.128956], 2
10, 10, [10], [10], [33.081226], 1
3, 10, [10], [3], [33.079094], 1
10, 14, [14], [10], [33.065254], 1
6, 7, [7], [6], [33.073532], 1
8, 13, [13], [8], [33.108086], 1
12, 7, [7], [12], [33.069836], 1
3, 1, [ 1 13], [7 3], [-10.106253  33.098892], 2
11, 6, [6], [11], [33.11665], 1
0, 10, [10 16  2], [7 3 0], [-20.287487  16.041159  33.111717], 3

4, 5, [ 5 13], [8 4], [-10.105713  33.104843], 2
2, 4, [4 8], [2 2], [32.925186 33.118195], 2
5, 9, [ 9 11], [5 5], [32.89486 33.07921], 2
6, 9, [ 9 11], [5 6], [-10.106443  33.07782 ], 2
6, 12, [12 11], [7 6], [-10.103865  33.07793 ], 2
8, 4, [ 4 10], [4 8], [-10.084705  33.093323], 2
2, 7, [7], [2], [33.07752], 1
0, 16, [16  7], [3 0], [-9.977413 33.0814  ], 2
12, 11, [11], [12], [33.0617], 1
12, 2, [2], [12], [33.060783], 1
8, 10, [10 11 13], [4 8 8], [-12.528904  28.935097  33.108505], 3
3, 14, [14], [3], [33.06565], 1
12, 15, [15], [12], [33.090508], 1
12, 3, [3], [12], [33.03373], 1
8, 14, [14], [8], [33.065292], 1
1, 5, [5], [1], [33.025528], 1
2, 14, [14], [2], [33.06668], 1
5, 10, [10  8], [2 5], [-10.053892  33.11029 ], 2
0, 6, [6], [0], [33.12937], 1
9, 13, [13], [9], [33.096375], 1
12, 11, [11], [12], [33.0617], 1
10, 6, [6 2], [ 9 10], [-10.050129  33.060863], 2
6, 2, [2], [6], [33.093876], 1
9, 5, [5 9], [11  9], [-10.129677  33.06333 ], 2
9, 4, [4], [9], [33.07355], 1
2, 15, [15 16], [2 2], [32.955482 33.14501 ], 2
5, 14, [14], [5], [33.06347], 1
12, 13, [13], [12], [33.095955], 1
3, 1, [1], [3], [33.03475], 1
2, 12, [12], [2], [33.05486], 1
4, 13, [13], [4], [33.104862], 1
2, 8, [8], [2], [33.117935], 1

2, 4, [ 4  5 15  8], [6 7 2 2], [-23.345263  10.995861  24.939617  33.118183], 4
3, 2, [2], [3], [33.058365], 1
8, 1, [ 1 16], [8 8], [32.919617 33.135216], 2
5, 4, [ 4 14], [6 5], [-10.104755  33.06318 ], 2
4, 12, [12 13], [4 4], [32.91349  33.104847], 2
2, 10, [10 13], [5 2], [-10.046877  33.11241 ], 2
1, 3, [3], [1], [33.0233], 1
3, 12, [12 10], [3 3], [32.89635  33.078312], 2
0, 2, [2], [0], [33.122074], 1
8, 16, [16  7], [4 8], [-9.982079 33.080494], 2
3, 5, [5 3 7], [3 6 3], [22.557228 15.883942 33.096504], 3
10, 5, [5], [10], [33.03166], 1
4, 16, [16], [4], [33.17166], 1
3, 10, [10], [3], [33.07967], 1
12, 2, [2], [12], [33.06078], 1
3, 15, [15], [3], [33.064003], 1
10, 6, [6], [10], [33.12205], 1
2, 6, [6], [2], [33.13214], 1
6, 16, [16 13], [6 6], [33.038025 33.173523], 2
7, 6, [ 6  8  1 13 15 12  1], [0 0 7 0 5 5 7], [-37.79834  -13.211718 -15.512862 -34.247753 -37.24089  -35.531242
 -25.96421 ], 7
12, 13, [13], [12], [33.095955], 1
4, 9, [ 9 11], [8 4], [-10.099457  33.08596 ], 2
12, 10, [10], [12], [33.08586], 1
6, 8, [ 8 13], [2 6], [-9.979584 33.171387], 2
2, 4, [ 4 16], [6 2], [-10.055645  33.1452  ], 2
11, 14, [14], [11], [33.053734], 1
12, 1, [1], [12], [33.03992], 1
0, 8, [8], [0], [33.10168], 1
0, 2, [2], [0], [33.110138], 1
8, 11, [11], [8], [33.06344], 1
8, 4, [4 6], [8 8], [32.939854 33.1313  ], 2
12, 6, [6], [12], [33.120464], 1

12, 9, [9], [12], [33.052204], 1
2, 15, [15 13], [5 2], [-10.057884  33.112415], 2
12, 10, [10], [12], [33.08586], 1
4, 9, [9 8], [8 4], [-10.088245  33.104427], 2
0, 7, [7], [0], [33.083008], 1
8, 1, [ 1  7  3 16  5 16  7], [8 4 8 4 8 4 4], [  6.193417 -11.406171 -12.479989 -29.177818 -28.886734 -43.196682
 -38.918175], 7
3, 6, [6], [3], [33.118217], 1
8, 9, [ 9 16], [8 8], [32.932045 33.138195], 2
3, 3, [ 3 16], [0 3], [-10.065361  33.17913 ], 2
12, 2, [2], [12], [33.060745], 1
5, 11, [11], [5], [33.078354], 1
0, 13, [13], [0], [33.097702], 1
10, 14, [14], [10], [33.065327], 1
6, 5, [ 5 10  7], [0 6 6], [-12.609995  28.929049  33.07349 ], 3
7, 3, [ 3  5 13  6  7], [3 0 0 0 7], [-33.477306   -5.8386607  -3.118175    7.9738293  33.071445 ], 5
2, 15, [15  7], [5 2], [-10.080246  33.077526], 2
10, 12, [12], [10], [33.076492], 1
3, 14, [14], [3], [33.06562], 1
5, 2, [2 8], [5 5], [32.926476 33.11366 ], 2
5, 5, [ 5 15  7 15  4 11 16], [5 5 5 5 5 0 5], [ 2.0152431e+01  1.1872050e+01  4.6673379e+00 -7.0217633e-01
 -2.9589720e+00 -2.8486252e-02  3.3143230e+01], 7
9, 2, [2], [9], [33.060814], 1
4, 14, [14], [4], [33.06232], 1
7, 15, [15  9 11], [5 6 7], [-20.39686   15.886221  33.063095], 3
10, 13, [13], [10], [33.097393], 1
11, 12, [12], [11], [33.051083], 1
9, 10, [10], [9], [33.09016], 1
8, 4, [4 6], [4 8], [-10.060225  33.134186], 2
12, 14, [14], [12], [33.053234], 1
8, 4, [ 4 10  6], [8 8 8], [30.44917  28.981363 33.131496], 3
6, 15, [15 11], [5 6], [-10.081326  33.07816 ], 2
3, 11, [11], [3], [33.079216], 1
11, 5, [5 6], [12 11], [-10.097439  33.116585], 2

5, 14, [14], [5], [33.063057], 1
8, 6, [ 6 13  4  5 13  8], [4 8 8 8 8 8], [-20.152668  16.17905   11.786001  11.209286  16.962633  33.091972], 6
10, 10, [10], [10], [33.08122], 1
5, 12, [12 16  8], [9 9 5], [-20.34506   16.000147  33.115036], 3
1, 1, [1], [1], [33.033005], 1
6, 6, [ 6 16], [6 6], [33.011307 33.13878 ], 2
2, 4, [ 4  5 10  6], [5 2 5 2], [-20.217718  16.209318  11.96504   33.13227 ], 4
0, 4, [4 2], [6 0], [-10.067995  33.124733], 2
9, 14, [14], [9], [33.066162], 1
8, 5, [5 6], [8 8], [32.910114 33.1313  ], 2
1, 5, [5], [1], [33.025524], 1
8, 2, [2], [8], [33.05927], 1
10, 13, [13], [10], [33.097404], 1
12, 4, [4], [12], [33.059338], 1
4, 4, [4 8], [4 4], [32.917324 33.104435], 2
3, 13, [13], [3], [33.09903], 1
8, 8, [8 5], [8 8], [32.915405 33.033455], 2
12, 16, [16], [12], [33.126564], 1
1, 8, [8], [1], [33.116554], 1
6, 11, [11], [6], [33.077816], 1
7, 4, [ 4  5 14  8], [6 0 7 7], [-23.353107  10.98246   24.916786  33.09306 ], 4
5, 7, [ 7 13], [5 5], [32.95825  33.112747], 2
6, 1, [1 6], [2 6], [-10.089619  33.12804 ], 2
0, 6, [6], [0], [33.12944], 1
12, 9, [9], [12], [33.0522], 1
12, 7, [7], [12], [33.069836], 1
5, 5, [ 5 12], [6 5], [-10.141069  33.043358], 2
0, 10, [10  1  7], [6 2 0], [-20.384966  15.88402   33.08314 ], 3
9, 4, [4], [9], [33.073475], 1
2, 12, [12 10], [6 2], [-10.10445   33.077023], 2
10, 15, [15], [10], [33.083645], 1
7, 1, [ 1  2 11], [2 7 7], [-12.62587   28.900375  33.064247], 3

2, 2, [2], [2], [33.06273], 1
10, 7, [7], [10], [33.073845], 1
12, 16, [16], [12], [33.12658], 1
12, 1, [1], [12], [33.039917], 1
6, 10, [10  6], [6 6], [32.961803 33.128082], 2
11, 10, [10], [11], [33.089867], 1
6, 8, [8], [6], [33.117844], 1
5, 7, [ 7 14], [5 5], [32.92599  33.062943], 2
10, 5, [5], [10], [33.031654], 1
9, 1, [1], [9], [33.046432], 1
10, 16, [16 15], [ 7 10], [-10.021757  33.082054], 2
2, 6, [6], [2], [33.132053], 1
4, 8, [8], [4], [33.105907], 1
4, 2, [2], [4], [33.06048], 1
12, 16, [16], [12], [33.12658], 1
9, 15, [15], [9], [33.07749], 1
5, 6, [6], [5], [33.12629], 1
4, 15, [15 14], [4 4], [32.91921 33.06229], 2
3, 13, [13], [3], [33.098984], 1
4, 4, [ 4 10 15  5  7], [4 4 8 8 4], [17.376287   7.1963615 -3.182301   7.8809557 33.082626 ], 5
6, 9, [9 8], [0 6], [-10.080919  33.118412], 2
4, 9, [ 9  3 14], [8 4 4], [-12.633099  28.863266  33.062294], 3
0, 6, [6], [0], [33.129578], 1
0, 2, [2], [0], [33.110474], 1
4, 12, [12  6], [4 4], [32.939938 33.148582], 2
0, 13, [13], [0], [33.099506], 1
12, 14, [14], [12], [33.053223], 1
8, 11, [11  6 16  6  7], [8 4 4 4 8], [ 9.664095  -5.6761265 -3.0346122  7.992938  33.080494 ], 5
6, 6, [6], [6], [33.127846], 1
9, 7, [7 8], [11  9], [-10.07575  33.08661], 2
6, 6, [6], [6], [33.1279], 1
1, 2, [2], [1], [33.06109], 1

6, 10, [10 16], [6 6], [32.968506 33.139427], 2
12, 12, [12], [12], [33.061554], 1
8, 3, [ 3 16], [8 8], [32.907578 33.135216], 2
4, 13, [13], [4], [33.104862], 1
9, 1, [1 2], [11  9], [-10.123314  33.06083 ], 2
12, 7, [7], [12], [33.069836], 1
4, 8, [8], [4], [33.108147], 1
1, 10, [10], [1], [33.11123], 1
12, 7, [7], [12], [33.069836], 1
10, 5, [5], [10], [33.031654], 1
9, 8, [8], [9], [33.086647], 1
3, 12, [12  7], [3 3], [32.90337 33.09652], 2
8, 3, [ 3 14  1 13], [4 8 4 8], [-20.251072  16.204872  11.901125  33.10822 ], 4
6, 4, [4 8], [6 6], [32.928154 33.1185  ], 2
6, 15, [15  5  8  6], [5 0 2 6], [-27.990635    3.2287211  11.994368   33.12797  ], 4
0, 6, [6], [0], [33.129707], 1
8, 10, [10], [8], [33.09584], 1
0, 4, [ 4 16], [5 0], [-10.045149  33.163185], 2
11, 9, [9], [11], [33.05712], 1
0, 10, [10 12  8], [6 6 0], [-20.36662   15.910658  33.102047], 3
7, 8, [ 8 16  6 10  7], [0 7 0 0 7], [-25.547058    7.2589474  -3.1120725   7.9303617  33.071342 ], 5
9, 2, [2], [9], [33.060833], 1
2, 14, [14], [2], [33.066673], 1
6, 16, [16], [6], [33.13727], 1
2, 5, [ 5 11], [5 2], [-10.134985  33.057194], 2
12, 5, [5], [12], [33.032825], 1
7, 11, [11], [7], [33.062862], 1
2, 16, [16], [2], [33.14439], 1
8, 13, [13], [8], [33.107925], 1
2, 2, [2], [2], [33.06292], 1
12, 1, [1], [12], [33.03992], 1
4, 7, [7], [4], [33.082607], 1

9, 4, [ 4 11], [9 9], [32.90896 33.05523], 2
12, 16, [16], [12], [33.126545], 1
12, 5, [5], [12], [33.032825], 1
10, 2, [2], [10], [33.060917], 1
9, 6, [6], [9], [33.110218], 1
8, 13, [13], [8], [33.107643], 1
8, 6, [ 6 13], [4 8], [-9.990379 33.10835 ], 2
11, 8, [8], [11], [33.086304], 1
3, 11, [11], [3], [33.079018], 1
7, 7, [ 7 16], [7 7], [32.958427 33.130463], 2
0, 11, [11], [0], [33.091644], 1
7, 16, [16 14  6  5 12  2 14], [7 5 7 7 7 7 5], [ 10.097118   -5.0521617  -1.8550076 -11.645102  -21.132221  -30.301723
 -38.939247 ], 7
4, 11, [11], [4], [33.086624], 1
1, 3, [3], [1], [33.023304], 1
5, 13, [13], [5], [33.112778], 1
3, 7, [7], [3], [33.096344], 1
6, 16, [16], [6], [33.139378], 1
1, 8, [8], [1], [33.116592], 1
12, 5, [5], [12], [33.03282], 1
4, 12, [12], [4], [33.04462], 1
6, 13, [13], [6], [33.159775], 1
6, 3, [ 3 15  3 11], [12  6  3  6], [-20.255514  16.191755  11.87155   33.07776 ], 4
0, 4, [ 4 15 13], [5 5 0], [-20.386662  15.927294  33.098896], 3
1, 12, [12], [1], [33.043137], 1
10, 1, [1], [10], [33.03937], 1
10, 8, [8], [10], [33.086], 1
9, 12, [12], [9], [33.057922], 1
12, 8, [8], [12], [33.093864], 1
7, 12, [12  8  5  9  8 11 10], [0 7 0 7 7 5 5], [-30.877493   -1.5440521 -17.728931  -16.272741  -28.869837  -43.271904
 -38.906544 ], 7
7, 5, [ 5  6 15 16], [0 0 5 7], [-27.985367    3.3034344  11.955954   33.13016  ], 4
12, 10, [10], [12], [33.085857], 1
3, 14, [14], [3], [33.065628], 1

11, 1, [1], [11], [33.03945], 1
5, 9, [9], [5], [33.04745], 1
10, 11, [11], [10], [33.055832], 1
2, 4, [ 4 10], [6 2], [-10.096113  33.077023], 2
12, 10, [10], [12], [33.085857], 1
11, 15, [15 16], [10 11], [-10.044294  33.122353], 2
12, 1, [1], [12], [33.03992], 1
8, 3, [ 3  8  1 15 16  6], [8 8 8 8 4 8], [21.05471   13.380012   7.142472   3.5089197  4.033122  33.131496 ], 6
3, 3, [ 3 15  7], [6 3 3], [-12.61977   28.923649  33.096504], 3
6, 1, [ 1  6 10  6 16], [6 6 6 6 6], [24.878666 19.740498 17.687428 21.011307 33.13878 ], 5
4, 16, [16], [4], [33.179054], 1
12, 2, [2], [12], [33.06074], 1
6, 6, [6], [6], [33.12782], 1
3, 3, [ 3 10], [3 3], [32.874695 33.07899 ], 2
1, 6, [6], [1], [33.092003], 1
4, 16, [16], [4], [33.177925], 1
3, 15, [15 12 10], [6 0 3], [-20.384209  15.896233  33.078983], 3
0, 11, [11], [0], [33.091625], 1
10, 5, [5], [10], [33.031654], 1
1, 11, [11], [1], [33.10109], 1
9, 15, [15 12 16], [9 9 9], [30.442953 28.929571 33.12377 ], 3
2, 10, [10], [2], [33.077076], 1
4, 6, [6], [4], [33.144344], 1
11, 4, [4 6], [11 11], [32.94707 33.1166 ], 2
12, 7, [7], [12], [33.069836], 1
12, 8, [8], [12], [33.093872], 1
12, 9, [9], [12], [33.0522], 1
12, 11, [11], [12], [33.0617], 1
7, 10, [10  9 13 10 11], [6 6 0 0 7], [-33.418404   -5.8392224  -3.1457663   7.9288034  33.058285 ], 5
7, 11, [11], [7], [33.062458], 1
12, 6, [6], [12], [33.12047], 1
12, 12, [12], [12], [33.061546], 1

3, 13, [13], [3], [33.09909], 1
12, 11, [11], [12], [33.0617], 1
1, 10, [10], [1], [33.111256], 1
12, 8, [8], [12], [33.093872], 1
12, 1, [1], [12], [33.039917], 1
2, 9, [ 9 13], [6 2], [-10.084444  33.112396], 2
6, 7, [ 7 11], [5 6], [-10.067162  33.07771 ], 2
4, 5, [ 5 15  7], [8 4 4], [-12.610338  28.92948   33.08262 ], 3
6, 3, [ 3 11], [12  6], [-10.125166  33.077763], 2
5, 8, [8 3 2], [5 7 5], [22.624928 15.87111  33.071583], 3
6, 3, [3 6], [3 6], [-10.096958  33.127953], 2
0, 12, [12  1  6], [2 7 0], [-20.403149  15.91238   33.12978 ], 3
5, 8, [ 8 10 11], [5 9 5], [22.66775  15.935955 33.080368], 3
5, 10, [10  9  7], [9 6 5], [-20.368282  15.906718  33.099274], 3
0, 13, [13], [0], [33.098778], 1
5, 8, [ 8  5  1 14], [5 7 7 5], [15.004735  3.159179 11.87251  33.061882], 4
2, 2, [2], [2], [33.0628], 1
2, 11, [11], [2], [33.05714], 1
12, 1, [1], [12], [33.03992], 1
8, 11, [11], [8], [33.06778], 1
4, 6, [6], [4], [33.146248], 1
6, 16, [16 15], [6 6], [32.975426 33.069687], 2
6, 15, [15 11], [6 6], [32.924255 33.07793 ], 2
12, 14, [14], [12], [33.053223], 1
12, 1, [1], [12], [33.039917], 1
4, 6, [6], [4], [33.14638], 1
9, 12, [12], [9], [33.057693], 1
2, 7, [7], [2], [33.077522], 1
5, 10, [10 14], [6 5], [-10.077633  33.06318 ], 2
7, 16, [16  9 16], [7 5 7], [22.680069 15.924444 33.12799 ], 3
7, 16, [16  4 11], [10  5  7], [-20.337585  15.895894  33.062973], 3
4, 5, [ 5  3 16], [8 8 4], [-20.413067  15.925432  33.164516], 3

12, 6, [6], [12], [33.12047], 1
3, 1, [1 6], [2 3], [-10.095108  33.118355], 2
3, 9, [9 8], [6 3], [-10.067614  33.140343], 2
4, 10, [10  8], [4 4], [32.97089  33.108246], 2
12, 12, [12], [12], [33.061554], 1
9, 16, [16], [9], [33.12395], 1
6, 4, [ 4 15 11], [6 5 6], [22.609623 15.919896 33.077824], 3
10, 8, [8], [10], [33.08598], 1
10, 14, [14], [10], [33.065254], 1
11, 3, [3], [11], [33.03112], 1
12, 5, [5], [12], [33.03283], 1
8, 2, [2], [8], [33.05922], 1
5, 11, [11  3  8], [5 7 5], [22.609312 15.89682  33.11577 ], 3
9, 3, [3], [9], [33.03243], 1
9, 8, [8], [9], [33.086727], 1
7, 14, [14  6  8], [7 0 7], [22.653233 15.987135 33.092896], 3
12, 12, [12], [12], [33.061554], 1
5, 13, [13], [5], [33.114956], 1
7, 15, [15  3  7  4  6  8], [5 0 7 5 7 7], [-30.86061    -1.5541332   4.031513   -1.7477283  16.987764   33.09285  ], 6
10, 7, [7], [10], [33.073845], 1
11, 2, [2], [11], [33.061867], 1
12, 3, [3], [12], [33.033665], 1
4, 15, [15  8], [8 4], [-10.042078  33.108246], 2
3, 9, [ 9 16], [5 3], [-10.045418  33.178493], 2
8, 5, [ 5 12 16 15 11 16  7], [8 4 4 8 8 4 4], [  4.3339567 -14.495531  -17.577702  -16.219875  -28.848202  -43.196682
 -38.918175 ], 7
7, 4, [ 4 14  2  1 16], [5 5 7 7 7], [-25.966911    6.6268044  17.610085   20.913765   33.130463 ], 5
1, 2, [2], [1], [33.06109], 1
12, 5, [5], [12], [33.032825], 1
12, 4, [4], [12], [33.059322], 1
11, 15, [15], [11], [33.09965], 1
12, 7, [7], [12], [33.069836], 1
3, 9, [ 9 10], [3 3], [32.895576 33.079025], 2

12, 10, [10], [12], [33.08586], 1
2, 7, [7], [2], [33.077454], 1
9, 9, [9], [9], [33.063293], 1
5, 9, [9 8], [5 5], [32.913467 33.10964 ], 2
12, 14, [14], [12], [33.053223], 1
12, 4, [4], [12], [33.05935], 1
10, 7, [7], [10], [33.073845], 1
1, 6, [6], [1], [33.091896], 1
1, 10, [10], [1], [33.111256], 1
1, 12, [12], [1], [33.04313], 1
7, 3, [ 3 13  8 16], [6 0 0 7], [-28.00504     3.2813835  11.974333   33.13016  ], 4
6, 8, [8], [6], [33.11808], 1
11, 3, [3], [11], [33.03116], 1
12, 4, [4], [12], [33.05933], 1
6, 12, [12 16], [6 6], [32.932945 33.139175], 2
2, 10, [10  8], [2 2], [32.95134  33.118057], 2
7, 9, [ 9  8  7  1 14  1  7], [6 7 0 7 0 7 0], [-31.546568   -2.6580086 -19.585526  -19.44101   -34.12731   -30.317177
 -38.92092  ], 7
6, 1, [1 7], [2 6], [-10.123219  33.07228 ], 2
8, 10, [10 15  7 12 15 13], [8 8 4 4 8 8], [15.321578   3.698522  -8.984207  -1.7767162 16.953655  33.10768  ], 6
1, 10, [10], [1], [33.11126], 1
6, 10, [10 16], [6 6], [32.969616 33.141293], 2
1, 8, [8], [1], [33.11656], 1
0, 11, [11], [0], [33.092068], 1
12, 6, [6], [12], [33.12047], 1
5, 4, [ 4 15  4 15  1  9 11], [6 5 6 5 5 6 7], [-30.877934   -1.5591631 -17.721834  -16.298996  -28.954887  -43.3141
 -38.936962 ], 7
0, 14, [14  7], [0 0], [32.91578  33.082184], 2
11, 7, [7], [11], [33.072678], 1
12, 9, [9], [12], [33.0522], 1
2, 6, [6], [2], [33.13227], 1
12, 12, [12], [12], [33.061554], 1
2, 9, [ 9 10 11], [6 2 2], [-12.602968  28.914852  33.057243], 3
12, 11, [11], [12], [33.0617], 1

11, 8, [8], [11], [33.086315], 1
7, 8, [ 8 13  2 16 11], [7 0 5 0 7], [ 9.618849  -5.789481  -3.1442819  7.981058  33.06275  ], 5
10, 16, [16 14], [10 10], [32.963116 33.065346], 2
1, 2, [2], [1], [33.06109], 1
3, 16, [16], [3], [33.178722], 1
0, 13, [13], [0], [33.101517], 1
1, 12, [12], [1], [33.043137], 1
3, 6, [6], [3], [33.118282], 1
5, 13, [13], [5], [33.11353], 1
8, 12, [12  9 15 12  2], [4 8 8 4 8], [-20.984127  14.941305   9.821064   7.886696  33.05934 ], 5
3, 9, [ 9 16], [6 3], [-10.044069  33.179764], 2
4, 8, [ 8 12], [1 4], [-10.0615425  33.042107 ], 2
4, 2, [2], [4], [33.060486], 1
1, 8, [8], [1], [33.116535], 1
6, 11, [11], [6], [33.07811], 1
6, 10, [10  5 13], [6 7 6], [22.64747  15.935108 33.17092 ], 3
10, 2, [2], [10], [33.060913], 1
7, 7, [ 7 10  8 10 11], [5 5 7 5 7], [-28.715696    1.9976139   9.848717    7.9261675  33.062973 ], 5
11, 8, [8], [11], [33.08631], 1
2, 1, [1 8], [2 2], [32.904484 33.118057], 2
0, 5, [ 5 13], [5 0], [-10.109825  33.098618], 2
12, 10, [10], [12], [33.085857], 1
7, 15, [15  6 16  7 11], [5 0 0 0 7], [-33.3666     -5.733782   -3.1073356   7.913578   33.058285 ], 5
12, 3, [3], [12], [33.03367], 1
3, 7, [7], [3], [33.096165], 1
11, 7, [7], [11], [33.072678], 1
0, 10, [10 15  9  6], [7 6 6 0], [-27.971977    3.2332673  11.926102   33.129673 ], 4
9, 16, [16], [9], [33.12386], 1
0, 13, [13], [0], [33.09793], 1
5, 4, [4 2], [6 5], [-10.108013  33.05757 ], 2
10, 15, [15], [10], [33.082436], 1
11, 7, [7], [11], [33.07267], 1

12, 13, [13], [12], [33.09594], 1
2, 9, [ 9 11], [6 2], [-10.117529  33.057182], 2
1, 6, [6], [1], [33.09224], 1
10, 10, [10], [10], [33.081238], 1
12, 16, [16], [12], [33.126556], 1
3, 6, [6], [3], [33.118126], 1
5, 3, [ 3 14], [2 5], [-10.136494  33.062687], 2
1, 12, [12], [1], [33.043133], 1
8, 14, [14  6], [4 8], [-10.057787  33.131496], 2
5, 7, [ 7 11  2], [7 7 5], [-20.374653  15.905988  33.071583], 3
4, 13, [13], [4], [33.10486], 1
4, 2, [2], [4], [33.060204], 1
6, 8, [8], [6], [33.11829], 1
3, 3, [ 3 16], [2 3], [-10.0672245  33.17942  ], 2
6, 14, [14], [6], [33.073586], 1
0, 3, [3 2], [6 0], [-10.100405  33.121696], 2
12, 5, [5], [12], [33.032825], 1
12, 12, [12], [12], [33.061546], 1
12, 4, [4], [12], [33.05935], 1
5, 1, [1], [5], [33.03298], 1
4, 4, [ 4  1 13], [8 4 4], [-12.6      28.89975  33.10485], 3
6, 2, [2], [6], [33.09348], 1
9, 11, [11], [9], [33.055275], 1
7, 14, [14  6 11  8  1 13  7], [7 0 0 0 7 0 0], [  1.5732212 -19.14806   -25.463203  -29.25478   -28.917603  -43.257256
 -38.922455 ], 7
6, 5, [ 5 12  3  8], [6 6 6 6], [27.425117 23.987617 24.896898 33.1185  ], 4
11, 16, [16], [11], [33.12256], 1
8, 7, [7], [8], [33.08042], 1
4, 15, [15  7], [8 4], [-10.056908  33.08262 ], 2
5, 10, [10 12], [5 5], [32.91031  33.044113], 2
4, 14, [14], [4], [33.062225], 1
1, 14, [14], [1], [33.076813], 1
11, 6, [6], [11], [33.116623], 1

0, 5, [ 5  4 10 11], [0 6 6 0], [14.96614    3.2226367 11.942606  33.0927   ], 4
6, 14, [14], [6], [33.074314], 1
10, 16, [16], [10], [33.122387], 1
3, 11, [11], [3], [33.079117], 1
8, 8, [8], [8], [33.091934], 1
6, 13, [13], [6], [33.170784], 1
9, 7, [7], [9], [33.072926], 1
7, 13, [13  7], [0 7], [-10.059605  33.071445], 2
6, 1, [1 8], [0 6], [-10.094311  33.118176], 2
9, 13, [13], [9], [33.09638], 1
12, 9, [9], [12], [33.0522], 1
5, 9, [ 9  7 13], [6 5 5], [-12.577206  28.957787  33.115932], 3
1, 1, [1], [1], [33.033005], 1
3, 4, [ 4 10], [5 3], [-10.096514  33.078842], 2
5, 8, [8], [5], [33.108593], 1
0, 2, [2], [0], [33.11054], 1
12, 6, [6], [12], [33.12047], 1
7, 11, [11], [7], [33.063297], 1
8, 1, [ 1 13], [4 8], [-10.098875  33.10822 ], 2
7, 4, [ 4 13  6  8], [2 0 0 7], [-27.972551    3.2882566  11.985508   33.091255 ], 4
9, 9, [9], [9], [33.0636], 1
11, 12, [12], [11], [33.05123], 1
6, 11, [11], [6], [33.077675], 1
0, 5, [ 5 16  7], [7 0 0], [-12.557198  29.01712   33.080845], 3
0, 9, [ 9 10  4  7], [6 6 5 0], [-28.014553   3.228717  11.906826  33.08314 ], 4
9, 10, [10], [9], [33.090183], 1
4, 10, [10  9  6], [4 8 4], [22.666836 15.935725 33.144726], 3
9, 10, [10 16], [9 9], [32.96436 33.12377], 2
9, 9, [9], [9], [33.063614], 1
2, 13, [13], [2], [33.11237], 1
6, 12, [12 13], [0 6], [-10.048126  33.171604], 2
5, 13, [13], [5], [33.111794], 1

5, 16, [16  9], [9 5], [-10.042545  33.047153], 2
2, 3, [3 6], [6 2], [-10.094692  33.132263], 2
8, 16, [16  2], [8 8], [32.97761  33.059216], 2
0, 16, [16  7], [0 0], [33.01712  33.080845], 2
11, 2, [2], [11], [33.061813], 1
12, 3, [3], [12], [33.033737], 1
7, 14, [14  9 10 15 16], [5 7 5 5 7], [-25.639988    7.1648793  -3.1409078   7.9511805  33.127724 ], 5
11, 3, [3], [11], [33.03118], 1
8, 14, [14], [8], [33.064995], 1
11, 11, [11], [11], [33.06523], 1
4, 9, [ 9 16], [8 4], [-10.043751  33.17892 ], 2
4, 8, [8], [4], [33.108036], 1
11, 10, [10], [11], [33.08988], 1
8, 16, [16], [8], [33.138187], 1
12, 16, [16], [12], [33.127964], 1
8, 5, [ 5 15 11], [4 8 8], [-12.610495  28.931215  33.06353 ], 3
8, 14, [14], [8], [33.064865], 1
0, 1, [ 1 14], [7 0], [-10.126652  33.064674], 2
10, 13, [13], [10], [33.097385], 1
10, 12, [12], [10], [33.077187], 1
2, 5, [ 5 15  8], [2 2 2], [30.394028 28.939556 33.118145], 3
3, 2, [2], [3], [33.05835], 1
8, 6, [ 6 15 16 10  8], [4 8 4 4 8], [-25.497639    7.2628636  -3.05591     7.9574413  33.091064 ], 5
6, 9, [ 9 13], [5 6], [-10.051092  33.16874 ], 2
7, 1, [ 1  8 14 11  5 15  4], [7 0 7 0 0 7 7], [  6.1269403 -11.512499  -12.681223  -29.572132  -29.436325  -22.453289
 -25.935333 ], 7
8, 12, [12  6], [8 8], [32.93002 33.1313 ], 2
0, 1, [1 4 8], [2 6 0], [-20.414642  15.918497  33.10222 ], 3
11, 13, [13], [11], [33.09636], 1
7, 3, [ 3 16 14  8], [6 0 7 7], [-23.315777  11.096258  24.916786  33.09306 ], 4
12, 11, [11], [12], [33.0617], 1
0, 7, [7], [0], [33.080696], 1
11, 2, [2], [11], [33.061806], 1

12, 5, [5], [12], [33.032825], 1
12, 5, [5], [12], [33.032825], 1
11, 13, [13], [11], [33.09633], 1
9, 2, [2], [9], [33.06082], 1
8, 1, [1 6], [4 8], [-10.086031  33.1313  ], 2
2, 16, [16], [2], [33.14459], 1
12, 6, [6], [12], [33.12047], 1
10, 13, [13], [10], [33.097435], 1
7, 15, [15 16], [5 7], [-10.048729  33.130436], 2
12, 5, [5], [12], [33.032825], 1
10, 1, [1], [10], [33.03933], 1
0, 16, [16 13], [0 0], [33.012543 33.098896], 2
12, 11, [11], [12], [33.0617], 1
11, 11, [11], [11], [33.065258], 1
11, 1, [1], [11], [33.03996], 1
10, 14, [14], [10], [33.065342], 1
12, 9, [9], [12], [33.052258], 1
1, 6, [6], [1], [33.091927], 1
3, 4, [ 4 13], [6 3], [-10.083345  33.098892], 2
6, 13, [13], [6], [33.17095], 1
5, 11, [11  8], [6 5], [-10.048771  33.115852], 2
1, 5, [5], [1], [33.025524], 1
10, 12, [12], [10], [33.076485], 1
11, 13, [13], [11], [33.096535], 1
9, 1, [1], [9], [33.045914], 1
4, 11, [11], [4], [33.085968], 1
1, 5, [5], [1], [33.02552], 1
3, 11, [11], [3], [33.079067], 1
0, 11, [11], [0], [33.092117], 1
4, 12, [12  7], [4 4], [32.897587 33.082623], 2
9, 6, [6 8], [2 9], [-10.020481  33.086723], 2
1, 7, [7], [1], [33.078766], 1

6, 2, [2], [6], [33.09331], 1
10, 2, [2], [10], [33.06091], 1
10, 14, [14], [10], [33.065292], 1
12, 3, [3], [12], [33.033672], 1
8, 13, [13], [8], [33.108135], 1
5, 16, [16 15  4  3 16], [9 5 6 6 5], [-25.581642    7.144771   -3.2000408   7.909957   33.142456 ], 5
8, 14, [14], [8], [33.06471], 1
4, 1, [1 7], [4 4], [32.885204 33.082626], 2
4, 11, [11], [4], [33.08595], 1
12, 16, [16], [12], [33.126564], 1
6, 1, [ 1  9 11], [2 0 6], [-20.42964   15.894931  33.07816 ], 3
2, 6, [6], [2], [33.131958], 1
6, 11, [11], [6], [33.077667], 1
0, 3, [ 3 15 12 13], [6 5 6 0], [-28.04203    3.218863  11.908543  33.09881 ], 4
6, 10, [10  6  5 16], [6 6 5 6], [22.851345 16.275753 11.913788 33.13877 ], 4
7, 8, [ 8 10  6 10 13 16], [7 5 7 5 0 7], [10.536019   -4.260777   -0.58332586 -9.525632    3.9752502  33.130463  ], 6
8, 2, [ 2 12  5], [8 8 8], [30.382275 28.871374 33.033455], 3
6, 5, [ 5  6 10 11], [5 6 6 6], [-15.516652  24.087967  24.934147  33.07782 ], 4
11, 12, [12], [11], [33.051334], 1
12, 14, [14], [12], [33.05322], 1
12, 6, [6], [12], [33.12047], 1
12, 7, [7], [12], [33.069836], 1
7, 11, [11], [7], [33.063995], 1
0, 7, [7], [0], [33.08082], 1
2, 3, [3 8], [2 2], [32.896072 33.118195], 2
9, 6, [6], [9], [33.108902], 1
8, 15, [15 16 12 13], [8 4 8 8], [19.760187 11.118859 24.916342 33.108505], 4
8, 1, [ 1 13], [4 8], [-10.098751  33.107994], 2
2, 2, [2], [2], [33.062786], 1
8, 7, [ 7  8  3 11 13], [4 8 8 8 8], [-18.130013  19.64694   17.587353  20.934418  33.10768 ], 5
7, 10, [10  6 13 16], [6 0 0 7], [-27.925785    3.3147542  11.973461   33.126556 ], 4
4, 12, [12  6], [4 4], [32.936317 33.147987], 2

1, 11, [11], [1], [33.101105], 1
0, 6, [6 2], [0 0], [32.995136 33.110836], 2
5, 3, [ 3  2 12 13], [5 5 5 5], [27.428795 24.007473 24.913467 33.11169 ], 4
8, 5, [ 5 16], [4 8], [-10.085951  33.138195], 2
7, 2, [ 2  5  6  9 15  4 11], [7 0 0 7 5 5 5], [  2.650113 -17.361551 -22.32417  -24.091314 -41.90079  -43.300117
 -38.92798 ], 7
9, 9, [9], [9], [33.062042], 1
9, 8, [8], [9], [33.08669], 1
2, 6, [6], [2], [33.13197], 1
4, 3, [ 3 11], [8 4], [-10.1218815  33.08596  ], 2
6, 1, [ 1  9  3 13], [7 5 3 6], [-28.042624   3.204724  11.928698  33.172848], 4
11, 10, [10], [11], [33.089863], 1
8, 9, [ 9 16  8], [8 4 8], [22.663494 16.024263 33.091064], 3
0, 5, [ 5 10 13], [0 2 0], [22.594057 15.935799 33.097282], 3
9, 14, [14 16], [9 9], [32.935287 33.12377 ], 2
3, 15, [15  8], [3 3], [32.951237 33.13877 ], 2
7, 12, [12 16], [0 7], [-10.074078  33.12816 ], 2
7, 5, [ 5  6 15  2 15 10  7], [0 0 5 7 5 5 0], [-40.33768  -17.283669 -22.357147 -24.060709 -41.87971  -43.26498
 -38.92092 ], 7
0, 13, [13], [0], [33.098587], 1
2, 11, [11], [2], [33.05726], 1
1, 5, [5], [1], [33.02552], 1
9, 16, [16], [9], [33.123695], 1
1, 11, [11], [1], [33.101078], 1
0, 1, [ 1 14], [2 0], [-10.125433  33.067104], 2
6, 15, [15 16], [5 6], [-10.040163  33.140053], 2
4, 14, [14], [4], [33.062424], 1
11, 1, [1], [11], [33.03951], 1
4, 9, [ 9 11], [8 4], [-10.099348  33.086628], 2
2, 6, [6], [2], [33.13224], 1
12, 3, [3], [12], [33.03363], 1
12, 11, [11], [12], [33.0617], 1
1, 6, [6], [1], [33.09197], 1
10, 11, [11], [10], [33.055862], 1

1, 1, [1], [1], [33.033005], 1
11, 10, [10], [11], [33.089878], 1
9, 13, [13], [9], [33.096344], 1
12, 7, [7], [12], [33.069836], 1
1, 12, [12], [1], [33.04313], 1
10, 11, [11], [10], [33.05586], 1
10, 3, [3], [10], [33.02894], 1
6, 7, [7], [6], [33.07239], 1
3, 13, [13], [3], [33.098896], 1
8, 10, [10 15  7  2], [4 8 4 8], [-20.149914  16.244253  11.917755  33.05916 ], 4
4, 4, [ 4 15  2], [8 4 4], [-12.587389  28.919094  33.06046 ], 3
4, 2, [2], [4], [33.060486], 1
2, 15, [15 10], [5 2], [-10.084848  33.07746 ], 2
11, 7, [7], [11], [33.07268], 1
12, 10, [10], [12], [33.08586], 1
7, 2, [ 2 10 13  4 16 14  7], [5 7 0 5 0 7 0], [-34.31214   -7.297696 -27.318192 -32.3588   -34.03184  -30.292078
 -38.921547], 7
11, 12, [12], [11], [33.051064], 1
0, 7, [7], [0], [33.0809], 1
9, 4, [4], [9], [33.073227], 1
3, 8, [8], [3], [33.139225], 1
5, 1, [ 1 13], [7 5], [-10.098169  33.112125], 2
12, 9, [9], [12], [33.0522], 1
6, 12, [12 16], [0 6], [-10.067272  33.13956 ], 2
1, 16, [16], [1], [33.175014], 1
9, 3, [3], [9], [33.032227], 1
2, 12, [12 13], [0 2], [-10.083618  33.11241 ], 2
9, 3, [ 3 10], [11  9], [-10.114077  33.090202], 2
10, 16, [16  9], [ 7 10], [-10.038631  33.055424], 2
9, 16, [16], [9], [33.12434], 1
7, 11, [11 15 11  8], [5 5 5 7], [-27.991087    3.2339516  11.926226   33.09034  ], 4
12, 8, [8], [12], [33.093864], 1
0, 15, [15  2], [5 0], [-10.060738  33.110558], 2

1, 4, [4], [1], [33.055317], 1
9, 1, [ 1 13], [11  9], [-10.102583  33.096313], 2
7, 5, [ 5 13  8], [0 0 7], [-20.396526  15.952051  33.090874], 3
3, 15, [15], [3], [33.06341], 1
2, 7, [7], [2], [33.0775], 1
3, 8, [8], [3], [33.13905], 1
3, 1, [ 1 16], [2 3], [-10.058956  33.17913 ], 2
0, 2, [2], [0], [33.12128], 1
2, 7, [7], [2], [33.077526], 1
12, 2, [2], [12], [33.06078], 1
4, 12, [12 16], [4 4], [32.95423  33.171947], 2
12, 2, [2], [12], [33.06079], 1
2, 10, [10], [2], [33.078163], 1
12, 13, [13], [12], [33.095955], 1
2, 14, [14], [2], [33.066666], 1
5, 10, [10 15 13], [6 5 5], [-12.55051   28.941576  33.116547], 3
0, 8, [8], [0], [33.101696], 1
6, 11, [11], [6], [33.077896], 1
7, 5, [ 5 11], [7 7], [32.871147 33.064297], 2
11, 5, [5], [11], [33.032356], 1
11, 9, [9], [11], [33.056984], 1
9, 14, [14], [9], [33.065845], 1
4, 2, [2], [4], [33.060493], 1
0, 1, [ 1 15 14], [7 6 0], [-20.41597   15.915864  33.06562 ], 3
8, 9, [ 9 13 16], [8 8 8], [30.44202  28.988579 33.135216], 3
3, 5, [5 8], [0 3], [-10.083731  33.1399  ], 2
1, 4, [4], [1], [33.055176], 1
8, 14, [14 10  7 11], [8 4 4 8], [15.018627   3.2577035 11.9236145 33.068924 ], 4
12, 10, [10], [12], [33.08586], 1
8, 2, [2], [8], [33.05923], 1
12, 6, [6], [12], [33.12047], 1
11, 8, [8], [11], [33.086304], 1

3, 4, [4 6], [6 3], [-10.071524  33.11828 ], 2
9, 14, [14], [9], [33.066277], 1
9, 13, [13], [9], [33.096626], 1
12, 13, [13], [12], [33.09595], 1
2, 12, [12 13], [6 2], [-10.08313  33.1124 ], 2
12, 12, [12], [12], [33.061554], 1
12, 1, [1], [12], [33.03991], 1
9, 7, [7], [9], [33.072815], 1
12, 12, [12], [12], [33.06155], 1
8, 15, [15  9 11], [8 8 8], [30.423931 28.889557 33.067806], 3
12, 2, [2], [12], [33.060745], 1
5, 9, [9], [5], [33.048386], 1
5, 4, [4 9], [6 5], [-10.1145115  33.046608 ], 2
1, 7, [7], [1], [33.078766], 1
10, 8, [8], [10], [33.087296], 1
10, 15, [15], [10], [33.082184], 1
12, 14, [14], [12], [33.053223], 1
3, 6, [6], [3], [33.11809], 1
12, 8, [8], [12], [33.093872], 1
12, 8, [8], [12], [33.093872], 1
5, 6, [ 6 16], [9 5], [-10.00565   33.139435], 2
10, 15, [15], [10], [33.082375], 1
5, 16, [16 13], [9 5], [-10.00127   33.118332], 2
7, 1, [ 1  8 13  8 10  7], [2 0 0 0 0 7], [-37.213238  -12.07938   -13.628647   -9.543975    3.9303617  33.071342 ], 6
1, 12, [12], [1], [33.04312], 1
2, 1, [1 6], [2 2], [32.912605 33.13215 ], 2
5, 5, [ 5 16], [6 5], [-10.079903  33.14203 ], 2
8, 8, [8], [8], [33.090782], 1
4, 8, [8], [4], [33.104424], 1
10, 9, [9], [10], [33.05553], 1
0, 9, [ 9  1 14], [5 7 0], [-20.427685  15.874827  33.067215], 3
4, 15, [15  2], [4 4], [32.914467 33.06019 ], 2

2, 5, [ 5  3  9 10  8], [2 2 6 2 2], [20.110102 11.797108  4.618925 20.95134  33.118057], 5
5, 11, [11 14], [7 5], [-10.099436  33.0631  ], 2
0, 16, [16], [0], [33.161354], 1
5, 11, [11], [5], [33.0785], 1
4, 7, [7], [4], [33.08261], 1
1, 1, [1], [1], [33.033005], 1
12, 10, [10], [12], [33.08586], 1
8, 5, [ 5 13], [4 8], [-10.1038685  33.10822  ], 2
12, 2, [2], [12], [33.06074], 1
5, 6, [ 6 11 12], [5 5 5], [30.458754 28.894089 33.043434], 3
9, 15, [15  2], [11  9], [-10.073011  33.060814], 2
10, 5, [5], [10], [33.03166], 1
9, 13, [13], [9], [33.096344], 1
2, 10, [10 16], [6 2], [-10.0278225  33.145203 ], 2
0, 7, [7], [0], [33.082237], 1
7, 9, [9 7 8], [6 7 7], [-12.5901375  28.93586    33.09285  ], 3
9, 14, [14  5], [9 9], [32.884834 33.03197 ], 2
12, 4, [4], [12], [33.059326], 1
11, 13, [13], [11], [33.096336], 1
0, 15, [15 13], [6 0], [-10.063099  33.098618], 2
10, 10, [10], [10], [33.081364], 1
6, 13, [13], [6], [33.171757], 1
12, 11, [11], [12], [33.0617], 1
3, 4, [ 4 16], [6 3], [-10.034676  33.17913 ], 2
1, 13, [13], [1], [33.111874], 1
9, 6, [6], [9], [33.109795], 1
2, 10, [10  6], [2 2], [32.960884 33.13231 ], 2
7, 9, [ 9 12  8  6  3 14], [6 0 0 0 0 7], [-37.23065   -12.131524  -13.632784   -9.550986    3.8655052  33.05807  ], 6
6, 4, [4 6 2], [6 2 6], [22.649113 15.986195 33.093033], 3
3, 10, [10], [3], [33.079025], 1
5, 9, [9 6], [9 5], [-10.063614  33.124664], 2
4, 1, [ 1  4 12 13], [4 8 4 4], [19.641958  11.0085335 24.913973  33.10485  ], 4

0, 15, [15 12 15  8], [5 7 5 0], [-28.007805    3.2068164  11.929049   33.10182  ], 4
10, 4, [4], [10], [33.069828], 1
5, 14, [14  5 16], [5 0 5], [22.615967 15.919971 33.1427  ], 3
10, 7, [7], [10], [33.07384], 1
11, 6, [6], [11], [33.116623], 1
3, 3, [ 3 13], [6 3], [-10.11475   33.098907], 2
11, 3, [3], [11], [33.03121], 1
4, 11, [11], [4], [33.089005], 1
1, 10, [10], [1], [33.111275], 1
5, 1, [ 1 11], [2 5], [-10.118261  33.07921 ], 2
9, 13, [13], [9], [33.096348], 1
7, 6, [ 6 16 14 10  1 10  4], [0 0 0 0 7 0 7], [-38.0013     -13.5529785  -16.161507   -13.707471    -3.0021698
  -0.06479454  33.06896   ], 7
7, 7, [ 7 16], [0 7], [-10.043118  33.13016 ], 2
3, 5, [5 3 7], [0 0 3], [-20.436604  15.885056  33.09649 ], 3
10, 12, [12], [10], [33.07624], 1
0, 8, [8], [0], [33.101917], 1
7, 15, [15 11], [5 7], [-10.095251  33.062744], 2
10, 7, [7], [10], [33.073822], 1
9, 15, [15], [9], [33.078564], 1
0, 11, [11], [0], [33.090744], 1
1, 16, [16  3], [2 1], [-10.02722   33.023277], 2
10, 5, [5], [10], [33.031746], 1
11, 6, [6], [11], [33.11663], 1
11, 15, [15], [11], [33.098476], 1
2, 11, [11], [2], [33.057198], 1
3, 15, [15  7], [3 3], [32.92365  33.096504], 2
0, 7, [7], [0], [33.082596], 1
7, 4, [ 4 11], [5 7], [-10.105814  33.063095], 2
0, 6, [6], [0], [33.12958], 1
8, 2, [2], [8], [33.059364], 1
10, 3, [3], [10], [33.02894], 1
3, 9, [9 7], [5 3], [-10.087997  33.096615], 2

6, 9, [9 4 2], [6 5 6], [22.595308 15.911631 33.094395], 3
11, 16, [16], [11], [33.12298], 1
12, 1, [1], [12], [33.039917], 1
1, 9, [9], [1], [33.046032], 1
10, 2, [2], [10], [33.06115], 1
3, 3, [ 3 16], [3 3], [32.935104 33.179623], 2
0, 9, [9 2], [5 0], [-10.085924  33.11053 ], 2
9, 16, [16], [9], [33.123894], 1
5, 1, [1 6], [7 5], [-10.090157  33.125565], 2
11, 16, [16  8], [ 3 11], [-9.968431 33.08627 ], 2
2, 16, [16], [2], [33.144726], 1
12, 12, [12], [12], [33.06157], 1
12, 9, [9], [12], [33.0522], 1
10, 2, [2], [10], [33.060917], 1
7, 10, [10  1 15 13  1  6 10], [5 7 5 0 7 0 5], [-33.66304   -6.24804  -25.470798 -29.239677 -28.8941   -43.216484
 -38.91058 ], 7
9, 6, [6], [9], [33.10881], 1
12, 15, [15], [12], [33.090485], 1
7, 13, [13 16], [0 7], [-10.025364  33.128162], 2
1, 2, [2], [1], [33.06109], 1
3, 13, [13], [3], [33.098938], 1
8, 9, [9 4 7], [8 4 8], [22.59338  15.907527 33.08038 ], 3
2, 8, [8], [2], [33.118008], 1
5, 13, [13  2 16], [0 5 5], [-12.525402  28.95935   33.142624], 3
5, 5, [ 5 16 11  8], [5 5 5 5], [27.493294 24.104542 24.94068  33.11577 ], 4
5, 11, [11 10  8], [7 5 5], [-12.565012  28.95253   33.11006 ], 3
2, 11, [11], [2], [33.05721], 1
4, 5, [ 5 13], [8 4], [-10.105679  33.104847], 2
6, 3, [3 6], [6 6], [32.90279  33.128082], 2
11, 5, [5], [11], [33.0324], 1
8, 16, [16 10 13], [4 8 8], [-12.46553   28.967073  33.10768 ], 3
3, 1, [1], [3], [33.03484], 1
1, 15, [15], [1], [33.063248], 1

9, 5, [ 5 11], [11  9], [-10.134298  33.05546 ], 2
12, 15, [15], [12], [33.090504], 1
7, 16, [16  8], [0 7], [-9.997887 33.093212], 2
1, 6, [6], [1], [33.091896], 1
12, 2, [2], [12], [33.060753], 1
12, 4, [4], [12], [33.059338], 1
5, 12, [12  4  5 16], [9 6 6 5], [-28.025305    3.2055135  11.917374   33.14267  ], 4
3, 13, [13], [3], [33.098953], 1
1, 9, [9], [1], [33.046112], 1
1, 5, [5], [1], [33.025528], 1
0, 3, [ 3  9 16], [6 6 0], [-20.404875  15.946657  33.163258], 3
2, 8, [8], [2], [33.118122], 1
0, 9, [9 6], [6 0], [-10.073856  33.129715], 2
4, 7, [7], [4], [33.082607], 1
5, 14, [14], [5], [33.063545], 1
10, 11, [11], [10], [33.055866], 1
5, 13, [13], [5], [33.112007], 1
9, 16, [16], [9], [33.123924], 1
3, 6, [6], [3], [33.11806], 1
10, 3, [3], [10], [33.028934], 1
0, 5, [ 5 16 11], [7 3 0], [-20.349426  16.030014  33.093143], 3
0, 3, [ 3 11], [6 0], [-10.117962  33.09272 ], 2
0, 3, [ 3 12  7], [6 7 0], [-20.433325  15.898819  33.082386], 3
4, 8, [8], [4], [33.108906], 1
4, 16, [16], [4], [33.1719], 1
11, 4, [4], [11], [33.078453], 1
1, 1, [1], [1], [33.033005], 1
12, 3, [3], [12], [33.033672], 1
10, 7, [7], [10], [33.07384], 1
9, 2, [2], [9], [33.060814], 1
6, 4, [4 7], [6 6], [32.90174 33.07349], 2
5, 4, [ 4 11 15], [5 5 5], [30.408058 28.918453 33.064587], 3

4, 13, [13], [4], [33.10524], 1
11, 7, [7], [11], [33.072678], 1
10, 4, [4], [10], [33.06983], 1
5, 8, [8], [5], [33.11177], 1
12, 4, [4], [12], [33.05941], 1
11, 14, [14], [11], [33.05359], 1
10, 10, [10], [10], [33.08129], 1
7, 16, [16  7 16], [7 5 7], [22.7056   15.964529 33.129025], 3
0, 5, [ 5 15  6], [0 5 0], [22.59998   15.9457855 33.129715 ], 3
1, 10, [10], [1], [33.111298], 1
4, 6, [6], [4], [33.145763], 1
0, 10, [10 14], [2 0], [-10.083185  33.065643], 2
7, 8, [ 8  5 11], [7 0 7], [22.61592  15.871999 33.062973], 3
12, 5, [5], [12], [33.032825], 1
11, 16, [16], [11], [33.12255], 1
0, 11, [11], [0], [33.092213], 1
5, 16, [16  3 16], [5 7 5], [22.688026 15.913155 33.14299 ], 3
5, 6, [ 6 15 13], [5 5 5], [30.492104 28.94209  33.116577], 3
7, 3, [ 3  6  7 16], [0 7 7 7], [-15.508773  24.107113  24.95843   33.130463], 4
12, 4, [4], [12], [33.059338], 1
2, 16, [16], [2], [33.14417], 1
11, 3, [3], [11], [33.031258], 1
5, 7, [ 7 10  8], [5 5 5], [30.459356 28.953762 33.113113], 3
7, 5, [ 5 12  8], [0 5 7], [-20.425907  15.902842  33.09327 ], 3
12, 4, [4], [12], [33.059334], 1
11, 12, [12], [11], [33.0511], 1
9, 11, [11], [9], [33.055298], 1
0, 14, [14], [0], [33.06562], 1
12, 1, [1], [12], [33.039917], 1
3, 8, [8], [3], [33.139446], 1
6, 4, [ 4  6  3  9 16], [5 6 6 6 6], [-18.136396  19.677715  17.58279   20.930208  33.13878 ], 5
1, 4, [4], [1], [33.05535], 1

10, 16, [16], [10], [33.12268], 1
0, 12, [12 16  4  2], [7 0 5 0], [-20.163204  16.31235   11.93191   33.12491 ], 4
3, 11, [11], [3], [33.07902], 1
8, 4, [ 4 16], [8 8], [32.94156  33.135216], 2
3, 5, [ 5  4 10], [0 5 3], [-20.425442  15.903486  33.078842], 3
4, 10, [10  6], [4 4], [32.99206  33.149055], 2
5, 4, [4 2], [6 5], [-10.108458  33.056797], 2
6, 14, [14 16], [6 6], [32.953354 33.138916], 2
2, 9, [ 9 10], [5 2], [-10.105932  33.07746 ], 2
12, 15, [15], [12], [33.090508], 1
12, 14, [14], [12], [33.053226], 1
12, 15, [15], [12], [33.090508], 1
8, 13, [13  4 14], [8 8 8], [30.447065 28.89936  33.064884], 3
4, 7, [7], [4], [33.082603], 1
1, 6, [6], [1], [33.091934], 1
12, 7, [7], [12], [33.06983], 1
12, 8, [8], [12], [33.093872], 1
3, 14, [14], [3], [33.06566], 1
10, 2, [2], [10], [33.060913], 1
2, 15, [15 13], [2 2], [32.93773 33.11241], 2
1, 2, [2], [1], [33.06109], 1
12, 15, [15], [12], [33.090508], 1
4, 13, [13], [4], [33.104866], 1
5, 4, [ 4 13], [6 5], [-10.071699  33.11873 ], 2
0, 4, [4 2], [5 0], [-10.076744  33.110947], 2
7, 16, [16  6  5  1  2], [0 0 0 7 7], [-30.534943   -1.1314476   4.5632286  20.879549   33.071404 ], 5
2, 16, [16], [2], [33.144516], 1
8, 3, [ 3 13], [8 8], [32.891533 33.107994], 2
7, 14, [14 12  6  7 15  2  5], [0 0 0 0 5 7 0], [-42.136097 -20.33182  -27.300797 -32.385693 -34.107952 -30.312054
 -38.965286], 7
2, 1, [ 1 16], [7 2], [-10.07835   33.145214], 2
11, 12, [12], [11], [33.051105], 1
8, 9, [ 9 11], [8 8], [32.88867  33.063423], 2

10, 15, [15], [10], [33.082207], 1
12, 10, [10], [12], [33.08586], 1
11, 9, [9], [11], [33.056942], 1
1, 13, [13], [1], [33.11187], 1
1, 14, [14], [1], [33.076813], 1
12, 10, [10], [12], [33.08586], 1
4, 3, [ 3 10 15  6], [8 4 4 4], [-15.521124  24.087193  24.969654  33.144726], 4
5, 6, [6 2], [5 5], [32.962666 33.05793 ], 2
6, 5, [5 7], [6 6], [32.875565 33.07228 ], 2
2, 3, [3 8], [6 2], [-10.1028    33.118103], 2
8, 13, [13], [8], [33.10832], 1
6, 4, [ 4 16], [5 6], [-10.059687  33.139175], 2
3, 2, [2], [3], [33.058502], 1
2, 12, [12  8], [0 2], [-10.080297  33.118004], 2
11, 4, [4], [11], [33.07873], 1
12, 5, [5], [12], [33.032825], 1
6, 1, [1 8], [5 6], [-10.09544  33.1185 ], 2
8, 12, [12 10  7 11], [4 4 4 8], [-27.99457     3.2577035  11.9236145  33.068924 ], 4
10, 2, [2], [10], [33.060925], 1
6, 15, [15  7], [5 6], [-10.082684  33.073524], 2
9, 10, [10], [9], [33.09018], 1
1, 4, [4], [1], [33.055305], 1
4, 1, [1 6], [8 4], [-10.074104  33.148026], 2
0, 10, [10  7], [5 0], [-10.068605  33.080826], 2
12, 6, [6], [12], [33.12047], 1
7, 8, [ 8 12  8  7], [0 0 0 7], [-27.972773    3.2146897  11.942045   33.072304 ], 4
1, 15, [15], [1], [33.06346], 1
10, 6, [6], [10], [33.121124], 1
12, 16, [16], [12], [33.12654], 1
4, 4, [ 4 11], [8 4], [-10.088518  33.085587], 2
6, 6, [ 6 13], [2 6], [-9.9753   33.161526], 2
7, 10, [10 14  4  2 16], [6 7 7 7 7], [-18.130283  19.64217   17.636269  20.95876   33.129025], 5

3, 16, [16], [3], [33.17914], 1
12, 11, [11], [12], [33.0617], 1
9, 11, [11], [9], [33.05543], 1
0, 1, [1 6], [7 0], [-10.087671  33.129715], 2
8, 16, [16  8], [4 8], [-9.976477 33.090782], 2
12, 8, [8], [12], [33.093864], 1
12, 11, [11], [12], [33.0617], 1
11, 11, [11], [11], [33.065266], 1
8, 12, [12 15  6  5], [8 8 4 8], [22.812773 16.269121 11.964685 33.033455], 4
12, 10, [10], [12], [33.08586], 1
10, 3, [3], [10], [33.02893], 1
9, 12, [12], [9], [33.05811], 1
9, 11, [11], [9], [33.0556], 1
1, 13, [13], [1], [33.111862], 1
7, 7, [ 7 13  6 10 12 11], [0 0 0 7 5 7], [-34.35669   -7.391906  -5.814989   3.422689   3.88245   33.06275 ], 6
12, 9, [9], [12], [33.0522], 1
4, 14, [14], [4], [33.062294], 1
9, 1, [1], [9], [33.04636], 1
5, 10, [10 11], [6 5], [-10.066526  33.079277], 2
12, 4, [4], [12], [33.05932], 1
9, 4, [4], [9], [33.073326], 1
8, 10, [10  6  7], [4 4 8], [-20.301434  15.992938  33.080494], 3
4, 13, [13], [4], [33.10486], 1
2, 1, [1 7], [2 2], [32.87959  33.077526], 2
8, 6, [6], [8], [33.134094], 1
11, 9, [9], [11], [33.05772], 1
12, 16, [16], [12], [33.126556], 1
8, 15, [15  7], [8 8], [32.944706 33.080494], 2
2, 10, [10], [2], [33.07752], 1
11, 13, [13], [11], [33.096333], 1
4, 11, [11], [4], [33.08564], 1
8, 3, [ 3 13], [8 8], [32.891644 33.10835 ], 2

6, 9, [ 9 10  7], [6 6 6], [30.406082 28.930122 33.07228 ], 3
3, 9, [9 6], [6 3], [-10.080854  33.118248], 2
1, 7, [7], [1], [33.078766], 1
12, 7, [7], [12], [33.069836], 1
9, 9, [9], [9], [33.063606], 1
11, 10, [10], [11], [33.089752], 1
11, 11, [11], [11], [33.065277], 1
2, 12, [12], [2], [33.054405], 1
3, 12, [12 10], [2 3], [-10.102829  33.07894 ], 2
9, 10, [10 11], [9 9], [32.92343  33.055527], 2
5, 12, [12], [5], [33.04604], 1
2, 11, [11], [2], [33.057198], 1
5, 16, [16 14], [9 5], [-10.03157  33.0634 ], 2
9, 7, [7], [9], [33.07288], 1
4, 3, [ 3 14], [8 4], [-10.135845  33.062386], 2
11, 2, [2], [11], [33.061825], 1
10, 11, [11 10], [ 5 10], [-10.085209  33.081123], 2
0, 5, [ 5 13], [0 0], [32.891785 33.0996  ], 2
8, 11, [11], [8], [33.06343], 1
4, 8, [8], [4], [33.10404], 1
12, 3, [3], [12], [33.033672], 1
3, 10, [10], [3], [33.079178], 1
8, 7, [ 7 15  7  8], [4 8 4 8], [-20.166157  16.252655  11.937435  33.091972], 4
12, 2, [2], [12], [33.060772], 1
6, 5, [ 5 16], [0 6], [-10.084393  33.139175], 2
10, 8, [ 8 10], [10 10], [32.934853 33.08108 ], 2
11, 15, [15  2], [ 9 11], [-10.079426  33.061794], 2
10, 10, [10], [10], [33.08153], 1
6, 5, [ 5  1 11], [0 2 6], [-20.439175  15.880423  33.07811 ], 3
7, 13, [13 15 13  2 13  7 16], [0 5 0 7 0 7 7], [-35.926895  -10.039778  -10.192002   -3.8149567  -8.127971   12.958429
  33.130463 ], 7
4, 7, [7], [4], [33.08261], 1
0, 8, [8], [0], [33.101562], 1

11, 4, [4], [11], [33.07798], 1
5, 15, [15 10], [5 5], [32.92025  33.078907], 2
10, 9, [9], [10], [33.055614], 1
4, 15, [15 16], [8 4], [-9.999397 33.179382], 2
8, 4, [4 2], [8 8], [32.895775 33.059162], 2
12, 6, [6], [12], [33.120422], 1
11, 11, [11], [11], [33.06526], 1
8, 15, [15  2], [8 8], [32.928627 33.059216], 2
12, 8, [8], [12], [33.09387], 1
0, 1, [ 1 16 15  4 11], [6 0 7 7 0], [-25.59795     7.279314   -3.148831    7.9229746  33.092987 ], 5
12, 1, [1], [12], [33.039913], 1
5, 10, [10  4 10 13], [6 5 6 5], [-20.17558   16.229414  11.954046  33.112125], 4
8, 5, [5], [8], [33.03344], 1
1, 13, [13], [1], [33.11187], 1
3, 16, [16 13], [2 3], [-9.991419 33.098793], 2
2, 13, [13], [2], [33.11238], 1
12, 14, [14], [12], [33.053223], 1
10, 1, [1], [10], [33.039234], 1
0, 14, [14], [0], [33.06572], 1
5, 15, [15 11  2], [5 6 5], [22.621122 15.915792 33.056793], 3
9, 12, [12], [9], [33.05788], 1
10, 8, [8], [10], [33.086227], 1
0, 11, [11], [0], [33.09168], 1
3, 16, [16], [3], [33.17905], 1
11, 7, [7], [11], [33.072685], 1
7, 10, [10  9  8], [6 6 7], [-20.37019   15.904106  33.09327 ], 3
6, 15, [15  4  7], [5 5 6], [-20.396574  15.897076  33.073563], 3
2, 13, [13], [2], [33.112377], 1
12, 12, [12], [12], [33.06155], 1
9, 5, [5 8], [9 9], [32.884125 33.0866  ], 2
8, 1, [ 1 10  4 11], [8 4 4 8], [14.984857   3.2440999 11.900942  33.068924 ], 4
3, 8, [8], [3], [33.13956], 1

12, 15, [15], [12], [33.090477], 1
9, 4, [4], [9], [33.07322], 1
10, 4, [4], [10], [33.06996], 1
8, 7, [ 7 12 13], [8 8 8], [30.430721 28.916342 33.108505], 3
11, 14, [14], [11], [33.053513], 1
3, 2, [2], [3], [33.058334], 1
2, 16, [16], [2], [33.14456], 1
1, 15, [15], [1], [33.06324], 1
1, 2, [2], [1], [33.061085], 1
11, 9, [9], [11], [33.056965], 1
5, 2, [2 9], [5 5], [32.886127 33.046432], 2
10, 11, [11], [10], [33.05585], 1
0, 8, [8], [0], [33.101738], 1
6, 14, [14], [6], [33.074116], 1
0, 8, [8], [0], [33.101906], 1
5, 8, [8], [5], [33.113266], 1
8, 16, [16], [8], [33.13515], 1
12, 8, [8], [12], [33.09387], 1
11, 5, [5 6], [ 9 11], [-10.098011  33.116585], 2
6, 14, [14], [6], [33.074066], 1
7, 9, [9 4 6 8], [6 6 0 7], [-28.002039    3.2496972  11.987135   33.092896 ], 4
12, 11, [11], [12], [33.0617], 1
11, 14, [14], [11], [33.053722], 1
2, 11, [11], [2], [33.0572], 1
3, 7, [7], [3], [33.0963], 1
4, 11, [11], [4], [33.088608], 1
6, 2, [2], [6], [33.093357], 1
3, 14, [14], [3], [33.065647], 1
9, 12, [12], [9], [33.05739], 1
8, 12, [12 13 12 15  8], [4 8 4 8 8], [-22.822699   11.878063    4.6176915  20.945381   33.091972 ], 5
5, 7, [ 7  5 13], [5 5 5], [30.425816 28.900412 33.11657 ], 3
4, 13, [13], [4], [33.104866], 1

9, 13, [13], [9], [33.096344], 1
12, 10, [10  1], [10 12], [-10.093151  33.04001 ], 2
8, 11, [11  1 16 15  8], [8 4 4 8 8], [12.395725  -1.1237767  4.7350593 20.94334   33.090782 ], 5
12, 7, [7], [12], [33.069836], 1
12, 3, [3], [12], [33.033722], 1
0, 15, [15  7], [6 0], [-10.07213  33.08088], 2
0, 4, [ 4 12 16  6], [6 6 0 0], [-23.301184  11.069573  25.033573  33.12967 ], 4
10, 13, [13], [10], [33.09743], 1
12, 14, [14], [12], [33.053223], 1
12, 16, [16], [12], [33.12656], 1
1, 7, [7], [1], [33.078766], 1
2, 2, [2], [2], [33.062763], 1
12, 15, [15], [12], [33.090515], 1
11, 1, [1], [11], [33.039757], 1
12, 3, [3], [12], [33.033672], 1
9, 15, [15 14], [11  9], [-10.066111  33.066174], 2
7, 10, [10  8 11], [6 0 7], [-20.354412  15.934519  33.05976 ], 3
6, 16, [16], [6], [33.139214], 1
7, 3, [3 8 6], [6 0 7], [-20.385487  15.978872  33.133682], 3
8, 7, [7], [8], [33.080273], 1
2, 7, [7], [2], [33.0775], 1
1, 14, [14], [1], [33.076805], 1
0, 14, [14], [0], [33.06624], 1
8, 13, [13], [8], [33.107952], 1
10, 8, [ 8 13], [10 10], [32.9444   33.097183], 2
7, 11, [11], [7], [33.062737], 1
1, 15, [15], [1], [33.064026], 1
12, 6, [6], [12], [33.12047], 1
9, 6, [6], [9], [33.109142], 1
7, 7, [ 7  1 10  2  9 16], [7 7 0 7 5 7], [16.390076   5.517803  -5.862835   3.4181366  3.9244442 33.12799  ], 6
4, 3, [ 3 13], [8 4], [-10.110449  33.10485 ], 2
10, 4, [4], [10], [33.069828], 1

2, 7, [7], [2], [33.077515], 1
9, 10, [10], [9], [33.090157], 1
0, 7, [7], [0], [33.081337], 1
12, 8, [8], [12], [33.093872], 1
7, 15, [15 13  8  6  8 10 16], [5 0 0 0 0 0 7], [-3.9740292e+01 -1.6356363e+01 -2.0756834e+01 -2.1424402e+01
 -1.5923520e+01 -3.5547256e-02  3.3128162e+01], 7
7, 13, [13 15  7], [0 7 7], [-12.531527  28.951344  33.072304], 3
6, 4, [ 4 16], [5 6], [-10.06023   33.141293], 2
0, 16, [16 11], [3 0], [-9.969986 33.093143], 2
10, 9, [9], [10], [33.055714], 1
1, 16, [16  7], [4 1], [-9.985712 33.07876 ], 2
2, 13, [13], [2], [33.11238], 1
5, 2, [2 7], [9 5], [-10.079353  33.100147], 2
12, 4, [4], [12], [33.05935], 1
1, 12, [12], [1], [33.043133], 1
9, 11, [11], [9], [33.056145], 1
1, 14, [14], [1], [33.076813], 1
10, 9, [9], [10], [33.05547], 1
12, 1, [1], [12], [33.039917], 1
9, 1, [1], [9], [33.04625], 1
7, 1, [ 1  5  6 13  2 13  1], [2 0 0 0 5 0 5], [-43.181755 -22.024746 -30.095219 -37.044357 -41.902405 -43.28248
 -38.96594 ], 7
5, 2, [2 5 9], [5 0 5], [22.57539  15.860867 33.047333], 3
8, 7, [ 7  3 16], [4 4 8], [-20.372253  15.909143  33.138195], 3
2, 5, [ 5 16], [0 2], [-10.0809555  33.145153 ], 2
4, 9, [9 2], [8 4], [-10.114433  33.060184], 2
4, 7, [7], [4], [33.082584], 1
4, 1, [ 1 11], [4 4], [32.888084 33.085587], 2
12, 15, [15], [12], [33.090508], 1
12, 13, [13], [12], [33.095947], 1
8, 3, [ 3  5 13], [8 8 8], [30.365034 28.896439 33.108505], 3
9, 4, [4], [9], [33.073467], 1
3, 15, [15  7], [0 3], [-10.063314  33.09654 ], 2
3, 5, [5 4 8], [7 6 3], [-20.402527  15.941497  33.139977], 3

10, 15, [15], [10], [33.08308], 1
1, 7, [7], [1], [33.078766], 1
3, 9, [9 6], [5 3], [-10.081722  33.118263], 2
7, 6, [ 6  8 15  8  1  8 12], [0 7 5 7 7 7 0], [-29.76915      0.16695213 -14.876772   -11.585528   -21.130905
 -30.277872   -38.951477  ], 7
10, 9, [9], [10], [33.055576], 1
11, 5, [5 7], [ 9 11], [-10.124353  33.07266 ], 2
7, 7, [ 7 16  9 10 14 16  6], [0 0 7 0 0 0 0], [-38.41053  -14.149349 -17.156443 -37.01212  -41.843246 -43.177032
 -38.869247], 7
2, 14, [14], [2], [33.066673], 1
2, 1, [1 6], [2 2], [32.91238  33.132027], 2
5, 12, [12  4  8], [6 6 5], [-20.394314  15.926989  33.115875], 3
6, 8, [8], [6], [33.118168], 1
8, 5, [ 5 14], [8 8], [32.870636 33.064884], 2
3, 10, [10 11], [3 3], [32.926846 33.079155], 2
2, 15, [15  7], [2 2], [32.915222 33.077526], 2
5, 3, [ 3  5 11  8 16], [6 0 7 5 5], [-30.678074   -1.1739626   4.655768   20.987883   33.1427   ], 5
7, 15, [15  9  6], [5 5 7], [-20.37244   15.926781  33.132084], 3
3, 12, [12  2], [3 3], [32.87999  33.058304], 2
0, 15, [15  7], [6 0], [-10.074926  33.080967], 2
6, 11, [11], [6], [33.077778], 1
12, 15, [15], [12], [33.090508], 1
6, 2, [2], [6], [33.093414], 1
8, 15, [15 16 11  5 14  4  8], [8 4 8 8 4 8 8], [  9.0158     -6.788744   -4.9049463 -16.624592  -29.426445  -22.482933
 -25.905472 ], 7
5, 1, [ 1 16], [5 5], [32.919266 33.142822], 2
9, 7, [7], [9], [33.07278], 1
9, 2, [2], [9], [33.06083], 1
12, 12, [12], [12], [33.06156], 1
11, 14, [14], [11], [33.053825], 1
12, 9, [9], [12], [33.0522], 1
9, 3, [ 3 10], [11  9], [-10.1144905  33.09019  ], 2
3, 4, [ 4 13], [2 3], [-10.083059  33.098907], 2
10, 12, [12], [10], [33.077034], 1
10, 14, [14], [10], [33.065292], 1

3, 11, [11], [3], [33.07908], 1
3, 7, [7], [3], [33.096275], 1
5, 3, [3 6], [7 5], [-10.097858  33.125565], 2
7, 9, [ 9 12  5  4  2  6 11], [6 6 0 6 7 0 0], [-41.509895 -19.26317  -25.519585 -29.253592 -28.852354 -43.21634
 -38.910336], 7
10, 9, [9], [10], [33.055607], 1
1, 10, [10], [1], [33.111275], 1
0, 9, [ 9 10 13], [6 7 0], [-20.383007   15.9478245  33.0996   ], 3
0, 16, [16], [0], [33.16279], 1
8, 6, [6], [8], [33.13128], 1
9, 2, [2], [9], [33.06082], 1
12, 15, [15], [12], [33.090508], 1
12, 14, [14], [12], [33.05322], 1
7, 13, [13  2 15 13 10  8  7], [0 7 5 0 5 0 0], [-35.30545   -9.003723 -30.135286 -37.021904 -41.864475 -43.256493
 -38.921215], 7
7, 5, [ 5 11], [0 7], [-10.129864  33.0632  ], 2
3, 4, [ 4 14], [6 3], [-10.103041  33.065666], 2
12, 7, [7], [12], [33.069836], 1
0, 12, [12 11], [7 0], [-10.095314  33.092136], 2
9, 7, [7], [9], [33.07288], 1
7, 13, [13  8], [0 7], [-10.047174  33.092896], 2
8, 2, [2], [8], [33.059227], 1
1, 7, [7], [1], [33.078854], 1
9, 2, [2], [9], [33.060818], 1
11, 7, [7], [11], [33.072674], 1
3, 7, [7], [3], [33.09627], 1
12, 15, [15], [12], [33.090508], 1
10, 11, [11], [10], [33.055862], 1
12, 2, [2], [12], [33.060783], 1
4, 11, [11], [4], [33.08559], 1
11, 9, [9], [11], [33.05742], 1
12, 12, [12], [12], [33.061554], 1
0, 4, [ 4 15  8], [5 6 0], [-20.379662  15.94172   33.10176 ], 3
9, 16, [16], [9], [33.12396], 1

6, 14, [14], [6], [33.071243], 1
3, 5, [5 7], [5 3], [-10.11203   33.096542], 2
11, 6, [6], [11], [33.11664], 1
9, 7, [7], [9], [33.072884], 1
3, 5, [5], [3], [33.026733], 1
9, 3, [3], [9], [33.032455], 1
1, 9, [9], [1], [33.04609], 1
9, 3, [3 2], [9 9], [32.868484 33.06083 ], 2
11, 4, [4], [11], [33.077637], 1
6, 3, [ 3 14], [6 6], [32.87096 33.07415], 2
4, 7, [7], [4], [33.082607], 1
3, 7, [7], [3], [33.096054], 1
1, 9, [9], [1], [33.046124], 1
11, 13, [13], [11], [33.096333], 1
7, 1, [ 1 13  5  1  2], [2 0 0 7 7], [-30.664957   -1.1645572   4.5629625  20.87891    33.069283 ], 5
8, 15, [15  6], [8 8], [32.973793 33.13365 ], 2
1, 14, [14], [1], [33.076817], 1
5, 2, [ 2  5 10 16], [5 7 7 5], [14.991973  3.22092  11.977747 33.14306 ], 4
0, 3, [ 3 16], [6 0], [-10.076387  33.16164 ], 2
8, 7, [ 7  4 13], [8 4 8], [22.635246 15.924061 33.107994], 3
10, 10, [10], [10], [33.081234], 1
1, 14, [14], [1], [33.076813], 1
10, 13, [13], [10], [33.09729], 1
11, 2, [2], [11], [33.06183], 1
6, 9, [ 9  6 14], [6 6 6], [30.432152 28.97303  33.07498 ], 3
5, 15, [15  7 13  7 10], [5 7 0 7 5], [ 9.591656  -5.8038025 -3.1425943  7.9328327 33.08513  ], 5
12, 5, [5], [12], [33.032825], 1
11, 16, [16], [11], [33.12255], 1
9, 6, [6], [9], [33.109604], 1
3, 10, [10], [3], [33.079025], 1
12, 9, [9], [12], [33.0522], 1
12, 6, [6], [12], [33.12047], 1

4, 6, [6], [4], [33.14655], 1
12, 3, [3], [12], [33.033737], 1
10, 1, [1], [10], [33.03923], 1
11, 10, [10], [11], [33.08985], 1
12, 14, [14], [12], [33.053207], 1
0, 6, [6], [0], [33.129932], 1
10, 1, [1], [10], [33.039215], 1
12, 2, [2], [12], [33.060783], 1
2, 11, [11], [2], [33.057213], 1
10, 6, [6], [10], [33.123077], 1
8, 14, [14 16  7], [8 4 8], [22.67495  16.017921 33.080494], 3
5, 11, [11  6], [5 5], [32.942276 33.121197], 2
12, 3, [3], [12], [33.033672], 1
0, 12, [12  2], [6 0], [-10.083981  33.110855], 2
10, 8, [8 4], [10 10], [32.930214 33.06984 ], 2
8, 2, [2], [8], [33.05926], 1
1, 9, [9], [1], [33.045975], 1
4, 14, [14], [4], [33.06225], 1
5, 1, [ 1 13], [6 5], [-10.096149  33.116547], 2
6, 7, [7], [6], [33.073498], 1
5, 14, [14], [5], [33.06285], 1
6, 6, [ 6 11], [6 6], [32.974174 33.07782 ], 2
2, 4, [4 8], [6 2], [-10.071775  33.118004], 2
9, 14, [14], [9], [33.06641], 1
7, 9, [ 9 13  8 14], [5 0 0 7], [-27.997408    3.2580116  11.93391    33.058746 ], 4
3, 10, [10], [3], [33.0803], 1
6, 2, [2], [6], [33.09359], 1
5, 9, [ 9  7 12], [6 7 5], [-20.407286  15.907722  33.043278], 3
10, 12, [12], [10], [33.076294], 1
12, 11, [11], [12], [33.0617], 1
12, 13, [13], [12], [33.09595], 1
8, 12, [12], [8], [33.05557], 1

3, 8, [8], [3], [33.13996], 1
12, 15, [15], [12], [33.090504], 1
2, 2, [2], [2], [33.062763], 1
1, 8, [8], [1], [33.116547], 1
7, 14, [14 16], [7 7], [32.937717 33.128044], 2
9, 5, [5], [9], [33.032032], 1
7, 12, [12 15  4 13  8], [5 5 6 0 7], [-33.45464    -5.8358645  -3.1712685   7.9528255  33.092896 ], 5
9, 5, [5 7], [11  9], [-10.1238785  33.072826 ], 2
1, 15, [15], [1], [33.063217], 1
0, 12, [12 16  4  1 11], [6 0 5 7 0], [-25.610926    7.2327423  -3.2050467   7.891465   33.092957 ], 5
11, 6, [6], [11], [33.116634], 1
12, 14, [14], [12], [33.05322], 1
1, 5, [5], [1], [33.02552], 1
5, 14, [14], [5], [33.062725], 1
5, 6, [ 6 10], [9 5], [-10.039297  33.078033], 2
0, 15, [15 13], [6 0], [-10.062632  33.0996  ], 2
1, 9, [9], [1], [33.046104], 1
12, 9, [9], [12], [33.052254], 1
11, 16, [16], [11], [33.12248], 1
7, 12, [12  1  7 13  9  7], [0 2 5 0 7 7], [-35.561356   -9.350136   -8.974111   -1.7664089  16.89344    33.071445 ], 6
12, 2, [2], [12], [33.060776], 1
12, 13, [13], [12], [33.09595], 1
4, 2, [2], [4], [33.060482], 1
9, 8, [8], [9], [33.08673], 1
5, 13, [13], [5], [33.118538], 1
7, 1, [ 1  8 10  8 14  5  8], [2 7 5 7 5 0 7], [-31.948889   -3.3053684 -20.663973  -21.253927  -37.244904  -35.509975
 -25.906982 ], 7
3, 14, [14], [3], [33.065628], 1
8, 8, [8], [8], [33.089542], 1
9, 10, [10], [9], [33.090183], 1
4, 6, [6], [4], [33.146084], 1
10, 7, [7], [10], [33.073845], 1
4, 14, [14], [4], [33.062332], 1

8, 15, [15 16], [8 8], [32.971447 33.135227], 2
9, 8, [8], [9], [33.08669], 1
0, 15, [15  6], [5 0], [-10.048433  33.129715], 2
7, 12, [12 15  6  9  2 11], [7 5 7 7 7 7], [14.956999   3.1793642 11.845821  11.189613  16.900375  33.064247 ], 6
6, 16, [16], [6], [33.13742], 1
10, 16, [16 12], [10 10], [32.9701   33.077232], 2
11, 12, [12], [11], [33.051067], 1
10, 6, [6], [10], [33.121834], 1
3, 4, [4 6], [6 3], [-10.071356  33.118355], 2
5, 1, [ 1 14], [6 5], [-10.127949  33.062653], 2
0, 1, [1 8], [2 0], [-10.104862  33.101673], 2
10, 3, [3], [10], [33.02893], 1
9, 11, [11], [9], [33.055466], 1
12, 14, [14], [12], [33.053223], 1
8, 6, [6], [8], [33.13354], 1
10, 4, [4], [10], [33.07], 1
4, 4, [ 4 10 14], [8 4 4], [-12.572821  28.943375  33.062386], 3
1, 7, [7], [1], [33.078777], 1
3, 3, [ 3 10], [12  3], [-10.124649  33.078865], 2
12, 8, [8], [12], [33.093864], 1
2, 13, [13], [2], [33.11238], 1
7, 2, [ 2 11], [5 7], [-10.104179  33.062965], 2
9, 15, [15], [9], [33.07656], 1
9, 12, [12 15 16], [9 9 9], [30.430992 28.959473 33.12377 ], 3
1, 11, [11], [1], [33.101067], 1
3, 8, [8], [3], [33.13826], 1
7, 11, [11 10 16], [0 7 7], [-12.523886  28.977415  33.126682], 3
9, 11, [11], [9], [33.055546], 1
2, 14, [14], [2], [33.066666], 1
2, 8, [8], [2], [33.117947], 1
11, 11, [11], [11], [33.065285], 1
6, 5, [5 2], [7 6], [-10.110851  33.094322], 2

1, 4, [4], [1], [33.055077], 1
0, 4, [ 4 11], [6 0], [-10.0870285  33.092785 ], 2
2, 5, [ 5 14], [5 2], [-10.128305  33.06668 ], 2
5, 2, [2], [5], [33.057384], 1
3, 16, [16], [3], [33.179443], 1
10, 13, [13], [10], [33.097427], 1
7, 12, [12  2 10  4  6 11], [0 7 0 7 0 7], [-26.610691    5.5686073  -5.85386     3.4387782   3.9669771  33.06211  ], 6
0, 10, [10  8], [7 0], [-10.050247  33.10182 ], 2
1, 1, [1], [1], [33.033005], 1
5, 2, [ 2  3 16], [5 7 5], [22.60699  15.915176 33.143295], 3
5, 12, [12  8], [2 5], [-10.082092  33.109814], 2
12, 16, [16], [12], [33.12657], 1
12, 1, [1], [12], [33.03992], 1
2, 1, [1 2], [6 2], [-10.129059  33.06274 ], 2
11, 9, [9], [11], [33.05719], 1
8, 10, [10], [8], [33.09065], 1
0, 14, [14  4  7], [0 5 0], [22.605968 15.90416  33.080887], 3
1, 16, [16], [1], [33.175106], 1
4, 15, [15 12], [4 4], [32.916946 33.047523], 2
5, 16, [16  7], [9 5], [-10.014343  33.09984 ], 2
11, 5, [5], [11], [33.03248], 1
8, 3, [3 2], [4 8], [-10.138279  33.05916 ], 2
12, 8, [8], [12], [33.093857], 1
4, 3, [ 3 13], [4 4], [32.88889  33.104843], 2
11, 8, [8], [11], [33.086292], 1
6, 9, [ 9 14], [5 6], [-10.107666  33.074715], 2
2, 13, [13], [2], [33.112362], 1
11, 14, [14], [11], [33.053474], 1
3, 1, [1], [3], [33.034855], 1
11, 4, [4], [11], [33.07857], 1
1, 16, [16 10], [4 1], [-9.972998 33.111324], 2
12, 14, [14], [12], [33.053223], 1

5, 5, [5 4 7 9], [6 6 5 5], [-23.362944  11.007534  24.916683  33.046604], 4
8, 4, [4 6], [4 8], [-10.060221  33.13365 ], 2
2, 3, [3 6], [0 2], [-10.093555  33.13215 ], 2
4, 9, [ 9 14], [8 4], [-10.113756  33.062256], 2
12, 11, [11], [12], [33.0617], 1
10, 3, [3], [10], [33.028934], 1
10, 4, [4], [10], [33.070137], 1
7, 6, [ 6  8  6  9 10 11], [0 0 0 7 0 7], [-34.309517   -7.398321   -5.8268824   3.4056787   3.9248228  33.06211  ], 6
3, 12, [12 13], [0 3], [-10.091854  33.09897 ], 2
5, 5, [ 5 16], [7 5], [-10.081551  33.14313 ], 2
12, 13, [13], [12], [33.095955], 1
11, 13, [13], [11], [33.09633], 1
8, 9, [ 9 16  8  2], [8 4 8 8], [19.71605  11.112305 24.930134 33.05934 ], 4
1, 8, [8], [1], [33.11653], 1
5, 7, [ 7 15 16], [5 5 5], [30.46413  28.959145 33.14323 ], 3
10, 6, [6], [10], [33.122814], 1
12, 15, [15], [12], [33.090508], 1
2, 9, [9 8], [6 2], [-10.080791  33.118195], 2
1, 13, [13], [1], [33.111874], 1
2, 15, [15  2], [2 2], [32.906265 33.062664], 2
11, 1, [1], [11], [33.039555], 1
12, 1, [1], [12], [33.03991], 1
4, 10, [10 15  6], [4 4 4], [30.491676 28.977226 33.147987], 3
3, 14, [14], [3], [33.065628], 1
1, 16, [16], [1], [33.17496], 1
4, 5, [5 6], [8 4], [-10.081213  33.144726], 2
6, 7, [7], [6], [33.0723], 1
11, 15, [15], [11], [33.099342], 1
10, 16, [16  5], [10 10], [32.942463 33.03163 ], 2
10, 5, [5], [10], [33.031662], 1
5, 12, [12], [5], [33.045612], 1
2, 8, [8], [2], [33.117973], 1

4, 16, [16], [4], [33.17665], 1
11, 8, [8], [11], [33.08629], 1
12, 9, [9], [12], [33.0522], 1
6, 8, [ 8 14], [6 6], [32.963287 33.07498 ], 2
0, 16, [16 15 16], [0 5 0], [22.738102 15.970552 33.15577 ], 3
9, 1, [1], [9], [33.04568], 1
3, 6, [6], [3], [33.118145], 1
4, 16, [16], [4], [33.178722], 1
2, 9, [9 2], [6 2], [-10.113989  33.062923], 2
3, 2, [2], [3], [33.05803], 1
5, 3, [ 3  5 11], [5 6 5], [22.552673 15.880482 33.079277], 3
12, 9, [9], [12], [33.052307], 1
5, 12, [12], [5], [33.04724], 1
6, 13, [13], [6], [33.17146], 1
4, 16, [16], [4], [33.164482], 1
1, 15, [15], [1], [33.06324], 1
12, 16, [16  1], [ 9 12], [-10.052858  33.04001 ], 2
0, 14, [14], [0], [33.0663], 1
1, 4, [4], [1], [33.055046], 1
4, 14, [14], [4], [33.062447], 1
12, 4, [4], [12], [33.059322], 1
10, 3, [3], [10], [33.028946], 1
0, 8, [8], [0], [33.101814], 1
7, 2, [2 6 2 6 7], [7 0 7 0 7], [14.312346   2.0523722  9.871103   7.972516  33.071342 ], 5
7, 14, [14  8  2 10  2 10  4], [7 0 7 0 7 0 7], [  6.8416038 -10.364825  -10.770666  -26.430433  -24.196648  -35.473736
 -25.935482 ], 7
11, 4, [4], [11], [33.078327], 1
4, 1, [ 1 13], [4 4], [32.899918 33.104847], 2
9, 5, [5], [9], [33.031963], 1
2, 3, [3 5 8], [6 7 2], [-20.431202  15.903379  33.118027], 3
2, 2, [2], [2], [33.062737], 1
6, 12, [12  7 13], [6 5 6], [22.64199  15.98752  33.168846], 3
11, 3, [3], [11], [33.03121], 1

5, 15, [15  8], [5 5], [32.938705 33.113247], 2
2, 1, [ 1 13], [2 2], [32.900604 33.1124  ], 2
0, 3, [3 7], [6 0], [-10.12528   33.080738], 2
6, 10, [10 14], [6 6], [32.931698 33.074905], 2
4, 3, [ 3 14], [8 4], [-10.136101  33.06222 ], 2
7, 6, [ 6 14  8], [0 7 7], [-12.51865   28.916588  33.092896], 3
4, 15, [15  6], [8 4], [-10.0220585  33.148026 ], 2
0, 12, [12 14], [0 0], [32.889084 33.066467], 2
7, 9, [ 9 16], [6 7], [-10.074892  33.127907], 2
10, 1, [1], [10], [33.039326], 1
2, 14, [14], [2], [33.066666], 1
11, 3, [3], [11], [33.031128], 1
1, 1, [1], [1], [33.033005], 1
3, 16, [16], [3], [33.17665], 1
12, 4, [4], [12], [33.059338], 1
8, 9, [9 6], [8 8], [32.92784 33.1313 ], 2
2, 12, [12 13], [0 2], [-10.083588  33.112415], 2
10, 1, [1], [10], [33.039364], 1
4, 1, [ 1 16], [4 4], [32.943153 33.178154], 2
1, 16, [16], [1], [33.17504], 1
1, 11, [11], [1], [33.10102], 1
12, 16, [16], [12], [33.126545], 1
4, 1, [1 6], [8 4], [-10.073269  33.148582], 2
11, 8, [8], [11], [33.08631], 1
5, 15, [15], [5], [33.066025], 1
8, 6, [6], [8], [33.13098], 1
7, 8, [ 8  6 16 10  2 11  6], [ 0  0 10  5  7  0  0], [-41.374413 -19.117355 -25.411509 -29.227509 -28.861551 -43.231667
 -38.868885], 7
10, 12, [12], [10], [33.077], 1
4, 5, [5 7], [8 4], [-10.1191025  33.08262  ], 2
11, 6, [6], [11], [33.116623], 1
1, 8, [8], [1], [33.116547], 1
2, 9, [ 9 14], [6 2], [-10.111895  33.066685], 2

5, 3, [ 3 16 10  7], [6 5 6 5], [-20.189898  16.30701   11.941593  33.09872 ], 4
1, 3, [3], [1], [33.0233], 1
8, 8, [8 6], [8 8], [32.973427 33.131496], 2
9, 15, [15], [9], [33.07819], 1
9, 8, [8], [9], [33.086716], 1
2, 5, [ 5 16], [7 2], [-10.080772  33.14523 ], 2
6, 16, [16], [6], [33.13748], 1
7, 12, [12  8 11  7 15  6 15], [6 0 0 0 7 0 7], [-40.84449  -18.155119 -23.752258 -26.403202 -24.134575 -35.40414
 -25.89209 ], 7
3, 2, [2], [3], [33.05828], 1
9, 14, [14], [9], [33.06629], 1
11, 2, [2], [11], [33.06183], 1
2, 6, [6], [2], [33.132103], 1
6, 14, [14], [6], [33.071053], 1
4, 10, [10  6], [4 4], [32.99456  33.148026], 2
3, 1, [1 6], [2 3], [-10.0951   33.11828], 2
4, 10, [10  6], [4 4], [32.99444  33.148525], 2
1, 2, [2], [1], [33.06109], 1
12, 2, [2], [12], [33.060734], 1
12, 16, [16], [12], [33.126556], 1
9, 3, [3], [9], [33.032394], 1
7, 6, [ 6 11], [7 7], [32.969585 33.062775], 2
9, 12, [12  4], [11  9], [-10.104809  33.07361 ], 2
2, 3, [ 3 15  6], [2 2 2], [30.395508 28.949589 33.132175], 3
4, 10, [10  9  4 15 12 13], [4 8 8 4 4 4], [10.301809  -4.67227   -1.2028747 11.228293  16.913973  33.10485  ], 6
12, 13, [13], [12], [33.095955], 1
11, 1, [1], [11], [33.039772], 1
2, 8, [8], [2], [33.11798], 1
8, 11, [11], [8], [33.06887], 1
5, 3, [3], [5], [33.023857], 1
7, 10, [10 16], [6 7], [-10.035952  33.130604], 2
12, 13, [13], [12], [33.095955], 1
1, 15, [15], [1], [33.063248], 1

----------------------train at epoch 5-----------------------------
12, 14, [14], [12], [33.053207], 1
7, 9, [ 9  6 12 16], [5 7 0 7], [-20.179764  16.28742   11.925503  33.12799 ], 4
3, 9, [9 8], [5 3], [-10.069418  33.13877 ], 2
7, 16, [16  2], [0 7], [-10.013283  33.071316], 2
11, 15, [15 12], [11 11], [32.92438  33.050793], 2
9, 15, [15 10], [9 9], [32.939323 33.090187], 2
2, 9, [ 9 16], [6 2], [-10.06476  33.1452 ], 2
5, 10, [10 16], [6 5], [-10.028154  33.14323 ], 2
12, 8, [8], [12], [33.093857], 1
10, 14, [14], [10], [33.065254], 1
6, 10, [10 15 16], [6 5 6], [22.659637 15.955639 33.139175], 3
7, 6, [ 6 14  4  8], [7 5 5 7], [15.058022   3.2099469 11.915323  33.09285  ], 4
7, 14, [14  8 10  3  6  3 13], [0 7 5 0 0 0 0], [-35.33962   -9.004356 -30.162771 -37.083908 -41.856487 -43.311844
 -38.90305 ], 7
2, 11, [11], [2], [33.05721], 1
2, 15, [15  6], [2 2], [32.948036 33.13228 ], 2
8, 2, [2], [8], [33.05923], 1
12, 16, [16], [12], [33.12657], 1
0, 16, [16], [0], [33.161354], 1
3, 5, [5 9 3 7], [0 5 0 3], [-28.060623    3.1783538  11.885056   33.09649  ], 4
9, 10, [10], [9], [33.090183], 1
12, 8, [8], [12], [33.09387], 1
10, 15, [15], [10], [33.082375], 1
7, 11, [11], [7], [33.063995], 1
0, 10, [10  5 16 13], [6 0 0 0], [-15.488261  24.041256  25.014496  33.097874], 4
11, 12, [12], [11], [33.0511], 1
1, 13, [13], [1], [33.11187], 1
8, 5, [5 2], [4 8], [-10.133696  33.059216], 2
2, 16, [16], [2], [33.144516], 1
11, 16, [16], [11], [33.12255], 1
2, 3, [ 3 16], [6 2], [-10.0865345  33.145214 ], 2
10, 15, [15], [10], [33.082207], 1
0, 10, [10  8], [7 0], [-10.050962  33.102036], 2

8, 13, [13], [8], [33.108086], 1
3, 7, [7], [3], [33.096275], 1
8, 15, [15 11  9 10  4 12 11], [8 8 8 8 8 4 8], [ 17.44458     7.2592206  -3.0176473 -13.443855  -24.243866  -35.507027
 -25.930191 ], 7
1, 11, [11], [1], [33.101067], 1
0, 1, [ 1  9  5 16], [2 6 5 0], [-28.042526   3.205565  11.928915  33.163185], 4
4, 3, [3 2], [8 4], [-10.137156  33.060463], 2
1, 9, [9], [1], [33.046124], 1
1, 7, [7], [1], [33.078766], 1
4, 8, [8], [4], [33.105907], 1
4, 6, [6], [4], [33.14638], 1
8, 2, [2], [8], [33.05922], 1
10, 1, [1], [10], [33.03933], 1
8, 10, [10 11  4 10 16  2], [4 8 8 4 4 8], [-24.675392    8.690949   -0.6317363  -9.488011    4.0045815  33.05921  ], 6
7, 2, [ 2 16 11], [5 0 7], [-20.344887  15.981058  33.06275 ], 3
9, 12, [12  3], [11  9], [-10.12949   33.032475], 2
11, 4, [4], [11], [33.078453], 1
2, 2, [2], [2], [33.06292], 1
7, 1, [ 1 12  2  1 12 10  4], [2 0 7 7 0 0 5], [-35.722866  -9.594404  -9.405717 -24.11531  -41.918022 -43.277878
 -38.94027 ], 7
4, 15, [15  8], [8 4], [-10.041389  33.108482], 2
4, 6, [6], [4], [33.146084], 1
3, 4, [ 4 13], [5 3], [-10.084436  33.09897 ], 2
6, 9, [ 9 13], [6 6], [32.94408 33.16012], 2
2, 9, [ 9 13], [5 2], [-10.084963  33.11241 ], 2
5, 1, [ 1 11  8], [6 6 5], [-20.39534   15.951229  33.115852], 3
1, 1, [1], [1], [33.033005], 1
10, 2, [2], [10], [33.060925], 1
7, 5, [ 5 10  6], [0 6 7], [-20.389307   15.9641285  33.132084 ], 3
5, 2, [ 2  8 12], [5 5 5], [30.418098 28.93369  33.045853], 3
4, 9, [ 9  4 13], [8 8 4], [-20.396534   15.9242935  33.105232 ], 3
0, 6, [6], [0], [33.12944], 1
8, 9, [ 9 16], [8 8], [32.93     33.135227], 2
5, 5, [ 5  4 14], [6 6 5], [-20.430382  15.895136  33.062687], 3

3, 11, [11], [3], [33.079216], 1
6, 13, [13], [6], [33.17095], 1
0, 16, [16 13], [3 0], [-9.967131 33.0979  ], 2
10, 13, [13], [10], [33.097435], 1
12, 15, [15], [12], [33.090508], 1
0, 5, [ 5 14], [5 0], [-10.129108  33.06648 ], 2
9, 15, [15], [9], [33.078564], 1
2, 10, [10  6], [2 2], [32.959812 33.132175], 2
3, 4, [ 4 14], [6 3], [-10.102989  33.06563 ], 2
5, 9, [ 9 12], [5 5], [32.87328  33.043243], 2
4, 12, [12  6], [4 4], [32.939938 33.148582], 2
10, 16, [16], [10], [33.12268], 1
4, 7, [7], [4], [33.08261], 1
2, 5, [ 5 12  2], [5 0 2], [-20.436352  15.886606  33.06274 ], 3
1, 3, [3], [1], [33.023304], 1
7, 4, [ 4 11], [5 7], [-10.105814  33.063095], 2
2, 14, [14], [2], [33.066666], 1
2, 5, [ 5 14], [2 2], [32.87031  33.066696], 2
4, 12, [12  6], [4 4], [32.940235 33.149055], 2
3, 9, [9 6], [5 3], [-10.075054  33.118187], 2
11, 13, [13], [11], [33.09633], 1
10, 13, [13], [10], [33.09743], 1
4, 14, [14], [4], [33.062225], 1
11, 1, [1], [11], [33.03945], 1
3, 1, [1], [3], [33.034855], 1
2, 15, [15 12], [2 2], [32.90171  33.055008], 2
7, 1, [ 1  7 15  6  2 16], [2 5 5 0 5 7], [-37.221252  -12.092638  -13.630622   -9.508613    3.9345713  33.127724 ], 6
1, 2, [2], [1], [33.06109], 1
11, 14, [14], [11], [33.05372], 1
8, 7, [7 4 6], [8 8 8], [30.444828 28.939854 33.1313  ], 3
11, 11, [11], [11], [33.065254], 1
4, 6, [6], [4], [33.14655], 1

8, 11, [11], [8], [33.06887], 1
7, 7, [ 7  8 11], [5 7 7], [-12.555784  28.9308    33.062973], 3
6, 13, [13], [6], [33.171757], 1
0, 8, [8], [0], [33.101562], 1
0, 11, [11], [0], [33.092117], 1
10, 8, [ 8 15 14], [10  9 10], [22.639263 15.918253 33.065315], 3
8, 15, [15  3  2], [8 4 8], [22.613312 15.861504 33.059162], 3
11, 6, [6], [11], [33.116623], 1
7, 6, [6 7 6], [7 7 7], [30.507118 28.958666 33.13212 ], 3
8, 6, [6], [8], [33.13098], 1
0, 13, [13], [0], [33.101517], 1
2, 4, [ 4 11], [6 2], [-10.108469  33.057182], 2
4, 14, [14], [4], [33.06225], 1
8, 6, [6], [8], [33.13354], 1
0, 14, [14], [0], [33.06468], 1
1, 6, [6], [1], [33.09197], 1
0, 12, [12  7], [6 0], [-10.101131  33.082684], 2
1, 12, [12], [1], [33.043137], 1
12, 11, [11], [12], [33.0617], 1
12, 14, [14], [12], [33.053226], 1
2, 12, [12  7], [0 2], [-10.104578  33.077538], 2
12, 13, [13], [12], [33.09596], 1
8, 12, [12  3 11], [4 4 8], [-20.428642  15.86758   33.068924], 3
9, 4, [4], [9], [33.07355], 1
9, 16, [16], [9], [33.123924], 1
12, 15, [15], [12], [33.090515], 1
12, 15, [15], [12], [33.090485], 1
5, 2, [2], [5], [33.057384], 1
4, 5, [ 5 16], [8 4], [-10.060957  33.179382], 2
7, 3, [3 2], [6 7], [-10.131302  33.06918 ], 2
9, 10, [10  4], [9 9], [32.93428 33.07361], 2
3, 1, [1 8], [2 3], [-10.082447  33.139458], 2

12, 6, [6], [12], [33.120422], 1
10, 10, [10], [10], [33.08129], 1
0, 7, [7], [0], [33.08082], 1
11, 2, [2], [11], [33.06183], 1
6, 16, [16], [6], [33.139378], 1
12, 3, [3], [12], [33.033672], 1
3, 10, [10], [3], [33.079025], 1
0, 13, [13], [0], [33.09887], 1
12, 10, [10], [12], [33.085857], 1
3, 8, [8], [3], [33.1396], 1
10, 9, [9], [10], [33.05553], 1
10, 14, [14], [10], [33.065327], 1
5, 4, [4 8], [6 5], [-10.073011  33.115875], 2
3, 11, [11], [3], [33.079067], 1
11, 14, [14], [11], [33.053722], 1
12, 8, [8], [12], [33.093872], 1
11, 15, [15], [11], [33.09965], 1
12, 6, [6], [12], [33.12047], 1
12, 14, [14], [12], [33.053223], 1
0, 1, [ 1 15 10 16  4 16  2], [7 5 7 0 5 0 0], [-35.976868 -10.018945 -10.144833  -3.722486  -8.126148  13.028149
  33.12491 ], 7
6, 15, [15  6], [5 6], [-10.051373  33.128082], 2
12, 7, [7], [12], [33.069836], 1
11, 6, [6], [11], [33.11665], 1
1, 1, [1], [1], [33.033005], 1
4, 4, [4 2], [4 4], [32.89094  33.060463], 2
12, 5, [5], [12], [33.03283], 1
12, 10, [10], [12], [33.08586], 1
3, 15, [15  8], [3 3], [32.94942  33.139458], 2
12, 14, [14], [12], [33.053223], 1
5, 12, [12 14], [6 5], [-10.112772  33.06289 ], 2
12, 2, [2], [12], [33.060783], 1
11, 7, [7], [11], [33.072685], 1

9, 3, [ 3 15], [11  9], [-10.12145  33.07859], 2
1, 8, [8], [1], [33.116547], 1
0, 10, [10  9 11], [7 6 0], [-20.369514  15.904038  33.0929  ], 3
0, 15, [15 11], [6 0], [-10.067837  33.092785], 2
12, 7, [7], [12], [33.069836], 1
0, 6, [6], [0], [33.12937], 1
6, 16, [16 13], [6 6], [33.038025 33.173523], 2
9, 2, [2], [9], [33.060814], 1
2, 16, [16], [2], [33.14417], 1
1, 12, [12], [1], [33.043133], 1
6, 16, [16], [6], [33.139214], 1
12, 4, [4], [12], [33.05935], 1
6, 12, [12  6  5 16], [5 6 5 6], [-20.185474  16.275753  11.913788  33.13877 ], 4
9, 14, [14], [9], [33.06641], 1
1, 2, [2], [1], [33.06109], 1
5, 1, [ 1  6 11], [2 5 5], [-12.580481  28.97551   33.079338], 3
10, 6, [6], [10], [33.123077], 1
10, 2, [2], [10], [33.060917], 1
3, 8, [8], [3], [33.13996], 1
2, 11, [11], [2], [33.05726], 1
3, 1, [ 1  4 16], [2 6 3], [-20.38724   15.965324  33.17913 ], 3
6, 6, [ 6 14], [6 6], [32.97303 33.07498], 2
6, 11, [11], [6], [33.07811], 1
0, 16, [16 11], [0 0], [33.011543 33.092957], 2
9, 16, [16], [9], [33.12386], 1
0, 4, [4 5 8], [6 0 0], [-12.606417  28.893805  33.102043], 3
2, 3, [ 3 16], [0 2], [-10.0857525  33.145153 ], 2
7, 9, [ 9 16  8], [6 0 7], [-20.3522    15.99927   33.091255], 3
6, 13, [13], [6], [33.170532], 1
3, 3, [ 3 11], [2 3], [-10.127409  33.079113], 2
8, 7, [ 7 15  7 16 14], [8 8 8 8 8], [24.897635 19.69471  17.669357 20.980915 33.06472 ], 5
2, 2, [2], [2], [33.0628], 1

6, 14, [14], [6], [33.074116], 1
8, 3, [ 3 11  6], [8 8 8], [30.395927 28.948708 33.131496], 3
8, 5, [ 5 14], [8 8], [32.870636 33.064884], 2
4, 15, [15  6], [4 4], [32.966125 33.14629 ], 2
3, 16, [16], [3], [33.17905], 1
12, 12, [12], [12], [33.061554], 1
10, 1, [1], [10], [33.03937], 1
0, 5, [ 5 13], [0 0], [32.891846 33.098896], 2
3, 10, [10], [3], [33.079178], 1
8, 12, [12 16 14], [4 8 8], [-12.562859  28.980915  33.06472 ], 3
12, 16, [16], [12], [33.126556], 1
8, 13, [13], [8], [33.10832], 1
10, 8, [8], [10], [33.086], 1
12, 6, [6], [12], [33.12047], 1
0, 3, [ 3 13], [6 0], [-10.11372   33.099503], 2
2, 9, [ 9 13], [6 2], [-10.084297  33.11241 ], 2
12, 9, [9], [12], [33.0522], 1
4, 7, [7], [4], [33.082607], 1
8, 13, [13], [8], [33.107643], 1
3, 11, [11], [3], [33.07908], 1
1, 16, [16], [1], [33.17496], 1
3, 13, [13], [3], [33.09903], 1
11, 10, [10], [11], [33.089867], 1
4, 1, [ 1 16], [4 4], [32.94464  33.179382], 2
5, 8, [8], [5], [33.108593], 1
8, 14, [14], [8], [33.06471], 1
0, 16, [16], [0], [33.16279], 1
2, 15, [15 13], [5 2], [-10.05932  33.1124 ], 2
5, 16, [16  3  8], [9 5 5], [-12.538193  28.893421  33.116257], 3
5, 9, [9], [5], [33.04745], 1
4, 4, [4 7], [8 4], [-10.089272  33.082623], 2
1, 1, [1], [1], [33.033005], 1

0, 4, [4 8], [5 0], [-10.082092  33.102036], 2
8, 6, [ 6 16], [4 8], [-9.974251 33.135227], 2
11, 10, [10], [11], [33.08985], 1
5, 3, [3], [5], [33.023857], 1
0, 13, [13], [0], [33.097702], 1
7, 16, [16 11  2 16], [10  0  7  7], [-23.236893  11.063558  24.956488  33.126682], 4
0, 16, [16 11], [0 0], [33.008846 33.092735], 2
6, 3, [ 3  9 13], [3 6 6], [-12.602118  28.952686  33.17329 ], 3
12, 2, [2], [12], [33.060745], 1
6, 2, [2], [6], [33.093876], 1
8, 2, [2], [8], [33.059227], 1
11, 12, [12], [11], [33.051105], 1
12, 8, [8], [12], [33.093872], 1
6, 8, [8], [6], [33.118168], 1
9, 8, [8], [9], [33.086727], 1
1, 9, [9], [1], [33.04609], 1
12, 2, [2], [12], [33.060772], 1
2, 9, [9 6], [6 2], [-10.072708  33.131996], 2
11, 9, [9], [11], [33.056965], 1
10, 2, [2], [10], [33.060913], 1
9, 8, [8], [9], [33.086716], 1
1, 13, [13], [1], [33.11187], 1
12, 4, [4], [12], [33.059338], 1
2, 6, [6], [2], [33.132103], 1
1, 6, [6], [1], [33.091934], 1
12, 10, [10], [12], [33.08586], 1
0, 13, [13], [0], [33.09793], 1
12, 6, [6], [12], [33.12047], 1
7, 9, [ 9 13  6  1 14], [6 0 0 7 7], [-30.61758    -1.1099067   4.654277   20.872192   33.058865 ], 5
4, 8, [8], [4], [33.108147], 1
8, 8, [8], [8], [33.0911], 1
7, 7, [ 7  4 10  2 10  8  7], [0 7 5 7 5 0 0], [-32.5254    -4.340308 -22.335321 -24.041237 -41.864475 -43.256493
 -38.921215], 7

12, 5, [5], [12], [33.032825], 1
11, 3, [3], [11], [33.03118], 1
6, 1, [ 1  9 11], [2 6 6], [-12.629726  28.894768  33.07793 ], 3
12, 11, [11], [12], [33.0617], 1
7, 6, [6 8], [0 7], [-10.012865  33.092896], 2
0, 6, [6], [0], [33.129932], 1
12, 9, [9], [12], [33.052258], 1
3, 1, [1 4 6], [7 6 3], [-20.40863   15.928266  33.118248], 3
12, 10, [10], [12], [33.08586], 1
7, 12, [12  6 15  6  8], [7 7 5 7 7], [20.209122 11.932903  4.668082 20.987764 33.09285 ], 5
12, 1, [1], [12], [33.039917], 1
1, 15, [15], [1], [33.063217], 1
9, 5, [5 6], [9 9], [32.898056 33.109825], 2
7, 3, [ 3  9 13 16], [2 6 0 7], [-28.034725    3.2330437  11.974636   33.128162 ], 4
8, 14, [14], [8], [33.064995], 1
8, 1, [ 1 10  1  7], [4 4 4 8], [-28.02371     3.2334962  11.884489   33.080494 ], 4
10, 6, [6], [10], [33.122814], 1
7, 3, [ 3  8 15 11  2 15  2], [6 0 5 0 7 7 7], [-39.864334 -16.484108 -20.967237 -21.741821 -16.385807 -22.443806
 -25.919525], 7
2, 8, [8], [2], [33.117973], 1
5, 12, [12], [5], [33.04724], 1
6, 11, [11], [6], [33.077675], 1
8, 1, [ 1 10], [8 8], [32.896114 33.096043], 2
12, 2, [2], [12], [33.06079], 1
8, 10, [10 15  8 15  6], [8 8 8 8 8], [24.918999 19.694223 17.675295 20.967945 33.131496], 5
12, 11, [11], [12], [33.0617], 1
9, 13, [13], [9], [33.096344], 1
7, 6, [ 6 16], [0 7], [-9.993628 33.12816 ], 2
1, 6, [6], [1], [33.091927], 1
4, 9, [ 9 10  5 16], [8 4 8 4], [-20.19079    16.266256   11.9351425  33.171947 ], 4
3, 10, [10], [3], [33.079025], 1
3, 10, [10], [3], [33.07967], 1
4, 10, [10 11], [4 4], [32.95792  33.086628], 2

8, 13, [13], [8], [33.108135], 1
9, 9, [9], [9], [33.063553], 1
10, 12, [12], [10], [33.076294], 1
6, 1, [ 1 16], [0 6], [-10.0817795  33.13906  ], 2
0, 10, [10 12  6], [6 7 0], [-20.358936   15.9274025  33.129997 ], 3
8, 15, [15 13], [8 8], [32.95532 33.10835], 2
1, 7, [7], [1], [33.078766], 1
12, 14, [14], [12], [33.053223], 1
4, 2, [2], [4], [33.060486], 1
2, 13, [13], [2], [33.11237], 1
4, 13, [13], [4], [33.104862], 1
7, 4, [ 4  7  1  2 16], [6 0 7 7 7], [-25.955626    6.6442556  17.60912    20.955547   33.13016  ], 5
1, 2, [2], [1], [33.06109], 1
11, 8, [8], [11], [33.086304], 1
5, 15, [15 16], [5 5], [32.959633 33.142822], 2
11, 8, [8], [11], [33.086292], 1
12, 4, [4], [12], [33.059338], 1
10, 4, [4], [10], [33.06996], 1
2, 11, [11], [2], [33.057198], 1
12, 4, [4], [12], [33.05935], 1
10, 5, [5], [10], [33.03166], 1
12, 6, [6], [12], [33.12047], 1
7, 15, [15  8 10 15 10  6 14], [5 7 5 5 5 0 5], [-35.320786  -8.986986 -30.133335 -37.036198 -41.85124  -43.232704
 -38.938915], 7
11, 8, [8], [11], [33.08631], 1
12, 3, [3], [12], [33.033672], 1
2, 10, [10], [2], [33.077076], 1
11, 5, [5 9], [ 9 11], [-10.133472  33.05746 ], 2
4, 15, [15 16], [4 4], [32.994537 33.176838], 2
2, 2, [2], [2], [33.06273], 1
2, 3, [3 7], [6 2], [-10.127548  33.077503], 2
5, 2, [2 6], [9 5], [-10.06465   33.124653], 2
3, 7, [7], [3], [33.09627], 1

12, 7, [7], [12], [33.069836], 1
6, 15, [15  7  6], [5 5 6], [-20.346752  15.963072  33.128098], 3
12, 14, [14], [12], [33.053223], 1
5, 3, [ 3 14], [5 5], [32.862015 33.062717], 2
11, 16, [16  7], [ 3 11], [-9.976597 33.072662], 2
12, 9, [9], [12], [33.0522], 1
12, 16, [16], [12], [33.126564], 1
8, 4, [4 7 6], [8 8 8], [30.436892 28.959698 33.1313  ], 3
12, 14, [14], [12], [33.053223], 1
9, 11, [11], [9], [33.056145], 1
12, 2, [2], [12], [33.06074], 1
4, 16, [16], [4], [33.17166], 1
12, 10, [10], [12], [33.085857], 1
8, 5, [ 5 13], [4 8], [-10.1038685  33.10822  ], 2
6, 8, [ 8 11], [2 6], [-10.035791  33.077705], 2
1, 15, [15], [1], [33.064026], 1
5, 6, [ 6 16], [7 5], [-9.984177 33.142418], 2
2, 7, [7], [2], [33.0775], 1
12, 12, [12], [12], [33.061546], 1
5, 2, [ 2 11], [5 5], [32.906532 33.079437], 2
6, 7, [7], [6], [33.0723], 1
0, 8, [8], [0], [33.101814], 1
11, 11, [11], [11], [33.065258], 1
6, 8, [8], [6], [33.117844], 1
2, 10, [10 16], [6 2], [-10.0278225  33.145203 ], 2
4, 8, [8], [4], [33.108036], 1
7, 5, [ 5  2  6 11], [6 7 0 7], [-20.211008  16.26111   11.966977  33.06211 ], 4
3, 6, [6], [3], [33.118217], 1
3, 5, [ 5 11], [5 3], [-10.12248   33.079124], 2
5, 8, [ 8 10  7], [5 9 5], [22.674885 15.947845 33.100185], 3
0, 11, [11], [0], [33.091625], 1
6, 15, [15 11], [5 6], [-10.081238  33.077717], 2

2, 11, [11], [2], [33.057198], 1
9, 3, [3 7], [9 9], [32.875683 33.072826], 2
7, 15, [15  8], [5 7], [-10.072163  33.093277], 2
9, 1, [1], [9], [33.04636], 1
12, 12, [12], [12], [33.061554], 1
10, 4, [4], [10], [33.069828], 1
6, 14, [14], [6], [33.071053], 1
0, 1, [ 1 14], [2 0], [-10.125433  33.067104], 2
9, 13, [13], [9], [33.09638], 1
8, 8, [ 8 13], [8 8], [32.960342 33.10835 ], 2
2, 4, [ 4 10], [6 2], [-10.096113  33.077023], 2
1, 2, [2], [1], [33.06109], 1
7, 12, [12  9  4  1  6 16], [0 6 6 2 0 7], [-37.24736   -12.159176  -13.679062   -9.5616455   4.006608   33.128162 ], 6
7, 5, [ 5 10  7  9 16], [0 5 0 5 7], [-33.455414   -5.813309   -3.1651573   7.9267645  33.13016  ], 5
3, 7, [7], [3], [33.096054], 1
12, 16, [16], [12], [33.12656], 1
5, 12, [12], [5], [33.04604], 1
12, 8, [8], [12], [33.093872], 1
4, 9, [9 8], [8 4], [-10.088642  33.103985], 2
0, 15, [15  4  8], [5 6 0], [-20.376091  15.918302  33.102047], 3
7, 14, [14  4 11], [5 5 7], [-20.40026   15.898161  33.064247], 3
12, 4, [4], [12], [33.059338], 1
5, 5, [ 5  9 15  7 11], [6 5 5 5 5], [-18.18923   19.626484  17.631916  20.935263  33.080273], 5
0, 2, [2], [0], [33.121445], 1
12, 10, [10], [12], [33.08586], 1
6, 9, [ 9 10  6  4  8 13], [6 6 6 5 6 6], [19.97171   11.53896    4.087592  -1.7340794 17.021034  33.17123  ], 6
10, 4, [4], [10], [33.070137], 1
9, 11, [11], [9], [33.055546], 1
5, 13, [13], [5], [33.111794], 1
6, 16, [16], [6], [33.13742], 1
9, 5, [5], [9], [33.031963], 1
12, 1, [1], [12], [33.039917], 1

9, 5, [ 5 14], [11  9], [-10.128067  33.06585 ], 2
7, 13, [13  2  6  9 12 16  6], [0 5 0 5 5 0 0], [-43.10208  -21.998615 -30.109497 -37.068157 -41.86186  -43.177757
 -38.868603], 7
11, 7, [7], [11], [33.072678], 1
4, 3, [3 6], [8 4], [-10.086603  33.144726], 2
12, 13, [13], [12], [33.095955], 1
2, 6, [6], [2], [33.131958], 1
1, 9, [9], [1], [33.045975], 1
2, 4, [4 8], [2 2], [32.925186 33.118195], 2
6, 12, [12  5  1  8], [0 0 2 6], [-28.045862    3.1752458  11.90445    33.118412 ], 4
5, 14, [14 11 10], [5 7 5], [22.612453 15.914115 33.08513 ], 3
12, 15, [15], [12], [33.090504], 1
0, 9, [ 9 11], [5 0], [-10.097385  33.09281 ], 2
10, 10, [10], [10], [33.08153], 1
3, 15, [15  5  6], [3 5 3], [22.60761   15.9009075 33.118248 ], 3
10, 4, [4], [10], [33.06983], 1
1, 12, [12], [1], [33.04313], 1
9, 10, [10], [9], [33.09018], 1
8, 9, [ 9 15  6], [8 8 8], [30.43478  28.973608 33.134186], 3
6, 5, [ 5 13], [5 6], [-10.066229  33.172005], 2
1, 9, [9], [1], [33.046104], 1
4, 10, [10 16], [4 4], [33.011444 33.176838], 2
12, 15, [15], [12], [33.090477], 1
12, 5, [5], [12], [33.032825], 1
9, 14, [14], [9], [33.065845], 1
12, 15, [15], [12], [33.090508], 1
6, 7, [7], [6], [33.07239], 1
10, 8, [8], [10], [33.08598], 1
11, 16, [16], [11], [33.12248], 1
10, 3, [3], [10], [33.028934], 1
7, 9, [ 9 11], [6 7], [-10.113543  33.06366 ], 2
7, 2, [ 2  7 10 14 16], [5 5 5 5 7], [-33.424152   -5.8036556  -3.1489844   7.9377193  33.127724 ], 5
2, 13, [13], [2], [33.112362], 1

4, 2, [2], [4], [33.060482], 1
1, 5, [5], [1], [33.02552], 1
10, 15, [15], [10], [33.08308], 1
4, 3, [ 3 16], [4 4], [32.933334 33.17892 ], 2
3, 12, [12 11], [0 3], [-10.103748  33.079147], 2
5, 2, [2 3], [5 5], [32.874065 33.024406], 2
10, 14, [14], [10], [33.065292], 1
12, 12, [12], [12], [33.06157], 1
3, 14, [14], [3], [33.065628], 1
9, 7, [7], [9], [33.072926], 1
11, 3, [3], [11], [33.03121], 1
5, 5, [ 5 16  5], [5 9 5], [22.596142 15.944898 33.02909 ], 3
8, 2, [2], [8], [33.05927], 1
2, 4, [4 5 7], [5 7 2], [-20.415878  15.879078  33.077526], 3
2, 11, [11], [2], [33.05714], 1
10, 4, [4], [10], [33.069828], 1
2, 14, [14], [2], [33.066677], 1
12, 2, [2], [12], [33.060753], 1
5, 7, [ 7  4 10 16], [5 5 6 5], [22.838005 16.245676 11.978483 33.14216 ], 4
3, 15, [15], [3], [33.06341], 1
4, 16, [16], [4], [33.177925], 1
8, 5, [ 5 15 12 14 10  7 12], [8 8 4 4 8 4 4], [  9.303213  -6.213437 -25.504139 -29.258715 -28.870049 -43.28752
 -38.94891 ], 7
8, 13, [13], [8], [33.107952], 1
11, 12, [12], [11], [33.051067], 1
10, 14, [14], [10], [33.065315], 1
7, 3, [ 3 16 13 15 16 11], [6 0 0 5 0 7], [-37.192467  -12.031559  -13.629572   -9.544433    3.9810581  33.06275  ], 6
7, 5, [5 3 9 8], [7 0 6 7], [14.934294   3.1695464 11.904312  33.093277 ], 4
7, 15, [15 12  8 12  8  7  3], [5 6 0 5 0 0 0], [-43.153355 -22.04394  -30.154202 -37.08406  -41.885567 -43.302998
 -38.969635], 7
12, 16, [16], [12], [33.12658], 1
0, 15, [15  4  6], [5 5 0], [-20.371017  15.934793  33.129715], 3
3, 16, [16], [3], [33.179443], 1
12, 3, [3], [12], [33.033703], 1

10, 13, [13], [10], [33.097427], 1
12, 13, [13], [12], [33.095955], 1
11, 15, [15 11], [10 11], [-10.07852  33.06531], 2
11, 10, [10], [11], [33.089752], 1
10, 3, [3], [10], [33.02894], 1
5, 8, [8], [5], [33.113266], 1
0, 8, [8], [0], [33.101917], 1
7, 9, [ 9 15  6 14  5  1 11], [6 5 0 7 0 7 0], [-39.338093 -15.6435   -19.527515 -19.42896  -34.151695 -30.310411
 -38.910336], 7
3, 15, [15  4  6], [6 6 3], [-20.364862  15.928477  33.11828 ], 3
11, 4, [ 4 14], [11 11], [32.909187 33.05346 ], 2
6, 5, [ 5  9 16], [7 6 6], [-12.608025  28.932365  33.140053], 3
9, 12, [12], [9], [33.057693], 1
0, 13, [13], [0], [33.098778], 1
5, 7, [ 7 16], [5 5], [32.971695 33.143543], 2
1, 11, [11], [1], [33.10109], 1
8, 12, [12  7 16], [4 4 8], [-20.37151   15.963381  33.135216], 3
12, 5, [5], [12], [33.032825], 1
6, 16, [16], [6], [33.13727], 1
12, 2, [2], [12], [33.060783], 1
11, 10, [10], [11], [33.089878], 1
11, 2, [2], [11], [33.061806], 1
12, 11, [11], [12], [33.0617], 1
12, 5, [5], [12], [33.032825], 1
0, 7, [7], [0], [33.080696], 1
0, 15, [15 16], [6 0], [-10.024359  33.163185], 2
5, 7, [ 7 15 16], [7 5 5], [-12.538305  28.966564  33.1427  ], 3
3, 6, [6], [3], [33.11809], 1
4, 16, [16], [4], [33.17665], 1
8, 1, [ 1  8 12  9 16 15  7], [8 8 4 8 4 8 4], [ 11.451965  -2.641924 -19.560753 -19.35307  -34.00289  -30.26186
 -38.918175], 7
7, 8, [8 2], [0 7], [-10.060112  33.069122], 2
1, 11, [11], [1], [33.101044], 1
0, 7, [7], [0], [33.082237], 1

8, 7, [7], [8], [33.08042], 1
9, 1, [1], [9], [33.046432], 1
8, 4, [4 8], [4 8], [-10.086714  33.089497], 2
11, 9, [9], [11], [33.05719], 1
11, 1, [1], [11], [33.03951], 1
5, 8, [ 8 16], [5 5], [32.99441  33.141975], 2
6, 11, [11], [6], [33.077896], 1
5, 2, [ 2 16  7], [5 9 5], [22.649666 15.985646 33.100136], 3
8, 4, [4 2], [8 8], [32.895775 33.059162], 2
7, 7, [ 7  1 11], [5 2 7], [-20.389877  15.872417  33.063553], 3
11, 7, [7], [11], [33.072674], 1
11, 6, [6], [11], [33.11663], 1
8, 9, [ 9 14  6  5 13], [8 8 4 4 8], [17.36509    7.1935883 -3.11768    7.8961315 33.10822  ], 5
3, 4, [ 4 11], [2 3], [-10.094921  33.079136], 2
12, 6, [6], [12], [33.120464], 1
8, 5, [5 7 8], [4 4 8], [-20.407291  15.93596   33.089497], 3
3, 10, [10], [3], [33.0803], 1
1, 8, [8], [1], [33.11656], 1
2, 14, [14], [2], [33.066673], 1
10, 16, [16  6], [10 10], [32.997883 33.123535], 2
12, 7, [7], [12], [33.069836], 1
2, 5, [ 5 13], [5 2], [-10.101862  33.112396], 2
6, 10, [10  7], [6 6], [32.930008 33.073524], 2
0, 9, [ 9 14 13], [5 0 0], [-12.59902   28.922073  33.097668], 3
1, 3, [3], [1], [33.0233], 1
2, 12, [12], [2], [33.054405], 1
5, 9, [9 8], [6 5], [-10.082396  33.115803], 2
1, 8, [8], [1], [33.116554], 1
12, 13, [13], [12], [33.09595], 1
1, 7, [7], [1], [33.078854], 1
9, 2, [2], [9], [33.06083], 1
4, 2, [2], [4], [33.060486], 1

9, 15, [15  8], [11  9], [-10.057575  33.08654 ], 2
7, 14, [14 13  8 15 13  5  8], [7 0 0 7 0 7 0], [  3.6961193 -15.6073    -19.508396  -19.343674  -34.085564  -30.305498
 -38.90219  ], 7
12, 3, [3], [12], [33.03363], 1
8, 2, [2], [8], [33.059364], 1
12, 13, [13], [12], [33.095947], 1
7, 9, [ 9 16], [6 7], [-10.073292  33.130604], 2
1, 15, [15], [1], [33.06324], 1
10, 7, [7], [10], [33.07384], 1
10, 8, [8], [10], [33.087296], 1
5, 16, [16  4  5 15], [9 5 5 5], [-15.477258  23.987255  24.874718  33.07219 ], 4
2, 12, [12  2], [6 2], [-10.113001  33.06277 ], 2
5, 10, [10  9  6], [6 5 5], [-12.559608  28.9227    33.12586 ], 3
4, 4, [ 4  5 15 10  8], [8 8 8 4 4], [-30.63666    -1.1630213   4.6755095  20.97089    33.108246 ], 5
12, 16, [16], [12], [33.12654], 1
2, 9, [ 9 16], [6 2], [-10.064587  33.145203], 2
8, 10, [10], [8], [33.09584], 1
0, 6, [ 6 16  7], [0 0 0], [30.538906 29.01712  33.080845], 3
3, 2, [2], [3], [33.05828], 1
6, 6, [6 8], [6 6], [32.998367 33.11815 ], 2
1, 13, [13], [1], [33.111862], 1
10, 16, [16], [10], [33.122387], 1
4, 7, [7], [4], [33.08261], 1
0, 2, [2], [0], [33.12128], 1
9, 10, [10], [9], [33.09016], 1
7, 6, [ 6  8 15  6 15 16], [0 7 5 0 5 7], [-29.318384     0.91823006 -13.624642    -9.498647     3.9511805
  33.127724  ], 6
6, 5, [ 5 11], [0 6], [-10.120562  33.07811 ], 2
7, 6, [ 6  5  7  2 10 14 16], [0 0 0 7 5 7 7], [-35.925274  -10.08994   -10.207481   -3.8104415  -8.146485   12.940155
  33.13016  ], 7
9, 9, [9], [9], [33.063606], 1
9, 15, [15], [9], [33.07656], 1
7, 8, [ 8  2 15  8], [7 5 5 7], [15.024885   3.2205782 11.92267   33.092896 ], 4
1, 14, [14], [1], [33.076813], 1
2, 1, [ 1 13], [2 2], [32.901096 33.11241 ], 2

12, 1, [1], [12], [33.03992], 1
9, 4, [ 4 16], [9 9], [32.950085 33.12377 ], 2
4, 13, [13], [4], [33.10486], 1
0, 9, [ 9 13], [6 0], [-10.09194  33.0996 ], 2
7, 12, [12  6 13 14 13  4], [0 0 0 0 0 7], [-37.185776  -12.05786   -13.647467   -9.574029    3.9383268  33.06896  ], 6
1, 4, [4], [1], [33.055305], 1
12, 12, [12], [12], [33.061554], 1
12, 2, [2], [12], [33.060745], 1
4, 6, [6], [4], [33.145763], 1
2, 13, [13], [2], [33.11238], 1
4, 13, [13], [4], [33.104866], 1
1, 9, [9], [1], [33.046032], 1
1, 1, [1], [1], [33.033005], 1
12, 1, [1], [12], [33.03992], 1
3, 3, [ 3 14], [0 3], [-10.133459  33.06563 ], 2
1, 2, [2], [1], [33.06109], 1
8, 6, [6], [8], [33.134094], 1
10, 7, [7], [10], [33.073845], 1
12, 3, [3], [12], [33.033672], 1
8, 16, [16  8  4  8  2], [4 8 8 8 8], [-18.046421  19.665588  17.618431  20.930134  33.05934 ], 5
9, 11, [11], [9], [33.055275], 1
11, 5, [5 9], [12 11], [-10.1331005  33.057148 ], 2
4, 10, [10  1  4 10 13], [4 4 8 4 4], [20.198034 11.821437  4.640999 20.968082 33.10485 ], 5
12, 5, [5], [12], [33.032825], 1
0, 13, [13], [0], [33.098587], 1
1, 13, [13], [1], [33.111866], 1
11, 14, [14], [11], [33.053734], 1
12, 8, [8], [12], [33.093872], 1
12, 13, [13], [12], [33.095955], 1
3, 16, [16], [3], [33.17914], 1
9, 16, [16], [9], [33.12395], 1
4, 12, [12  7], [4 4], [32.897587 33.082623], 2

8, 3, [ 3 14], [8 8], [32.86557 33.06472], 2
0, 12, [12  7], [6 0], [-10.102127  33.080738], 2
1, 14, [14], [1], [33.076813], 1
4, 3, [3 6], [8 4], [-10.084223  33.14856 ], 2
12, 3, [3], [12], [33.033672], 1
10, 2, [2], [10], [33.060913], 1
12, 13, [13], [12], [33.09595], 1
9, 5, [5], [9], [33.031982], 1
0, 9, [ 9 16  6], [5 0 0], [-12.53396   29.031033  33.129715], 3
2, 2, [2], [2], [33.062737], 1
3, 3, [ 3 11], [3 3], [32.87474  33.079063], 2
7, 4, [ 4  2 12  6], [6 7 0 7], [-20.21077   16.220259  11.92798   33.13212 ], 4
12, 8, [8], [12], [33.093864], 1
1, 13, [13], [1], [33.111874], 1
12, 15, [15], [12], [33.090508], 1
4, 6, [6], [4], [33.143932], 1
10, 5, [5], [10], [33.031654], 1
8, 3, [3 6], [4 8], [-10.093582  33.13365 ], 2
9, 15, [15], [9], [33.07819], 1
3, 7, [7], [3], [33.096165], 1
8, 5, [5], [8], [33.03344], 1
0, 10, [10 13], [5 0], [-10.0583515  33.097916 ], 2
7, 12, [12 15  7  8 10 12 11], [0 5 5 7 5 0 7], [-36.992462   -11.735311   -13.011196    -8.494884   -15.979831
  -0.11369133  33.062973  ], 7
9, 13, [13], [9], [33.096626], 1
11, 13, [13], [11], [33.09633], 1
10, 1, [1], [10], [33.039364], 1
7, 15, [15  4  8], [5 6 7], [-20.385153  15.912908  33.093117], 3
9, 14, [14], [9], [33.06629], 1
11, 16, [16], [11], [33.12255], 1
11, 3, [3], [11], [33.03116], 1
1, 5, [5], [1], [33.025528], 1
2, 10, [10  7], [2 2], [32.928017 33.07753 ], 2

5, 1, [1], [5], [33.03298], 1
6, 16, [16  7], [6 6], [32.97664 33.0717 ], 2
3, 3, [ 3 15 12  9 16], [3 6 0 3 3], [12.340185  -1.1452415  4.6225495 20.955643  33.179653 ], 5
2, 8, [8], [2], [33.11798], 1
8, 7, [7], [8], [33.080273], 1
12, 6, [6], [12], [33.12047], 1
10, 12, [12], [10], [33.07624], 1
12, 12, [12], [12], [33.061554], 1
2, 8, [8], [2], [33.118122], 1
11, 14, [14], [11], [33.053513], 1
9, 16, [16], [9], [33.123695], 1
6, 3, [3 2], [6 6], [32.88187 33.09233], 2
2, 7, [7], [2], [33.07752], 1
12, 6, [6], [12], [33.12047], 1
11, 4, [4], [11], [33.078327], 1
6, 8, [ 8  5 16], [6 6 6], [30.466862 28.914276 33.13878 ], 3
5, 9, [ 9 11  9 16], [6 7 5 5], [-23.337698  11.023702  24.93444   33.1427  ], 4
1, 8, [8], [1], [33.116535], 1
1, 5, [5], [1], [33.02552], 1
12, 14, [14], [12], [33.05322], 1
12, 6, [6], [12], [33.12047], 1
0, 14, [14], [0], [33.06624], 1
0, 6, [6], [0], [33.129578], 1
12, 12, [12], [12], [33.061554], 1
9, 6, [6], [9], [33.109142], 1
12, 10, [10], [12], [33.085857], 1
6, 6, [6], [6], [33.12806], 1
1, 15, [15], [1], [33.063248], 1
1, 14, [14], [1], [33.076813], 1
7, 6, [ 6 13  5  8], [0 0 0 7], [-27.930853   3.231103  11.890252  33.091255], 4
4, 7, [7], [4], [33.082607], 1
12, 8, [8], [12], [33.093872], 1

10, 4, [4], [10], [33.07], 1
8, 7, [ 7 16], [4 8], [-10.034822  33.138195], 2
10, 5, [5], [10], [33.031654], 1
10, 3, [3], [10], [33.02893], 1
4, 11, [11], [4], [33.085968], 1
1, 15, [15], [1], [33.06324], 1
3, 7, [7], [3], [33.096344], 1
5, 11, [11  3], [5 5], [32.88362 33.02344], 2
0, 15, [15  7], [6 0], [-10.07213  33.08088], 2
10, 3, [3], [10], [33.02893], 1
3, 2, [2], [3], [33.058365], 1
7, 8, [ 8 16  7 13  6  4 16], [ 0 10  0  0  0  7  7], [-38.70237  -14.663947 -17.981575 -16.767265  -8.106748  12.938984
  33.13016 ], 7
7, 10, [10  8 16], [5 0 7], [-20.329615  15.974333  33.13016 ], 3
0, 11, [11], [0], [33.09168], 1
11, 3, [3], [11], [33.031128], 1
8, 14, [14], [8], [33.065292], 1
4, 16, [16], [4], [33.179054], 1
12, 5, [5], [12], [33.032825], 1
8, 8, [8], [8], [33.089542], 1
9, 7, [7], [9], [33.07288], 1
6, 9, [9 7], [6 6], [32.892517 33.073643], 2
10, 7, [7], [10], [33.073822], 1
5, 6, [6 5], [5 5], [32.944187 33.028893], 2
10, 12, [12], [10], [33.077187], 1
12, 9, [9], [12], [33.0522], 1
9, 8, [8], [9], [33.08668], 1
9, 9, [9], [9], [33.0636], 1
9, 16, [16], [9], [33.12434], 1
11, 12, [12], [11], [33.051083], 1
6, 10, [10  8], [6 6], [32.95594 33.1185 ], 2
2, 10, [10 13], [5 2], [-10.046877  33.11241 ], 2
1, 8, [8], [1], [33.116547], 1

9, 1, [1], [9], [33.04568], 1
10, 9, [9], [10], [33.05553], 1
12, 15, [15], [12], [33.090508], 1
8, 4, [ 4  7 12  6], [8 4 4 8], [15.00424   3.239817 11.929989 33.131496], 4
12, 7, [7], [12], [33.069836], 1
9, 13, [13], [9], [33.096344], 1
2, 5, [5 6], [7 2], [-10.088524  33.13231 ], 2
5, 4, [ 4  1 14], [6 2 5], [-20.419392  15.87212   33.06318 ], 3
1, 5, [5], [1], [33.02552], 1
2, 15, [15 11], [5 2], [-10.091021  33.05719 ], 2
11, 13, [13], [11], [33.096333], 1
11, 4, [4], [11], [33.077637], 1
6, 8, [8], [6], [33.11808], 1
0, 5, [5 6 2], [7 0 0], [-12.569916  28.995924  33.110855], 3
12, 4, [4], [12], [33.059338], 1
7, 10, [10  8 14 15 10 13  4], [6 7 5 5 5 0 7], [-34.712475  -7.996395 -28.482351 -34.23906  -37.18934  -35.46287
 -25.933998], 7
6, 14, [14], [6], [33.074314], 1
9, 5, [5 1], [11  9], [-10.13991   33.046276], 2
8, 3, [ 3 14], [8 8], [32.86637  33.065334], 2
7, 13, [13 11], [0 7], [-10.065847  33.061043], 2
6, 4, [ 4 13], [6 6], [32.96008 33.17072], 2
0, 4, [ 4 12  7], [5 7 0], [-20.403746  15.898819  33.082386], 3
11, 9, [9], [11], [33.05742], 1
4, 9, [ 9 10 13], [8 4 4], [-12.570122  28.96823   33.104847], 3
12, 4, [4], [12], [33.059322], 1
12, 10, [10], [12], [33.08586], 1
10, 2, [2], [10], [33.06115], 1
9, 2, [2], [9], [33.060814], 1
7, 15, [15 16 11], [5 0 7], [-20.338636  15.979489  33.058285], 3
11, 11, [11], [11], [33.06526], 1
0, 12, [12  4 10  6], [6 5 5 0], [-28.011408    3.2318108  11.960838   33.129898 ], 4
12, 9, [9], [12], [33.0522], 1

9, 4, [4], [9], [33.073326], 1
3, 9, [ 9 16], [6 3], [-10.044069  33.179764], 2
12, 1, [1], [12], [33.039917], 1
3, 13, [13], [3], [33.098953], 1
10, 16, [16 14], [ 7 10], [-10.0317955  33.065323 ], 2
12, 16, [16], [12], [33.126545], 1
10, 16, [16  7], [10 10], [32.968204 33.073826], 2
12, 8, [8], [12], [33.093864], 1
2, 14, [14], [2], [33.066673], 1
10, 15, [15  7], [11 10], [-10.053463  33.073814], 2
11, 14, [14], [11], [33.05359], 1
1, 8, [8], [1], [33.11653], 1
10, 6, [6], [10], [33.12205], 1
3, 2, [2], [3], [33.058514], 1
12, 2, [2], [12], [33.060734], 1
12, 3, [3], [12], [33.03367], 1
11, 8, [8], [11], [33.08629], 1
5, 14, [14], [5], [33.06285], 1
0, 5, [ 5 11], [7 0], [-10.111652  33.09297 ], 2
10, 10, [10], [10], [33.08122], 1
5, 9, [ 9 13], [5 5], [32.914898 33.112022], 2
6, 15, [15 11], [5 6], [-10.087898  33.0782  ], 2
6, 11, [11], [6], [33.077667], 1
5, 12, [12 14], [9 5], [-10.106945  33.06367 ], 2
4, 8, [8], [4], [33.10404], 1
11, 4, [4], [11], [33.07873], 1
8, 12, [12 15 10 14], [8 8 4 8], [22.806    16.257936 11.948441 33.065334], 4
6, 8, [8], [6], [33.11829], 1
12, 14, [14], [12], [33.05322], 1
2, 8, [8], [2], [33.117935], 1
6, 3, [ 3 13], [3 6], [-10.068914  33.173172], 2
10, 2, [2], [10], [33.06091], 1

5, 13, [13], [5], [33.112007], 1
12, 6, [6], [12], [33.12047], 1
11, 11, [11], [11], [33.065277], 1
5, 1, [ 1 16], [5 5], [32.919266 33.142822], 2
11, 15, [15  9], [ 9 11], [-10.0821705  33.05722  ], 2
8, 6, [6], [8], [33.13128], 1
5, 15, [15  6], [5 5], [32.948246 33.125565], 2
2, 2, [2], [2], [33.062763], 1
12, 14, [14], [12], [33.053234], 1
8, 10, [10 12  1  4 16], [4 4 8 4 8], [-28.736576    1.9331474   9.8039      7.942506   33.138195 ], 5
3, 5, [5], [3], [33.026733], 1
12, 10, [10], [12], [33.08586], 1
11, 14, [14], [11], [33.053474], 1
6, 11, [11], [6], [33.07806], 1
6, 5, [5 2], [6 6], [32.888775 33.0943  ], 2
9, 3, [3], [9], [33.032455], 1
4, 8, [8], [4], [33.104424], 1
3, 7, [7], [3], [33.0963], 1
0, 9, [ 9 16 13], [6 3 0], [-20.331964  16.03287   33.0979  ], 3
9, 3, [3], [9], [33.03243], 1
5, 14, [14], [5], [33.063057], 1
10, 11, [11 14], [ 5 10], [-10.094675  33.065346], 2
0, 14, [14], [0], [33.06562], 1
9, 3, [3], [9], [33.032394], 1
12, 16, [16], [12], [33.126564], 1
1, 16, [16], [1], [33.175106], 1
10, 16, [16  4], [10 10], [32.965393 33.069847], 2
3, 3, [3 9 3 8], [12  3  3  3], [-15.57587   23.9935    24.909508  33.14    ], 4
8, 11, [11], [8], [33.06343], 1
4, 11, [11], [4], [33.088608], 1
0, 13, [13], [0], [33.099506], 1
3, 15, [15 13], [0 3], [-10.061893  33.098907], 2

4, 15, [15 16], [4 4], [32.988625 33.177986], 2
5, 14, [14], [5], [33.06347], 1
3, 14, [14], [3], [33.065628], 1
12, 12, [12], [12], [33.06155], 1
3, 5, [ 5 14], [7 3], [-10.12801  33.06569], 2
7, 16, [16  4 15  8 16], [10  5  5  7  7], [-30.563974   -1.1480875   4.656337   20.96965    33.127724 ], 5
11, 6, [6], [11], [33.116634], 1
3, 4, [ 4 13], [6 3], [-10.082718  33.09906 ], 2
9, 9, [9], [9], [33.063293], 1
12, 11, [11], [12], [33.0617], 1
10, 13, [13], [10], [33.097404], 1
7, 10, [10  8], [6 7], [-10.056692  33.09327 ], 2
8, 11, [11], [8], [33.06778], 1
9, 6, [6], [9], [33.110218], 1
3, 11, [11], [3], [33.079018], 1
4, 6, [6], [4], [33.144344], 1
11, 1, [1], [11], [33.03996], 1
2, 9, [ 9 11], [6 2], [-10.117567  33.057194], 2
6, 3, [ 3 15 14], [12  6  6], [-12.616049  28.92629   33.074936], 3
2, 16, [16], [2], [33.14439], 1
3, 14, [14], [3], [33.06566], 1
1, 4, [4], [1], [33.055046], 1
4, 16, [16], [4], [33.178722], 1
11, 10, [10], [11], [33.089863], 1
12, 1, [1], [12], [33.03991], 1
5, 7, [ 7 14], [5 5], [32.92631  33.062782], 2
2, 1, [ 1 16], [6 2], [-10.07958   33.145203], 2
12, 1, [1], [12], [33.03992], 1
12, 7, [7], [12], [33.069836], 1
1, 14, [14], [1], [33.076817], 1
2, 13, [13], [2], [33.11238], 1
12, 15, [15], [12], [33.090508], 1

1, 13, [13], [1], [33.11187], 1
6, 3, [ 3  6 13], [6 6 6], [30.444824 29.0307   33.172035], 3
1, 12, [12], [1], [33.043133], 1
0, 4, [4 6], [6 0], [-10.065031  33.129673], 2
9, 7, [ 7 15], [11  9], [-10.080561  33.078594], 2
1, 12, [12], [1], [33.043137], 1
3, 8, [8], [3], [33.13826], 1
7, 1, [ 1 14 10  8], [2 5 5 7], [-28.029469    3.2277105  11.944929   33.09285  ], 4
4, 9, [ 9 13], [8 4], [-10.088415  33.10485 ], 2
7, 13, [13 16 13  7  8], [0 0 0 0 7], [-33.34783    -5.7413025  -3.143033    7.933359   33.091255 ], 5
3, 13, [13], [3], [33.098896], 1
6, 1, [ 1 10  8], [5 6 6], [-12.59297  28.95595  33.1185 ], 3
6, 10, [10  6], [6 6], [32.9617   33.128082], 2
0, 12, [12  2], [7 0], [-10.075666  33.12491 ], 2
2, 14, [14], [2], [33.066666], 1
7, 13, [13 16], [0 7], [-10.026228  33.126842], 2
12, 11, [11], [12], [33.0617], 1
8, 2, [ 2 16], [8 8], [32.940586 33.135227], 2
10, 8, [ 8 16], [10 10], [32.959137 33.121742], 2
11, 5, [5], [11], [33.032356], 1
1, 3, [3], [1], [33.0233], 1
12, 13, [13], [12], [33.095947], 1
11, 13, [13], [11], [33.09636], 1
12, 7, [7], [12], [33.069836], 1
6, 7, [7], [6], [33.072567], 1
6, 6, [ 6  3 16], [2 6 6], [-12.527386  28.908047  33.13868 ], 3
10, 5, [5], [10], [33.031662], 1
5, 10, [10 13], [9 5], [-10.041479  33.118057], 2
0, 6, [6], [0], [33.12958], 1
8, 14, [14 16], [8 8], [32.946922 33.138195], 2
7, 3, [ 3 11], [3 7], [-10.136251  33.063095], 2
0, 3, [3 8], [6 0], [-10.112495  33.102047], 2

8, 1, [1 3], [6 8], [-10.148886  33.029163], 2
6, 10, [10  8 14], [6 6 6], [30.464817 28.963434 33.075268], 3
12, 9, [9], [12], [33.0522], 1
2, 2, [2], [2], [33.062786], 1
10, 12, [12], [10], [33.076485], 1
8, 11, [11  6], [8 8], [32.948772 33.1313  ], 2
11, 5, [5], [11], [33.03248], 1
10, 11, [11], [10], [33.055866], 1
7, 7, [ 7  3  6 14 12  4  6], [7 0 7 5 7 5 7], [  6.8265996 -10.422583  -10.753532  -26.475975  -24.227879  -35.461155
 -25.867947 ], 7
12, 12, [12], [12], [33.061554], 1
12, 4, [4], [12], [33.05941], 1
9, 2, [2], [9], [33.06082], 1
9, 15, [15  6], [11  9], [-10.04015  33.10944], 2
9, 5, [5], [9], [33.032032], 1
3, 8, [8], [3], [33.139446], 1
3, 6, [6], [3], [33.11806], 1
11, 7, [7], [11], [33.072678], 1
10, 5, [5], [10], [33.031746], 1
9, 12, [12], [9], [33.05788], 1
0, 5, [ 5 11], [0 0], [32.88818 33.0927 ], 2
9, 14, [14], [9], [33.066277], 1
10, 11, [11], [10], [33.05586], 1
0, 12, [12 11], [7 0], [-10.095314  33.092136], 2
12, 6, [6], [12], [33.12047], 1
3, 11, [11], [3], [33.07902], 1
2, 13, [13], [2], [33.11237], 1
12, 5, [5], [12], [33.03283], 1
0, 2, [2], [0], [33.110474], 1
12, 13, [13], [12], [33.095955], 1
12, 12, [12], [12], [33.061554], 1
8, 14, [14 12], [8 8], [32.897472 33.055458], 2
7, 11, [11], [7], [33.062737], 1

12, 11, [11], [12], [33.0617], 1
12, 2, [2], [12], [33.06074], 1
11, 12, [12], [11], [33.051334], 1
8, 9, [9 2], [8 8], [32.88435  33.059128], 2
11, 9, [9], [11], [33.05772], 1
2, 15, [15 11], [2 2], [32.90463  33.057243], 2
5, 5, [ 5 12], [6 5], [-10.141069  33.043358], 2
12, 7, [7], [12], [33.069836], 1
8, 10, [10 11 15 10  4  8], [4 8 8 4 8 8], [-22.99825    11.498248    4.0474615  -1.7482471  16.914917   33.091064 ], 6
0, 7, [7], [0], [33.082596], 1
2, 7, [7], [2], [33.077515], 1
10, 14, [14], [10], [33.065342], 1
7, 12, [12 16], [6 7], [-10.073156  33.130436], 2
6, 12, [12  9 10 11], [6 5 6 6], [19.652954 11.005791 24.931482 33.07772 ], 4
6, 5, [ 5 12 14], [0 0 6], [-20.431149  15.893792  33.07467 ], 3
12, 2, [2], [12], [33.06078], 1
12, 3, [3], [12], [33.033672], 1
3, 11, [11], [3], [33.079117], 1
11, 4, [4], [11], [33.07798], 1
4, 12, [12 15 13], [4 8 4], [22.62411  15.955881 33.104847], 3
10, 3, [3], [10], [33.028946], 1
4, 14, [14], [4], [33.062424], 1
2, 14, [14], [2], [33.06668], 1
12, 1, [1], [12], [33.039913], 1
5, 5, [5 1 6], [7 7 5], [-20.421387  15.91007   33.12586 ], 3
0, 1, [ 1 11], [7 0], [-10.109837  33.0927  ], 2
5, 1, [ 1 11], [6 5], [-10.117975  33.079277], 2
9, 1, [1], [9], [33.045914], 1
5, 13, [13], [5], [33.11353], 1
7, 11, [11], [7], [33.062458], 1
5, 15, [15], [5], [33.066025], 1
4, 12, [12  9 14], [4 8 4], [22.583214 15.886918 33.06244 ], 3

4, 3, [3 6], [8 4], [-10.084127  33.148582], 2
2, 6, [6], [2], [33.13227], 1
5, 16, [16  4], [9 5], [-10.03998   33.053818], 2
7, 5, [ 5  8 15 11], [0 7 5 7], [-20.223507  16.240414  11.91233   33.062973], 4
7, 5, [ 5  3 11  6], [0 0 5 7], [-28.048565    3.1981921  11.952217   33.13349  ], 4
5, 3, [ 3 16 11 10  3  2], [6 5 6 6 6 5], [-29.412945     0.93526554 -13.67798     -9.601802     3.8597307
  33.056496  ], 6
0, 4, [4 8], [5 0], [-10.083635  33.10176 ], 2
12, 15, [15], [12], [33.090508], 1
5, 15, [15  4  9], [5 6 5], [22.602177 15.885075 33.04658 ], 3
9, 6, [6], [9], [33.109604], 1
10, 15, [15], [10], [33.082436], 1
10, 6, [6], [10], [33.121834], 1
9, 16, [16], [9], [33.12396], 1
8, 1, [ 1 13], [8 8], [32.9032 33.108 ], 2
7, 16, [16 10 16], [7 0 7], [22.70363  15.961246 33.129025], 3
5, 8, [ 8  4  8 12], [5 5 5 5], [27.512745 24.017471 24.92823  33.043278], 4
10, 16, [16 14], [ 7 10], [-10.0326805  33.065342 ], 2
6, 15, [15  9  6 11], [5 6 6 6], [-15.504251  24.033241  24.974848  33.07801 ], 4
5, 3, [ 3 16], [5 5], [32.91019 33.14313], 2
5, 10, [10  7 14], [5 7 5], [22.635597 15.9196   33.063072], 3
8, 5, [5 7 6], [8 8 8], [30.407154 28.959698 33.1313  ], 3
2, 16, [16], [2], [33.14459], 1
1, 12, [12], [1], [33.04312], 1
7, 8, [ 8 10  6  3  4 10 16], [7 5 0 0 5 5 0], [ -0.10046864 -21.989073   -30.127745   -37.09727    -41.878757
 -43.225716   -38.855484  ], 7
3, 13, [13], [3], [33.098938], 1
2, 15, [15  2], [2 2], [32.906044 33.062614], 2
3, 1, [1], [3], [33.03475], 1
1, 10, [10], [1], [33.111275], 1
11, 16, [16], [11], [33.12298], 1
3, 2, [2], [3], [33.05835], 1
11, 12, [12], [11], [33.051064], 1
5, 16, [16 12], [9 5], [-10.044777  33.043434], 2

1, 6, [6], [1], [33.091896], 1
12, 16, [16 13], [ 9 12], [-10.019373  33.095818], 2
4, 11, [11], [4], [33.08559], 1
11, 5, [5], [11], [33.032413], 1
4, 3, [ 3  4 12], [8 4 4], [-12.642303  28.885258  33.044643], 3
9, 7, [7], [9], [33.072815], 1
9, 2, [2], [9], [33.06082], 1
12, 13, [13], [12], [33.09595], 1
2, 11, [11], [2], [33.0572], 1
1, 7, [7], [1], [33.078766], 1
7, 1, [ 1 10  2 12  2 10 12], [7 5 7 5 7 5 5], [  6.1876183 -11.411369  -12.495256  -29.287844  -28.891878  -43.28221
 -38.952717 ], 7
2, 3, [ 3  4 11], [6 5 2], [-20.438663  15.890946  33.057117], 3
0, 6, [6], [0], [33.129707], 1
6, 5, [5 2], [0 6], [-10.11129  33.09435], 2
5, 10, [10  6], [2 5], [-10.044754  33.12552 ], 2
9, 1, [1 8], [11  9], [-10.10841  33.0866 ], 2
6, 12, [12 10 13], [0 6 6], [-12.557352  28.988958  33.17092 ], 3
1, 5, [5], [1], [33.025524], 1
9, 14, [14  1 12], [ 9 11  9], [22.585907 15.874806 33.057697], 3
6, 7, [7 2], [5 6], [-10.058016  33.092953], 2
4, 2, [2], [4], [33.060204], 1
4, 10, [10  6], [4 4], [32.99456  33.148026], 2
2, 3, [3 6], [2 2], [32.90506  33.132175], 2
12, 15, [15], [12], [33.090508], 1
7, 11, [11], [7], [33.062862], 1
11, 8, [8], [11], [33.086315], 1
0, 7, [7], [0], [33.0809], 1
12, 1, [1], [12], [33.03991], 1
3, 6, [ 6 12], [3 3], [32.949024 33.0446  ], 2
7, 4, [ 4 15  7  8], [6 5 0 7], [-28.006136    3.2274117  11.934192   33.092896 ], 4
9, 4, [4], [9], [33.073467], 1
2, 13, [13], [2], [33.112377], 1

6, 4, [ 4 13], [6 6], [32.960888 33.172005], 2
5, 4, [ 4 12], [6 5], [-10.115967  33.044113], 2
12, 10, [10], [12], [33.08586], 1
0, 3, [ 3 14], [6 0], [-10.132286  33.067215], 2
11, 9, [9], [11], [33.056942], 1
3, 12, [12 10 16], [3 3 3], [30.437677 28.98703  33.17946 ], 3
7, 4, [4 2 7 2 9 7 9], [5 7 7 7 7 7 7], [-24.578928     8.940108    -0.20286226  -8.80502    -16.444742
 -22.490215   -25.950611  ], 7
7, 12, [12  2  8  6], [0 7 0 7], [-20.200497  16.250793  11.978872  33.133682], 4
10, 5, [5], [10], [33.03166], 1
12, 15, [15], [12], [33.090508], 1
10, 8, [8], [10], [33.086227], 1
6, 2, [2], [6], [33.09359], 1
7, 11, [11], [7], [33.063297], 1
1, 7, [7], [1], [33.078766], 1
0, 10, [10 14], [2 0], [-10.083185  33.065643], 2
1, 11, [11], [1], [33.10102], 1
5, 14, [14 16], [5 5], [32.947712 33.14306 ], 2
4, 5, [5 7], [8 4], [-10.119043  33.082626], 2
1, 9, [9], [1], [33.046112], 1
4, 1, [ 1 16], [4 4], [32.940006 33.171947], 2
10, 13, [13], [10], [33.097393], 1
5, 16, [16  8 14], [5 5 5], [30.506485 28.943914 33.062897], 3
10, 7, [7], [10], [33.07384], 1
4, 5, [ 5 10  1  5  8], [8 4 4 8 4], [-20.987331   14.968613    9.772121    7.8941574  33.104427 ], 5
2, 12, [12 11], [0 2], [-10.116718  33.057243], 2
11, 15, [15], [11], [33.098476], 1
12, 8, [8], [12], [33.093872], 1
11, 1, [1], [11], [33.039555], 1
11, 11, [11], [11], [33.065285], 1
4, 13, [13], [4], [33.104862], 1
4, 5, [ 5  3 13], [8 4 4], [-12.63534   28.88889   33.104843], 3
10, 10, [10], [10], [33.081226], 1

12, 11, [11], [12], [33.0617], 1
2, 16, [16], [2], [33.14456], 1
8, 11, [11], [8], [33.06344], 1
3, 4, [ 4 14], [6 3], [-10.103077  33.06569 ], 2
12, 3, [3], [12], [33.03373], 1
0, 2, [2], [0], [33.11054], 1
8, 4, [ 4 14], [8 8], [32.89936  33.064884], 2
1, 6, [6], [1], [33.091896], 1
3, 9, [9 8], [3 3], [32.93206  33.139835], 2
6, 14, [14], [6], [33.073586], 1
2, 16, [16], [2], [33.14464], 1
1, 4, [4], [1], [33.05508], 1
4, 8, [ 8 13], [1 4], [-10.023991  33.10469 ], 2
4, 11, [11], [4], [33.08595], 1
10, 9, [9], [10], [33.055576], 1
8, 1, [ 1 11], [4 8], [-10.125429  33.06353 ], 2
9, 12, [12], [9], [33.057922], 1
2, 10, [10], [2], [33.078163], 1
12, 7, [7], [12], [33.069836], 1
1, 1, [1], [1], [33.033005], 1
9, 16, [16], [9], [33.123894], 1
8, 11, [11 15 13], [8 8 8], [30.442003 28.953655 33.10768 ], 3
4, 15, [15 13], [8 4], [-10.044119  33.104847], 2
3, 6, [6], [3], [33.118282], 1
12, 14, [14], [12], [33.053223], 1
0, 12, [12  1  8], [2 7 0], [-20.413134  15.895739  33.102043], 3
7, 2, [2 9 2 8], [7 7 7 7], [27.461773 23.999912 24.917538 33.09285 ], 4
3, 14, [14], [3], [33.06565], 1
2, 3, [ 3 11], [2 2], [32.860092 33.05719 ], 2
4, 7, [7], [4], [33.082584], 1
12, 7, [7], [12], [33.069836], 1
1, 6, [6], [1], [33.09224], 1

6, 5, [ 5  9 12  4  2], [6 5 6 6 6], [16.995869  6.60554  17.597733 20.913755 33.094505], 5
12, 16, [16], [12], [33.127964], 1
11, 6, [6], [11], [33.116623], 1
11, 13, [13], [11], [33.096535], 1
1, 2, [2], [1], [33.061085], 1
5, 13, [13], [5], [33.118538], 1
10, 6, [ 6 12], [ 9 10], [-10.040812  33.076393], 2
1, 16, [16  2], [4 1], [-10.003143  33.06108 ], 2
10, 11, [11], [10], [33.055862], 1
2, 1, [1 6], [2 2], [32.912605 33.13215 ], 2
1, 5, [5], [1], [33.025528], 1
8, 13, [13], [8], [33.107925], 1
12, 4, [4], [12], [33.05935], 1
6, 13, [13], [6], [33.159775], 1
8, 9, [ 9 13], [8 8], [32.914165 33.108505], 2
7, 14, [14 11], [7 7], [32.89858 33.06271], 2
6, 1, [1 9 6], [7 5 6], [-20.410862  15.924325  33.128033], 3
1, 4, [4], [1], [33.055176], 1
10, 13, [13], [10], [33.09729], 1
5, 6, [ 6 13], [5 5], [32.995975 33.11345 ], 2
11, 13, [13], [11], [33.096333], 1
1, 15, [15], [1], [33.063248], 1
12, 4, [4], [12], [33.059326], 1
6, 6, [6], [6], [33.127846], 1
1, 3, [3], [1], [33.023304], 1
0, 2, [2], [0], [33.110138], 1
5, 3, [ 3 11  1], [2 7 5], [-20.44414   15.883276  33.032543], 3
7, 14, [14  5 15  2  7  6 13], [5 0 5 5 5 0 0], [-43.1736   -22.057806 -30.15337  -37.046528 -41.84077  -43.21084
 -38.902473], 7
5, 11, [11  6 11  5], [6 5 6 5], [-20.158512  16.266283  11.899054  33.028893], 4
12, 9, [9], [12], [33.0522], 1
0, 3, [ 3  9 16  6], [6 5 0 0], [-23.328547  11.075079  25.046288  33.129456], 4
11, 14, [14], [11], [33.053825], 1

1, 14, [14], [1], [33.076813], 1
12, 3, [3], [12], [33.033737], 1
1, 3, [3], [1], [33.0233], 1
5, 3, [ 3  8 13  8 15  6 13], [6 5 0 5 5 7 0], [-30.857435   -1.4728985 -17.625267  -16.204952  -28.845356  -43.210503
 -38.902294 ], 7
3, 1, [ 1 12  2], [2 0 3], [-20.435766  15.883837  33.058323], 3
5, 7, [7 4 1 8], [5 6 7 5], [15.008791   3.2009432 11.904353  33.115746 ], 4
5, 8, [8], [5], [33.11177], 1
5, 3, [ 3 16], [7 5], [-10.087343  33.14309 ], 2
4, 1, [1 9 2], [4 8 4], [22.567358 15.885165 33.06046 ], 3
11, 8, [8], [11], [33.08631], 1
12, 3, [3], [12], [33.033623], 1
6, 13, [13], [6], [33.17146], 1
6, 14, [14], [6], [33.074066], 1
6, 12, [12  5  7], [0 0 6], [-20.425034  15.876759  33.073643], 3
12, 16, [16], [12], [33.126556], 1
10, 12, [12], [10], [33.077], 1
1, 12, [12], [1], [33.04313], 1
5, 9, [9 2], [9 5], [-10.105482  33.054886], 2
10, 13, [13], [10], [33.097385], 1
10, 3, [3], [10], [33.028934], 1
11, 6, [6], [11], [33.11664], 1
9, 9, [9], [9], [33.062042], 1
9, 1, [1], [9], [33.04625], 1
12, 12, [12], [12], [33.061546], 1
10, 1, [1], [10], [33.039215], 1
12, 14, [14], [12], [33.053223], 1
0, 4, [4 8], [6 0], [-10.081699  33.102047], 2
0, 8, [8], [0], [33.10168], 1
5, 8, [8], [5], [33.113857], 1
12, 1, [1], [12], [33.039917], 1
11, 2, [2], [11], [33.061867], 1
7, 7, [ 7 10  9  7 11  8], [0 5 7 0 5 7], [-32.516758   -4.3263965  -0.68995    -9.565186    3.9262247  33.09034  ], 6

7, 7, [ 7  2  4  2 10  8], [0 5 5 5 7 7], [-35.52051    -9.331609   -8.99782    -1.7635431  16.948956   33.092896 ], 6
4, 8, [8], [4], [33.108906], 1
12, 16, [16], [12], [33.126545], 1
4, 6, [6], [4], [33.146248], 1
1, 7, [7], [1], [33.078766], 1
8, 15, [15 16  8], [8 4 8], [22.702988 16.023523 33.090782], 3
1, 13, [13], [1], [33.111874], 1
3, 9, [9 7], [6 3], [-10.093868  33.096558], 2
12, 1, [1], [12], [33.03992], 1
0, 7, [7], [0], [33.083008], 1
6, 6, [6], [6], [33.1279], 1
12, 8, [8], [12], [33.093872], 1
12, 13, [13], [12], [33.095955], 1
4, 1, [1 7], [4 4], [32.886303 33.08262 ], 2
11, 12, [12], [11], [33.05123], 1
2, 7, [7], [2], [33.077522], 1
0, 11, [11], [0], [33.092068], 1
6, 10, [10 13], [6 6], [32.987385 33.17072 ], 2
10, 10, [10], [10], [33.081234], 1
0, 11, [11], [0], [33.090744], 1
9, 9, [9], [9], [33.063614], 1
9, 6, [ 6 16], [2 9], [-9.998135 33.12397 ], 2
0, 2, [2], [0], [33.108433], 1
12, 6, [6], [12], [33.12047], 1
5, 12, [12 10  8], [2 6 5], [-20.375164  15.954694  33.109814], 3
0, 8, [8], [0], [33.101738], 1
1, 10, [10], [1], [33.111256], 1
10, 4, [4], [10], [33.069828], 1
7, 10, [10  2 10  7  8], [6 7 5 7 7], [-22.802954  11.852266   4.650735  20.93586   33.09285 ], 5
3, 10, [10], [3], [33.079094], 1
6, 11, [11], [6], [33.077816], 1
2, 8, [8], [2], [33.118008], 1

0, 14, [14  6], [0 0], [32.941555 33.130135], 2
9, 8, [8], [9], [33.08669], 1
12, 7, [7], [12], [33.069836], 1
3, 13, [13], [3], [33.098984], 1
0, 9, [ 9 13], [5 0], [-10.0912285  33.101692 ], 2
4, 4, [4 8], [8 4], [-10.074781  33.108482], 2
6, 4, [ 4  8 12 13], [6 6 6 6], [27.509312 24.086529 24.947094 33.16153 ], 4
10, 9, [9], [10], [33.055714], 1
3, 2, [2], [3], [33.05803], 1
12, 5, [5], [12], [33.032825], 1
10, 7, [7], [10], [33.073845], 1
7, 14, [14 10  9 13 14 11  7], [7 5 5 0 7 0 0], [  1.5371838 -19.208122  -25.495907  -29.240955  -28.896229  -43.26381
 -38.922455 ], 7
7, 7, [ 7 14 16], [7 7 7], [30.44193  28.937561 33.12799 ], 3
1, 8, [8], [1], [33.116592], 1
0, 11, [11], [0], [33.091644], 1
3, 12, [12  7], [2 3], [-10.090151  33.09656 ], 2
12, 9, [9], [12], [33.052254], 1
5, 12, [12], [5], [33.045612], 1
8, 16, [16  6], [4 8], [-9.952164 33.1313  ], 2
2, 1, [1 2], [2 2], [32.870827 33.06277 ], 2
0, 5, [5 8], [0 0], [32.893806 33.102043], 2
12, 4, [4], [12], [33.05932], 1
1, 10, [10], [1], [33.111298], 1
6, 4, [4 1 7], [5 6 6], [-12.616287  28.877895  33.072548], 3
4, 1, [ 1 10 11], [8 4 4], [-12.587667  28.95792   33.086628], 3
8, 15, [15  9 11], [8 8 8], [30.42789  28.890482 33.068924], 3
5, 13, [13 14], [0 5], [-10.063154  33.063095], 2
0, 14, [14], [0], [33.0663], 1
6, 2, [2], [6], [33.09331], 1
5, 4, [ 4 15  8], [6 5 5], [-12.576662  28.943792  33.11419 ], 3
6, 2, [2], [6], [33.093357], 1
11, 7, [7], [11], [33.07267], 1

10, 9, [9], [10], [33.05547], 1
7, 13, [13  6 16], [0 0 7], [-20.298298  16.006607  33.128162], 3
5, 10, [10  9  6  7  8], [6 5 5 5 5], [-18.11482   19.667866  17.700886  20.954967  33.113113], 5
8, 12, [12], [8], [33.05557], 1
7, 2, [ 2 10  2 10  7  9 11], [7 0 7 0 7 5 7], [  9.577313    -5.810261    -3.1609068  -13.707294    -2.9892964
  -0.11448288  33.06311   ], 7
7, 9, [ 9 10  5 13  2  8], [6 6 0 0 5 7], [-37.230423 -12.130942 -13.697144  -9.549219   3.922821  33.092896], 6
7, 2, [ 2 16], [7 7], [32.95837  33.129078], 2
1, 15, [15], [1], [33.06346], 1
6, 4, [ 4 11], [5 6], [-10.096563  33.077717], 2
9, 3, [3], [9], [33.032227], 1
2, 4, [ 4 15  6], [5 2 2], [-12.574488  28.948036  33.13228 ], 3
6, 3, [ 3  8 16], [12  2  6], [-20.369528  16.001732  33.138775], 3
11, 13, [13], [11], [33.096336], 1
2, 13, [13], [2], [33.11238], 1
4, 10, [10 16], [4 4], [33.01295  33.179382], 2
2, 14, [14], [2], [33.066666], 1
7, 8, [ 8  2 13  2], [7 5 0 7], [15.025072   3.2205884 11.937752  33.06704  ], 4
6, 12, [12 14], [6 6], [32.894268 33.074715], 2
2, 7, [7], [2], [33.0775], 1
9, 12, [12], [9], [33.05811], 1
10, 9, [9], [10], [33.055607], 1
3, 1, [1], [3], [33.03484], 1
9, 9, [9], [9], [33.06343], 1
7, 13, [13 11  7 16], [0 0 0 7], [-27.94614     3.2617965  11.953553   33.126682 ], 4
9, 15, [15], [9], [33.07749], 1
3, 5, [ 5  9  3 10], [0 5 3 3], [-23.385698  10.969728  24.872341  33.07826 ], 4
11, 8, [8], [11], [33.086304], 1
12, 5, [5], [12], [33.03282], 1
3, 3, [3 2], [6 3], [-10.138878  33.05847 ], 2
1, 1, [1], [1], [33.033005], 1
10, 12, [12], [10], [33.077034], 1
12, 12, [12], [12], [33.061546], 1

5, 10, [10  9], [6 5], [-10.087542  33.046524], 2
6, 3, [ 3 15  8], [6 5 6], [22.593845  15.9465065 33.1185   ], 3
12, 1, [1], [12], [33.03992], 1
12, 10, [10], [12], [33.08586], 1
10, 15, [15], [10], [33.083645], 1
5, 6, [ 6 14], [5 5], [32.95945  33.061916], 2
3, 12, [12 15 16], [3 0 3], [22.636576 15.985952 33.17865 ], 3
8, 15, [15  6], [8 8], [32.97361  33.134186], 2
5, 16, [16  7], [9 5], [-10.012886  33.09964 ], 2
12, 3, [3], [12], [33.033665], 1
8, 16, [16 13], [8 8], [33.00688  33.107994], 2
7, 15, [15  2  6], [5 7 7], [-12.562862  28.942741  33.13212 ], 3
7, 10, [10 11 14], [6 5 7], [-20.37056    15.9071865  33.05844  ], 3
12, 5, [5], [12], [33.032825], 1
6, 6, [6], [6], [33.12782], 1
9, 4, [4], [9], [33.073227], 1
0, 1, [ 1 10  7], [6 5 0], [-20.4067    15.931395  33.080826], 3
3, 16, [16], [3], [33.178722], 1
9, 13, [13], [9], [33.096348], 1
5, 11, [11], [5], [33.078354], 1
4, 11, [11], [4], [33.089005], 1
5, 2, [2 4 9], [5 5 5], [30.391266 28.888332 33.046432], 3
12, 11, [11], [12], [33.0617], 1
12, 5, [5], [12], [33.032825], 1
3, 12, [12  8], [0 3], [-10.067171  33.139977], 2
12, 2, [2], [12], [33.060776], 1
11, 15, [15], [11], [33.101715], 1
11, 11, [11], [11], [33.065266], 1
1, 3, [3], [1], [33.023304], 1
11, 4, [4], [11], [33.07857], 1
4, 16, [16], [4], [33.164482], 1
2, 4, [4 7], [6 2], [-10.096241  33.077538], 2

5, 12, [12  6  1], [9 9 5], [-20.388706  15.933177  33.032677], 3
11, 10, [10], [11], [33.08982], 1
11, 16, [16], [11], [33.12268], 1
7, 10, [10  6], [6 7], [-10.0358715  33.132084 ], 2
1, 6, [6], [1], [33.092003], 1
5, 1, [1 4 6], [7 6 5], [-20.405827  15.932782  33.125565], 3
3, 12, [12 10], [3 3], [32.89635  33.078312], 2
12, 3, [3], [12], [33.033737], 1
9, 8, [8], [9], [33.086647], 1
2, 1, [ 1 16], [2 2], [32.92023 33.14511], 2
5, 14, [14], [5], [33.063545], 1
5, 7, [ 7 16], [5 5], [32.974316 33.14266 ], 2
12, 6, [6], [12], [33.12047], 1
12, 4, [4], [12], [33.059322], 1
11, 11, [11], [11], [33.06523], 1
7, 1, [ 1 10  9 13  2 15  6], [2 6 6 0 7 7 0], [-40.47538  -17.516285 -22.667828 -24.526928 -21.041111 -30.214508
 -38.870293], 7
4, 7, [7], [4], [33.082607], 1
3, 14, [14], [3], [33.065647], 1
12, 14, [14], [12], [33.05322], 1
8, 16, [16], [8], [33.13515], 1
5, 11, [11], [5], [33.0785], 1
4, 14, [14], [4], [33.062447], 1
2, 5, [5 4 8], [2 6 2], [22.58868  15.92807  33.118057], 3
8, 15, [15 16], [8 8], [32.971325 33.135216], 2
4, 9, [9 8], [8 4], [-10.086014  33.108482], 2
7, 12, [12  3 16 10  9  7 14], [5 6 0 7 5 0 7], [-39.7563   -16.338636 -20.60851  -21.257824 -37.242836 -35.485035
 -25.939148], 7
10, 6, [6], [10], [33.12102], 1
11, 2, [2], [11], [33.06183], 1
0, 5, [ 5 16 13], [0 3 0], [22.651527 16.032509 33.09794 ], 3
11, 9, [9], [11], [33.056984], 1
8, 7, [ 7 13  8], [4 8 8], [-12.540169  28.962633  33.091972], 3
1, 7, [7], [1], [33.078777], 1

8, 2, [2], [8], [33.05926], 1
4, 14, [14], [4], [33.06232], 1
4, 11, [11], [4], [33.086624], 1
9, 11, [11], [9], [33.055466], 1
4, 10, [10  9  7], [4 8 4], [22.644478 15.898463 33.082623], 3
12, 11, [11], [12], [33.0617], 1
7, 1, [ 1 12 14 16  6  3 10], [6 0 0 0 0 0 0], [-43.17914  -22.022346 -30.118805 -36.969666 -41.85697  -43.312878
 -38.90617 ], 7
1, 2, [2], [1], [33.06109], 1
0, 7, [7], [0], [33.081337], 1
1, 11, [11], [1], [33.101078], 1
11, 7, [7], [11], [33.07268], 1
3, 8, [8], [3], [33.13905], 1
8, 3, [ 3  9  6 14], [8 8 4 8], [22.76815  16.236172 11.978834 33.064884], 4
12, 7, [7], [12], [33.06983], 1
11, 10, [10], [11], [33.08988], 1
5, 4, [ 4 14], [6 5], [-10.104864  33.062687], 2
10, 2, [2], [10], [33.060917], 1
11, 9, [9], [11], [33.05712], 1
6, 2, [2], [6], [33.093414], 1
7, 5, [5 2 6 2 8], [0 5 0 5 7], [-33.44873    -5.8018627  -3.1149096   7.922821   33.092896 ], 5
9, 10, [10], [9], [33.090157], 1
2, 6, [6], [2], [33.132053], 1
10, 1, [1], [10], [33.039326], 1
10, 11, [11], [10], [33.055832], 1
9, 3, [3 9], [11  9], [-10.130909  33.06215 ], 2
12, 15, [15], [12], [33.090508], 1
12, 8, [8], [12], [33.093864], 1
3, 4, [ 4 16], [6 3], [-10.034765  33.17946 ], 2
11, 3, [3], [11], [33.03121], 1
12, 11, [11], [12], [33.0617], 1
4, 12, [12  6], [4 4], [32.936317 33.147987], 2
4, 13, [13], [4], [33.10486], 1

11, 7, [7], [11], [33.072678], 1
3, 5, [ 5 16], [3 3], [32.934723 33.179764], 2
7, 3, [ 3  7  6  7  4 10 16], [0 7 7 7 5 5 7], [-2.4512503e+01  9.1008987e+00  3.4582138e-02 -8.4957848e+00
 -1.5959889e+01 -3.2503128e-02  3.3130463e+01], 7
12, 10, [10], [12], [33.08586], 1
7, 16, [16  4  8  7], [7 5 0 7], [15.060376   3.2249577 11.942045  33.072304 ], 4
3, 13, [13], [3], [33.09909], 1
7, 4, [ 4 16  1  2], [2 0 7 7], [-23.302156  11.072247  24.879549  33.071404], 4
4, 15, [15  8], [8 4], [-10.042078  33.108246], 2
8, 8, [8 6], [4 8], [-10.013247  33.13417 ], 2
9, 2, [2], [9], [33.060833], 1
9, 8, [8], [9], [33.08673], 1
4, 12, [12], [4], [33.04462], 1
6, 9, [9 8], [5 6], [-10.081308  33.11838 ], 2
10, 10, [10], [10], [33.081364], 1
5, 4, [4 2 7], [5 5 5], [30.405672 28.914474 33.0918  ], 3
12, 10, [10], [12], [33.08586], 1
5, 7, [ 7  4 16], [5 5 5], [30.454256 28.94526  33.141796], 3
1, 16, [16], [1], [33.17504], 1
5, 16, [16  8], [9 5], [-9.999619 33.11481 ], 2
0, 8, [8], [0], [33.101906], 1
6, 7, [7], [6], [33.073498], 1
4, 3, [ 3 13], [4 4], [32.888798 33.104847], 2
0, 3, [ 3  4 15  4 15 11], [6 5 5 5 5 0], [-37.263283  -12.149889  -13.677624   -9.585602    3.9295206  33.09297  ], 6
3, 6, [6], [3], [33.118126], 1
6, 15, [15  1  6  1  5 10  6], [5 0 6 7 5 6 6], [-36.858727 -11.553212 -12.646658 -29.62356  -29.43111  -22.436058
 -25.87252 ], 7
3, 14, [14], [3], [33.06562], 1
1, 10, [10], [1], [33.11123], 1
7, 13, [13 15 10 13 16], [0 5 5 0 7], [-33.383003   -5.7999554  -3.1256313   7.9752502  33.130463 ], 5
12, 8, [8], [12], [33.09387], 1
0, 3, [3 4 9 7], [6 6 6 0], [-28.054483    3.1973112  11.898521   33.08303  ], 4
0, 1, [1 6], [7 0], [-10.08762  33.12978], 2
5, 13, [13], [5], [33.114956], 1

0, 3, [3 9 8], [6 5 0], [-20.42864   15.907885  33.101597], 3
12, 9, [9], [12], [33.0522], 1
5, 14, [14], [5], [33.062725], 1
8, 9, [ 9  8  1 13], [8 8 8 8], [27.470005 24.035566 24.90173  33.10768 ], 4
2, 7, [7], [2], [33.077526], 1
12, 13, [13], [12], [33.09595], 1
12, 13, [13], [12], [33.09594], 1
3, 4, [ 4  9 16 13], [6 6 2 3], [-27.990913    3.2529476  12.007918   33.098732 ], 4
3, 15, [15], [3], [33.064003], 1
8, 9, [ 9 13], [8 8], [32.91393 33.108  ], 2
0, 1, [ 1 15  3  2], [2 6 6 0], [-28.03473     3.2183514  11.901241   33.124733 ], 4
10, 14, [14], [10], [33.065254], 1
9, 6, [6], [9], [33.109795], 1
5, 11, [11  4 15], [7 5 5], [-12.5936985  28.90472    33.073746 ], 3
5, 5, [ 5 13  8  3  8 10], [0 0 5 7 5 5], [-30.859982   -1.4875965   4.022361   -1.7998362  16.95334    33.08513  ], 6
1, 4, [4], [1], [33.055317], 1
5, 11, [11 16], [5 5], [32.957016 33.14299 ], 2
2, 6, [6], [2], [33.13224], 1
3, 2, [2], [3], [33.058502], 1
8, 4, [4 1], [4 8], [-10.116268  33.040718], 2
8, 16, [16 13], [4 8], [-9.965443 33.10822 ], 2
10, 9, [9], [10], [33.055614], 1
7, 2, [ 2  1  8 14  8 11  8], [7 7 0 7 0 0 0], [ 10.458502  -4.364914 -22.334507 -24.051237 -41.855488 -43.25287
 -38.904217], 7
4, 5, [ 5 16], [8 4], [-10.0648575  33.171947 ], 2
2, 5, [ 5  4 14], [7 5 2], [-20.429424   15.8966875  33.066685 ], 3
4, 7, [7], [4], [33.082603], 1
1, 4, [4], [1], [33.05535], 1
5, 6, [ 6 11], [9 5], [-10.04109   33.080368], 2
3, 9, [ 9 10  8], [6 3 3], [-12.573685  28.963558  33.140343], 3
2, 12, [12 11], [0 2], [-10.116724  33.05719 ], 2
8, 16, [16], [8], [33.13521], 1
9, 6, [6], [9], [33.10881], 1

11, 3, [3], [11], [33.031258], 1
0, 14, [14  8], [0 0], [32.9275   33.101723], 2
1, 16, [16  1], [2 1], [-10.021389  33.032993], 2
12, 1, [1], [12], [33.039917], 1
12, 3, [3], [12], [33.033722], 1
3, 3, [ 3 10], [6 3], [-10.126774  33.078865], 2
4, 4, [4 6], [8 4], [-10.0507145  33.14856  ], 2
3, 8, [8], [3], [33.139225], 1
2, 7, [7], [2], [33.077454], 1
10, 3, [3], [10], [33.02894], 1
6, 1, [ 1  8 13], [6 6 6], [30.446987 29.021034 33.17123 ], 3
7, 8, [ 8 11], [0 7], [-10.065348  33.061794], 2
12, 15, [15], [12], [33.090504], 1
6, 15, [15  9  2], [6 6 6], [30.42025  28.904589 33.0943  ], 3
0, 16, [16 11], [0 0], [33.024406 33.092987], 2
11, 2, [2], [11], [33.061813], 1
8, 4, [ 4 11], [4 8], [-10.102617  33.06353 ], 2
7, 4, [ 4  6  4 13  8  6 10], [6 0 7 0 0 0 0], [-38.43345  -14.152289 -17.136665 -37.001972 -41.832848 -43.21776
 -38.912445], 7
11, 1, [1], [11], [33.039772], 1
3, 11, [11], [3], [33.079056], 1
2, 1, [ 1 11], [2 2], [32.867348 33.05712 ], 2
12, 9, [9], [12], [33.052204], 1
12, 9, [9], [12], [33.0522], 1
10, 1, [1], [10], [33.03923], 1
8, 12, [12  7], [8 8], [32.89953 33.08038], 2
6, 11, [11], [6], [33.077778], 1
6, 16, [16], [6], [33.13748], 1
5, 15, [15 16], [5 5], [32.961216 33.14323 ], 2
10, 10, [10], [10], [33.081238], 1
11, 16, [16], [11], [33.12256], 1
9, 10, [10 12], [9 9], [32.924713 33.057697], 2
0, 9, [9 7], [6 0], [-10.101898  33.08314 ], 2

5, 15, [15 12 13], [5 6 5], [22.623299 15.919421 33.116547], 3
5, 1, [1 6], [7 5], [-10.08993  33.12586], 2
7, 2, [ 2 11 10 11 16], [7 5 5 5 7], [ 9.580229  -5.8113585 -3.138966   7.945964  33.123238 ], 5
2, 16, [16], [2], [33.144726], 1
0, 10, [10 13], [7 0], [-10.052002  33.098896], 2
6, 13, [13], [6], [33.168644], 1
7, 16, [16 14  7 11], [7 5 7 7], [19.735655 11.012064 24.9187   33.064247], 4
11, 5, [5 4], [ 9 11], [-10.121323  33.077732], 2
12, 7, [7], [12], [33.069836], 1
5, 11, [11 14], [7 5], [-10.099436  33.0631  ], 2
4, 11, [11], [4], [33.08564], 1
6, 4, [4 8], [5 6], [-10.073906  33.1185  ], 2
6, 13, [13], [6], [33.170784], 1
9, 1, [ 1 10 16], [11  9  9], [-12.581196  28.96436   33.12377 ], 3
12, 13, [13], [12], [33.095955], 1
6, 8, [8 2], [6 6], [32.97409  33.093033], 2
7, 3, [ 3  7  3 16 11], [0 0 0 0 7], [-33.471325   -5.830312   -3.1823192   7.9794893  33.058285 ], 5
2, 10, [10], [2], [33.07752], 1
4, 1, [1 4], [4 4], [32.86836  33.054554], 2
4, 2, [2], [4], [33.06048], 1
9, 2, [2], [9], [33.060818], 1
3, 15, [15 16], [3 3], [32.975452 33.17913 ], 2
2, 11, [11], [2], [33.057213], 1
4, 5, [ 5 13], [8 4], [-10.105415  33.10485 ], 2
8, 6, [ 6  3  6 10  4 14  7], [4 4 4 4 8 8 8], [-37.014393 -11.931723 -13.262879  -9.012533   4.807774  12.912495
  33.080494], 7
5, 4, [ 4 16], [6 5], [-10.056702  33.14309 ], 2
3, 5, [5 7], [0 3], [-10.109749  33.09654 ], 2
1, 4, [4], [1], [33.055077], 1
8, 11, [11 15  8], [8 8 8], [30.440401 28.95105  33.091064], 3
12, 16, [16], [12], [33.126556], 1
8, 6, [ 6 16], [4 8], [-9.978968 33.135216], 2
3, 8, [8], [3], [33.13956], 1

9, 14, [14 16], [9 9], [32.93984  33.123642], 2
0, 11, [11], [0], [33.092213], 1
9, 12, [12  4], [9 9], [32.899258 33.07325 ], 2
5, 15, [15 16], [5 5], [32.9558   33.141735], 2
1, 10, [10], [1], [33.11126], 1
1, 16, [16], [1], [33.175014], 1
7, 16, [16  9 16 13 11], [0 5 0 0 7], [-33.338375   -5.807597   -3.0929704   7.93474    33.06275  ], 5
12, 5, [5], [12], [33.032825], 1
2, 9, [9 2], [6 2], [-10.114162  33.062794], 2
7, 11, [11  6], [5 7], [-10.051783  33.13279 ], 2
8, 16, [16], [8], [33.138187], 1
9, 11, [11], [9], [33.0556], 1
6, 2, [2], [6], [33.09348], 1
2, 5, [ 5 11], [0 2], [-10.133739  33.05718 ], 2
8, 13, [13  6 15  8], [8 4 8 8], [19.771727 11.10713  24.94538  33.091972], 4
1, 11, [11], [1], [33.101044], 1
3, 7, [7], [3], [33.096107], 1
5, 6, [6 8], [9 5], [-10.017406  33.114517], 2
12, 12, [12], [12], [33.06156], 1
3, 16, [16], [3], [33.178288], 1
1, 10, [10], [1], [33.111275], 1
12, 9, [9], [12], [33.052307], 1
4, 13, [13], [4], [33.104866], 1
9, 10, [10], [9], [33.090183], 1
12, 10, [10 16], [10 12], [-10.041258  33.126495], 2
11, 2, [2], [11], [33.061825], 1
2, 12, [12], [2], [33.05486], 1
12, 11, [11], [12], [33.0617], 1
4, 5, [5 8], [8 4], [-10.104506  33.105907], 2
6, 14, [14], [6], [33.071243], 1
8, 8, [8 9 6], [8 8 8], [30.451065 28.927565 33.131496], 3
3, 16, [16  6], [2 3], [-9.979872 33.11804 ], 2

0, 8, [8], [0], [33.101696], 1
12, 6, [6], [12], [33.12047], 1
9, 6, [6], [9], [33.108902], 1
3, 14, [14], [3], [33.065628], 1
10, 11, [11], [10], [33.055862], 1
9, 4, [4], [9], [33.073475], 1
4, 15, [15  7], [8 4], [-10.061298  33.082626], 2
11, 1, [1], [11], [33.039757], 1
6, 7, [7], [6], [33.07365], 1
5, 13, [13], [5], [33.112778], 1
7, 10, [10  8 10  8 10  2 13], [6 0 0 0 0 7 0], [-42.09104  -20.292425 -27.317055 -32.341015 -34.0647   -30.253761
 -38.90226 ], 7
1, 16, [16 12], [4 1], [-10.0071125  33.04309  ], 2
4, 9, [9 4], [8 4], [-10.11817   33.054554], 2
11, 15, [15], [11], [33.099342], 1
4, 4, [ 4 10  6], [8 4 4], [-12.540014  28.994436  33.148525], 3
2, 12, [12 16], [6 2], [-10.063503  33.14511 ], 2
7, 11, [11 13 15 13  7  6 14], [0 0 7 0 0 0 7], [-37.803707 -13.155619 -15.419729 -34.21273  -37.181583 -35.431877
 -25.93832 ], 7
5, 5, [ 5 11 15  4  6], [5 5 5 6 5], [22.013046  14.970797   9.83263    7.9324646 33.12568  ], 5
8, 3, [ 3 13], [4 8], [-10.109062  33.10822 ], 2
9, 13, [13], [9], [33.096344], 1
5, 6, [6], [5], [33.12629], 1
8, 3, [ 3 13], [8 8], [32.891644 33.10835 ], 2
0, 12, [12 16  6], [0 3 0], [22.680138 16.051556 33.129684], 3
12, 5, [5], [12], [33.032837], 1
4, 14, [14], [4], [33.062294], 1
6, 9, [ 9  3 11], [5 3 6], [-20.429592  15.871504  33.077526], 3
6, 10, [10  4  8  5  7], [6 5 6 6 6], [17.072044   6.6427317 17.64293   20.87439   33.072304 ], 5
4, 2, [2], [4], [33.060493], 1
12, 8, [8], [12], [33.093864], 1
12, 2, [2], [12], [33.06078], 1
10, 11, [11], [10], [33.05585], 1
2, 8, [8], [2], [33.118057], 1

9, 7, [7], [9], [33.07288], 1
11, 5, [5], [11], [33.0324], 1
3, 12, [12  6], [2 3], [-10.0792465  33.118248 ], 2
2, 6, [6], [2], [33.13197], 1
0, 2, [2], [0], [33.122074], 1
11, 1, [1], [11], [33.040348], 1
4, 10, [10 15  8], [4 8 4], [22.677795  15.9586115 33.108482 ], 3
6, 14, [14 16], [6 6], [32.953354 33.138916], 2
8, 10, [10], [8], [33.09065], 1
12, 1, [1], [12], [33.039917], 1
10, 7, [7], [10], [33.073845], 1
4, 2, [2], [4], [33.060486], 1
9, 14, [14], [9], [33.066162], 1
9, 7, [7], [9], [33.072884], 1
3, 16, [16], [3], [33.17665], 1
2, 3, [3 6], [2 2], [32.90449  33.132225], 2
2, 15, [15 13], [5 2], [-10.063879  33.11241 ], 2
12, 7, [7], [12], [33.069836], 1
10, 5, [5], [10], [33.031654], 1
0, 16, [16  3  8], [3 0 0], [-12.49283   28.889042  33.101723], 3
1, 1, [1], [1], [33.033005], 1
0, 15, [15  8], [6 0], [-10.061062  33.10222 ], 2
2, 1, [1 4 6], [7 5 2], [-20.403847  15.936054  33.13227 ], 3
3, 2, [2], [3], [33.058334], 1
7, 15, [15  6 11], [5 0 7], [-20.346287  15.966977  33.06211 ], 3
12, 14, [14], [12], [33.053223], 1
10, 15, [15], [10], [33.082184], 1
1, 3, [3], [1], [33.0233], 1
12, 2, [2], [12], [33.060783], 1
11, 3, [3], [11], [33.03112], 1
10, 1, [1], [10], [33.039234], 1
8, 10, [10 12 13], [8 4 8], [22.649244 15.91339  33.107994], 3

2, 4, [ 4 16], [6 2], [-10.055487  33.145153], 2
10, 14, [14], [10], [33.065292], 1
6, 9, [ 9  1 10  6 12 11], [5 0 6 6 5 6], [-29.752684     0.33408856   7.165601     3.4655826    3.8968382
  33.07782   ], 6
8, 14, [14  3  6], [4 8 8], [-12.593325  28.905602  33.131496], 3
2, 2, [2], [2], [33.062763], 1
0, 15, [15  1  6], [5 2 0], [-20.378983  15.912134  33.129715], 3
3, 6, [6], [3], [33.118145], 1
6, 12, [12  7], [7 6], [-10.107256  33.07228 ], 2
9, 11, [11], [9], [33.05543], 1
11, 6, [6], [11], [33.116623], 1
10, 6, [6], [10], [33.121124], 1
1, 10, [10], [1], [33.111256], 1
4, 4, [4 9 8], [4 8 4], [22.605286 15.911358 33.103985], 3
12, 4, [4], [12], [33.05933], 1
1, 9, [9], [1], [33.046154], 1
4, 14, [14], [4], [33.062332], 1
8, 1, [ 1 13], [4 8], [-10.099709  33.108505], 2
2, 8, [8], [2], [33.117947], 1
8, 8, [8], [8], [33.090782], 1
4, 16, [16], [4], [33.1719], 1
9, 12, [12], [9], [33.05739], 1
3, 10, [10  8], [3 3], [32.96356  33.140343], 2
8, 12, [12  1 16 13], [4 8 4 8], [-20.199856  16.24842   12.018833  33.10768 ], 4
4, 13, [13], [4], [33.10524], 1
3, 9, [ 9 15  5 16], [5 0 0 3], [-28.00703     3.2424734  11.939518   33.17865  ], 4
1, 5, [5], [1], [33.025524], 1
12, 9, [9], [12], [33.0522], 1
7, 1, [ 1 10  8], [2 6 7], [-20.40092   15.943307  33.09327 ], 3
4, 1, [ 1 16], [8 4], [-10.059889  33.17172 ], 2
8, 14, [14], [8], [33.064865], 1
6, 2, [2], [6], [33.091984], 1
1, 14, [14], [1], [33.076805], 1

6, 9, [ 9 16], [0 6], [-10.06823  33.13956], 2
9, 8, [8], [9], [33.08669], 1
8, 7, [7 6], [4 8], [-10.039278  33.131496], 2
5, 9, [9], [5], [33.048386], 1
12, 12, [12], [12], [33.06155], 1
1, 14, [14], [1], [33.076817], 1
6, 1, [1 8], [2 6], [-10.095551  33.118412], 2
8, 8, [8], [8], [33.091934], 1
3, 13, [13], [3], [33.099083], 1
9, 5, [5 6], [11  9], [-10.102337  33.10873 ], 2
12, 11, [11], [12], [33.0617], 1
9, 4, [4], [9], [33.07322], 1
11, 2, [2], [11], [33.06183], 1
10, 8, [ 8 13], [10 10], [32.944477 33.097122], 2
7, 14, [14 11], [7 7], [32.898727 33.06306 ], 2
0, 4, [4 2], [5 0], [-10.06992  33.1219 ], 2
6, 7, [7], [6], [33.073532], 1
6, 1, [1 7], [2 6], [-10.122257  33.073643], 2
12, 16, [16], [12], [33.12658], 1
10, 7, [7], [10], [33.073845], 1
12, 9, [9], [12], [33.0522], 1
9, 7, [7], [9], [33.07278], 1
2, 6, [6], [2], [33.13214], 1
0, 14, [14], [0], [33.06572], 1
9, 11, [11], [9], [33.055298], 1
10, 12, [12], [10], [33.076492], 1
12, 4, [4], [12], [33.059334], 1
12, 11, [11], [12], [33.0617], 1
9, 13, [13], [9], [33.096375], 1
1, 11, [11], [1], [33.101105], 1
6, 4, [ 4  7 16], [6 5 6], [22.638947 15.969824 33.13935 ], 3
7, 8, [ 8 10  3  8], [7 5 0 7], [15.024706   3.2203677 11.885248  33.09285  ], 4

----------------------train at epoch 6-----------------------------
1, 7, [7], [1], [33.078766], 1
1, 11, [11], [1], [33.101044], 1
2, 13, [13], [2], [33.112362], 1
1, 1, [1], [1], [33.033005], 1
10, 11, [11], [10], [33.055832], 1
7, 4, [ 4  7 15 14 15  9 11], [6 0 5 7 5 5 0], [-40.347805 -17.342709 -22.369152 -24.078344 -41.90067  -43.29754
 -38.910336], 7
8, 16, [16 15 11], [8 8 8], [30.500813 28.931215 33.06353 ], 3
10, 3, [3], [10], [33.028946], 1
7, 10, [10 13  2 16], [6 0 7 7], [-23.277693  11.061035  24.940105  33.130463], 4
2, 4, [4 8], [6 2], [-10.071775  33.118004], 2
7, 13, [13  6 10  9 14], [0 0 0 7 7], [-30.557905   -1.0923877   4.6277533  20.885891   33.058865 ], 5
11, 2, [2], [11], [33.06183], 1
7, 11, [11], [7], [33.062737], 1
2, 11, [11], [2], [33.05726], 1
11, 5, [5], [11], [33.0324], 1
6, 9, [ 9 14], [5 6], [-10.108265  33.074783], 2
7, 12, [12  7 16], [0 5 7], [-20.373383  15.964121  33.12908 ], 3
12, 16, [16], [12], [33.12654], 1
12, 16, [16  4], [ 9 12], [-10.041002  33.05977 ], 2
4, 10, [10 11], [4 4], [32.95398  33.085587], 2
7, 5, [ 5  7 16], [7 7 7], [30.407623 28.958427 33.130463], 3
0, 5, [5 6], [0 0], [32.910355 33.12966 ], 2
10, 2, [2], [10], [33.060925], 1
5, 7, [ 7 13], [5 5], [32.95551 33.11657], 2
10, 6, [6], [10], [33.123077], 1
9, 3, [3], [9], [33.032455], 1
10, 10, [10], [10], [33.08129], 1
7, 4, [ 4 14  7 10 16  8], [2 0 0 5 0 7], [-37.21402   -12.114187  -13.628639   -9.512865    3.9992704  33.091255 ], 6
5, 14, [14], [5], [33.062725], 1
3, 14, [14], [3], [33.065628], 1
12, 8, [8], [12], [33.093872], 1
0, 4, [ 4 10  6], [6 2 0], [-20.369514  15.955309  33.1298  ], 3

10, 2, [2], [10], [33.06115], 1
6, 1, [ 1 16], [2 6], [-10.081667  33.141293], 2
12, 9, [9], [12], [33.0522], 1
7, 13, [13  7  8], [0 0 7], [-20.343033  15.933359  33.091255], 3
3, 3, [ 3 16], [2 3], [-10.0672245  33.17942  ], 2
10, 10, [10], [10], [33.08153], 1
8, 4, [ 4  6 14  1  5  4  7], [8 4 8 4 4 8 8], [  8.920204   -6.9001217  -5.074605  -16.898003   -8.223658   12.908573
  33.080494 ], 7
9, 5, [ 5 10], [9 9], [32.886276 33.090187], 2
11, 1, [1], [11], [33.039757], 1
3, 11, [11], [3], [33.079018], 1
1, 1, [1], [1], [33.033005], 1
2, 3, [3 7], [6 2], [-10.127182  33.07747 ], 2
3, 16, [16], [3], [33.178722], 1
10, 9, [9], [10], [33.055607], 1
2, 9, [ 9  5 14], [6 2 2], [-12.628771  28.871847  33.06668 ], 3
0, 6, [6], [0], [33.129932], 1
11, 5, [5], [11], [33.032356], 1
6, 9, [ 9 14], [5 6], [-10.1079445  33.073986 ], 2
4, 16, [16], [4], [33.17665], 1
6, 13, [13], [6], [33.171757], 1
5, 10, [10 11], [6 5], [-10.068014  33.07921 ], 2
1, 7, [7], [1], [33.078854], 1
12, 12, [12], [12], [33.06155], 1
3, 1, [1], [3], [33.034855], 1
5, 12, [12 11], [9 5], [-10.1004715  33.080235 ], 2
5, 2, [ 2  6 16], [5 9 5], [22.654495 15.99435  33.139435], 3
3, 16, [16], [3], [33.178288], 1
9, 2, [2], [9], [33.060814], 1
7, 14, [14  7 13 14  5  2], [0 0 0 0 0 7], [-37.21042   -12.122357  -13.669062   -9.610021    3.8783407  33.071404 ], 6
12, 1, [1], [12], [33.03992], 1
3, 10, [10  7], [3 3], [32.937263 33.09652 ], 2
9, 3, [ 3 13], [11  9], [-10.110817  33.096313], 2

6, 14, [14], [6], [33.074314], 1
12, 15, [15], [12], [33.090485], 1
12, 5, [5], [12], [33.032825], 1
3, 16, [16], [3], [33.17905], 1
0, 7, [7], [0], [33.082237], 1
1, 2, [2], [1], [33.06109], 1
1, 12, [12], [1], [33.04312], 1
10, 2, [2], [10], [33.060917], 1
7, 8, [ 8  2  4  8 10  6 16], [0 7 7 0 0 0 7], [-2.7259256e+01  4.4052830e+00 -7.8038511e+00 -2.1447281e+01
 -1.5908480e+01  6.6070557e-03  3.3128162e+01], 7
0, 11, [11], [0], [33.092213], 1
3, 12, [12  2], [2 3], [-10.113182  33.058174], 2
9, 14, [14 16], [9 9], [32.935287 33.12377 ], 2
4, 6, [6], [4], [33.145763], 1
2, 10, [10], [2], [33.077076], 1
12, 10, [10], [12], [33.08586], 1
4, 11, [11], [4], [33.08559], 1
0, 14, [14], [0], [33.06572], 1
7, 12, [12  8  3 14], [0 0 0 7], [-28.019815   3.218596  11.866557  33.058746], 4
5, 4, [ 4 16 10 16 13], [6 5 6 5 5], [-22.768806  11.956219   4.690273  21.013187  33.118553], 5
12, 13, [13], [12], [33.09595], 1
2, 5, [ 5 13], [7 2], [-10.099997  33.1124  ], 2
6, 12, [12 14], [7 6], [-10.10568   33.074905], 2
9, 3, [3], [9], [33.032394], 1
3, 2, [2], [3], [33.05835], 1
5, 6, [6 8], [9 5], [-10.017406  33.114517], 2
12, 5, [5], [12], [33.032825], 1
11, 9, [9], [11], [33.05712], 1
8, 5, [ 5  4  5 14 10 11], [4 4 4 8 4 8], [-34.460827   -7.486595   -5.9103055   3.4309385   3.944889   33.068924 ], 6
10, 5, [5], [10], [33.031662], 1
7, 10, [10  9  7  6 14 10  9], [6 6 0 0 7 7 5], [-40.43443  -17.53629  -22.640722 -24.53196  -21.105595 -30.277407
 -38.951042], 7
7, 6, [ 6 16], [7 7], [33.01033  33.130463], 2
11, 10, [10], [11], [33.089863], 1

4, 11, [11], [4], [33.08595], 1
2, 6, [6], [2], [33.131958], 1
4, 8, [8], [4], [33.108906], 1
8, 7, [7], [8], [33.080273], 1
12, 6, [6], [12], [33.12047], 1
7, 1, [ 1  8  6 13  6 16  2], [6 7 0 0 0 0 7], [-3.1971418e+01 -3.3428135e+00 -2.0726868e+01 -2.1429146e+01
 -1.5876829e+01 -1.2639999e-02  3.3071404e+01], 7
12, 10, [10], [12], [33.08586], 1
2, 9, [ 9 16], [6 2], [-10.064838  33.14511 ], 2
9, 16, [16], [9], [33.12386], 1
5, 10, [10  7  3  7 10 16], [2 5 6 5 5 5], [-24.902182    8.363142   -1.2092967  11.271866   16.971909   33.14266  ], 6
6, 6, [ 6 13], [6 6], [33.0307   33.172035], 2
0, 5, [ 5 16], [0 0], [32.92956 33.16164], 2
9, 2, [2], [9], [33.06083], 1
11, 15, [15], [11], [33.099342], 1
11, 13, [13], [11], [33.096535], 1
11, 9, [9], [11], [33.05719], 1
5, 8, [8], [5], [33.113857], 1
0, 16, [16  8], [3 0], [-9.965221 33.101723], 2
5, 14, [14 10], [5 5], [32.91508  33.085163], 2
7, 1, [ 1  7 14  4 14  8], [2 0 7 5 7 7], [-30.884512   -1.5293429   3.9870048  -1.7897415  16.916588   33.092896 ], 6
8, 2, [2], [8], [33.059227], 1
9, 8, [8], [9], [33.086647], 1
1, 9, [9], [1], [33.04609], 1
3, 14, [14], [3], [33.065647], 1
5, 4, [ 4  6 13], [6 5 5], [-12.545076  28.995975  33.11345 ], 3
12, 4, [4], [12], [33.05941], 1
12, 2, [2], [12], [33.060753], 1
3, 13, [13], [3], [33.099083], 1
2, 10, [10  6], [5 2], [-10.03496  33.13227], 2
8, 10, [10 16 14  8 10 16 10], [8 4 4 8 8 4 8], [  5.047205 -13.425432 -15.966092 -13.382343 -24.128117 -35.3843
 -25.897537], 7
12, 12, [12], [12], [33.061554], 1
7, 9, [ 9 14  2 16], [6 5 7 7], [-23.336765   11.0248165  24.940105   33.130463 ], 4

0, 10, [10  9 16], [5 5 0], [-20.351309   15.9429865  33.15947  ], 3
1, 16, [16  7], [2 1], [-9.993921 33.078773], 2
6, 15, [15  6 16], [6 2 6], [22.68568  16.013641 33.138775], 3
0, 15, [15 16 14], [5 0 0], [-12.535772  28.993534  33.067215], 3
10, 3, [3], [10], [33.028934], 1
3, 15, [15], [3], [33.06341], 1
0, 16, [16  3 15  8], [3 0 7 0], [-20.10286   16.205023  11.96048   33.101707], 4
9, 1, [1 7], [11  9], [-10.116116  33.072826], 2
6, 4, [ 4 11], [5 6], [-10.098141  33.07811 ], 2
0, 10, [10  8], [7 0], [-10.050606  33.10222 ], 2
9, 3, [3], [9], [33.032227], 1
6, 6, [6], [6], [33.12782], 1
2, 4, [ 4 11], [6 2], [-10.1084175  33.057243 ], 2
2, 15, [15  8], [2 2], [32.939556 33.118145], 2
9, 5, [5 8], [11  9], [-10.115618  33.086597], 2
6, 16, [16], [6], [33.139378], 1
4, 2, [2], [4], [33.060486], 1
7, 11, [11], [7], [33.063297], 1
12, 2, [2], [12], [33.06079], 1
12, 16, [16], [12], [33.126545], 1
4, 8, [8], [4], [33.105907], 1
10, 14, [14], [10], [33.065327], 1
12, 6, [6], [12], [33.12047], 1
7, 3, [ 3  6 11 13], [0 0 5 7], [-28.000788    3.2872517  11.927719   33.092827 ], 4
3, 10, [10], [3], [33.07967], 1
3, 8, [8], [3], [33.13826], 1
1, 10, [10], [1], [33.111298], 1
6, 11, [11], [6], [33.07811], 1
7, 5, [ 5 12  4  8 15 12 10], [0 0 6 0 7 0 0], [-41.510136 -19.23725  -25.477123 -29.223658 -28.87053  -43.297478
 -38.91157 ], 7
12, 16, [16], [12], [33.12657], 1
12, 2, [2], [12], [33.060745], 1
8, 6, [6], [8], [33.134094], 1

5, 15, [15 16], [5 5], [32.95675  33.142693], 2
12, 5, [5], [12], [33.032825], 1
12, 13, [13], [12], [33.095955], 1
10, 10, [10], [10], [33.081226], 1
2, 3, [ 3  9 11], [2 6 2], [22.555262 15.882472 33.057182], 3
12, 3, [3], [12], [33.03363], 1
5, 7, [ 7  1  5 13], [5 7 0 5], [14.992711   3.1760192 11.900547  33.113464 ], 4
9, 3, [3], [9], [33.03243], 1
9, 12, [12], [9], [33.05811], 1
1, 8, [8], [1], [33.116535], 1
11, 15, [15], [11], [33.09965], 1
0, 7, [7], [0], [33.083008], 1
12, 8, [8], [12], [33.093857], 1
10, 1, [1], [10], [33.039215], 1
11, 3, [3], [11], [33.031258], 1
7, 13, [13  4 16], [0 7 7], [-12.539825  28.938984  33.13016 ], 3
11, 4, [4], [11], [33.07857], 1
3, 5, [ 5 16], [0 3], [-10.061197  33.177227], 2
6, 4, [ 4  9 14], [6 6 6], [30.393166 28.892952 33.074905], 3
6, 15, [15 13], [5 6], [-10.021643  33.17092 ], 2
12, 3, [3], [12], [33.033672], 1
9, 12, [12 16], [9 9], [32.929573 33.12377 ], 2
12, 12, [12], [12], [33.06157], 1
7, 9, [ 9 13  5  6  5  9 10], [6 0 0 0 0 7 0], [-42.149143 -20.328968 -27.37653  -32.35338  -34.140224 -30.292873
 -38.90617 ], 7
2, 16, [16], [2], [33.14439], 1
4, 13, [13], [4], [33.104866], 1
4, 16, [16], [4], [33.178722], 1
6, 13, [13], [6], [33.159775], 1
6, 6, [6], [6], [33.12806], 1
3, 7, [7], [3], [33.096344], 1
9, 7, [7], [9], [33.072884], 1
8, 13, [13], [8], [33.10832], 1

7, 6, [ 6 13 16  3 12 16 11], [0 0 0 7 5 0 7], [-3.68858337e+01 -1.16953840e+01 -1.29874525e+01 -8.55143070e+00
 -1.59665670e+01 -1.89418793e-02  3.30627518e+01], 7
7, 7, [ 7 14  4 12  7 11  2], [0 7 7 5 0 0 7], [-30.064768    -0.23925495 -15.502187   -34.271786   -37.19845
 -35.46205    -25.919525  ], 7
1, 15, [15], [1], [33.064026], 1
4, 2, [2], [4], [33.060204], 1
12, 6, [6], [12], [33.12047], 1
4, 14, [14], [4], [33.062225], 1
6, 11, [11], [6], [33.077667], 1
7, 16, [16 11  5 16  4], [0 7 0 0 7], [-25.563955    7.1535296  -3.172966    7.9858923  33.06896  ], 5
7, 9, [ 9  6 10  6  5  2  6], [6 0 7 0 0 5 0], [-38.435684 -14.139711 -17.118515 -37.019554 -41.91825  -43.25408
 -38.868603], 7
12, 15, [15], [12], [33.090477], 1
3, 16, [16], [3], [33.179443], 1
5, 10, [10  4  7], [9 6 5], [-20.364187  15.913544  33.099274], 3
9, 4, [4], [9], [33.07355], 1
3, 8, [8], [3], [33.139225], 1
8, 14, [14], [8], [33.06471], 1
9, 16, [16], [9], [33.123894], 1
12, 14, [14], [12], [33.053223], 1
8, 1, [1 6], [4 8], [-10.086031  33.1313  ], 2
10, 11, [11], [10], [33.055866], 1
12, 2, [2], [12], [33.06074], 1
11, 3, [3], [11], [33.03121], 1
12, 3, [3], [12], [33.033737], 1
8, 3, [3 6], [8 8], [32.90725  33.134186], 2
3, 10, [10], [3], [33.079178], 1
10, 7, [7], [10], [33.073845], 1
5, 15, [15 13], [5 5], [32.941574 33.116547], 2
8, 5, [ 5  6 13  9  5  7 16], [8 4 8 8 8 4 8], [12.393346   -1.0639329   4.660275   -0.7452884  -2.9902656  -0.03661919
 33.135216  ], 7
10, 13, [13], [10], [33.09729], 1
12, 3, [3], [12], [33.033703], 1
6, 3, [3 6], [12  6], [-10.093855  33.127853], 2
2, 16, [16], [2], [33.144516], 1
7, 3, [ 3 11], [3 7], [-10.136251  33.063095], 2

5, 11, [11 10], [7 5], [-10.08622   33.085125], 2
7, 7, [ 7  3  7 11], [7 0 7 7], [19.668604 10.980757 24.9187   33.064247], 4
1, 11, [11], [1], [33.101044], 1
0, 4, [4 6], [5 0], [-10.065207  33.129715], 2
12, 12, [12], [12], [33.061554], 1
3, 5, [5 8], [3 3], [32.910538 33.139458], 2
11, 8, [8], [11], [33.086292], 1
4, 16, [16], [4], [33.177925], 1
11, 16, [16], [11], [33.12256], 1
12, 4, [4], [12], [33.059338], 1
12, 3, [3], [12], [33.033672], 1
4, 13, [13], [4], [33.10486], 1
12, 8, [8], [12], [33.093864], 1
6, 10, [10  2], [6 6], [32.942863 33.09435 ], 2
4, 2, [2], [4], [33.060482], 1
5, 6, [6], [5], [33.12629], 1
10, 8, [ 8 16], [10 10], [32.95925  33.121742], 2
9, 7, [ 7 15], [11  9], [-10.080561  33.078594], 2
9, 1, [1], [9], [33.046432], 1
4, 12, [12 11], [4 4], [32.902763 33.086628], 2
7, 13, [13 11], [0 7], [-10.064995  33.06211 ], 2
4, 6, [6], [4], [33.143932], 1
3, 12, [12  7], [0 3], [-10.0932865  33.09645  ], 2
2, 12, [12  7], [0 2], [-10.104578  33.077538], 2
12, 11, [11], [12], [33.0617], 1
8, 2, [2], [8], [33.05926], 1
3, 13, [13], [3], [33.098896], 1
8, 1, [1 7 8 6], [4 8 4 8], [-20.19992   16.272715  11.986509  33.134186], 4
0, 6, [6], [0], [33.12937], 1
8, 11, [11  6], [8 8], [32.948708 33.131496], 2
3, 15, [15], [3], [33.064003], 1
0, 8, [8], [0], [33.101738], 1

12, 7, [7], [12], [33.069836], 1
11, 13, [13], [11], [33.09633], 1
3, 12, [12  2], [3 3], [32.87999  33.058304], 2
12, 8, [8], [12], [33.093864], 1
5, 3, [3 8], [5 5], [32.890186 33.10979 ], 2
8, 9, [ 9 14], [8 8], [32.887802 33.064884], 2
9, 3, [ 3 13], [11  9], [-10.110411  33.096313], 2
8, 15, [15 11], [8 8], [32.934956 33.068924], 2
8, 15, [15  6  7], [8 4 8], [22.686016 15.992841 33.08038 ], 3
11, 2, [2], [11], [33.061813], 1
0, 14, [14 11], [0 0], [32.921555 33.091812], 2
0, 14, [14], [0], [33.06624], 1
4, 5, [ 5 13], [8 4], [-10.105589  33.10485 ], 2
12, 8, [8], [12], [33.093872], 1
9, 11, [11], [9], [33.05543], 1
8, 12, [12], [8], [33.05557], 1
1, 14, [14], [1], [33.076813], 1
7, 14, [14 16], [7 7], [32.940155 33.13016 ], 2
3, 15, [15  8], [0 3], [-10.037296  33.1399  ], 2
10, 14, [14], [10], [33.065254], 1
9, 10, [10], [9], [33.09018], 1
5, 10, [10  6], [6 5], [-10.038246  33.12641 ], 2
11, 12, [12], [11], [33.051334], 1
9, 12, [12], [9], [33.057922], 1
1, 8, [8], [1], [33.116547], 1
4, 3, [3 6], [8 4], [-10.084642  33.148026], 2
6, 8, [8], [6], [33.11829], 1
4, 10, [10 14], [4 4], [32.942753 33.062256], 2
4, 6, [6], [4], [33.14655], 1
11, 1, [1], [11], [33.03951], 1
7, 12, [12  8], [5 7], [-10.097158  33.09327 ], 2
6, 9, [ 9 12  2], [5 6 6], [-12.608866  28.906048  33.09435 ], 3

3, 15, [15  7], [3 3], [32.925003 33.096558], 2
5, 7, [ 7 16], [5 5], [32.975895 33.14216 ], 2
6, 8, [8], [6], [33.118168], 1
1, 9, [9], [1], [33.046112], 1
1, 14, [14], [1], [33.076813], 1
12, 2, [2], [12], [33.06078], 1
10, 4, [4], [10], [33.07], 1
12, 15, [15], [12], [33.090508], 1
2, 7, [7], [2], [33.077515], 1
0, 9, [9 5 6], [5 0 0], [-12.606379  28.910337  33.129715], 3
2, 4, [4 7], [6 2], [-10.095846  33.07747 ], 2
2, 1, [1 7], [2 2], [32.87959  33.077526], 2
0, 10, [10 11], [6 0], [-10.057394  33.0927  ], 2
2, 9, [ 9 14], [6 2], [-10.1117   33.06668], 2
7, 8, [ 8  4  6 12  7  9  7], [7 5 0 0 0 7 0], [  0.8927679 -20.33368   -27.317251  -32.413116  -34.102955  -30.303392
 -38.92092  ], 7
2, 11, [11], [2], [33.057198], 1
1, 8, [8], [1], [33.11656], 1
10, 9, [9], [10], [33.055614], 1
4, 7, [7], [4], [33.082584], 1
12, 4, [4], [12], [33.05935], 1
12, 8, [8], [12], [33.093872], 1
0, 9, [ 9 11], [5 0], [-10.096632  33.09272 ], 2
9, 15, [15  7], [9 9], [32.928886 33.072792], 2
3, 12, [12 13], [3 3], [32.908794 33.099052], 2
3, 4, [4 6], [6 3], [-10.071489  33.11825 ], 2
10, 9, [9], [10], [33.05547], 1
2, 16, [16], [2], [33.14417], 1
8, 11, [11  6], [8 8], [32.948772 33.1313  ], 2
8, 8, [8], [8], [33.0911], 1
10, 7, [7], [10], [33.073822], 1
9, 1, [1], [9], [33.04636], 1
0, 8, [8], [0], [33.101917], 1

1, 3, [3], [1], [33.0233], 1
12, 1, [1], [12], [33.03992], 1
11, 5, [5 7], [ 9 11], [-10.124369  33.072655], 2
8, 7, [ 7 16], [4 8], [-10.034822  33.138195], 2
5, 11, [11 16], [5 5], [32.957016 33.14299 ], 2
12, 10, [10], [12], [33.085857], 1
12, 12, [12], [12], [33.061546], 1
4, 7, [7], [4], [33.082607], 1
12, 1, [1], [12], [33.03991], 1
12, 11, [11], [12], [33.0617], 1
9, 10, [10], [9], [33.09016], 1
8, 14, [14  1  7], [8 4 8], [22.59489  15.884489 33.080494], 3
6, 15, [15  6], [5 6], [-10.058052  33.127945], 2
1, 2, [2], [1], [33.06109], 1
4, 3, [3 1 7], [8 4 4], [-12.641514  28.88641   33.08262 ], 3
1, 4, [4], [1], [33.055305], 1
12, 10, [10 13], [10 12], [-10.059666  33.095818], 2
12, 8, [8], [12], [33.093872], 1
2, 13, [13], [2], [33.11237], 1
11, 8, [8], [11], [33.08629], 1
8, 3, [3 8], [4 8], [-10.119356  33.091064], 2
5, 5, [ 5 13], [6 5], [-10.096821  33.11383 ], 2
9, 9, [9], [9], [33.0636], 1
9, 14, [14], [9], [33.06641], 1
3, 9, [9 6], [5 3], [-10.081722  33.118263], 2
0, 14, [14  6], [0 0], [32.941555 33.130135], 2
2, 5, [5 8], [7 2], [-10.097044  33.11811 ], 2
10, 11, [11], [10], [33.05585], 1
5, 2, [2 7], [9 5], [-10.079353  33.100147], 2
5, 16, [16  1], [9 5], [-10.048889  33.032692], 2
7, 5, [ 5 13 14], [0 0 7], [-20.408049  15.932846  33.058865], 3
11, 2, [2], [11], [33.06183], 1

4, 1, [ 1  4 10  2], [8 8 4 4], [-23.346527  11.026487  24.942223  33.060467], 4
11, 10, [10], [11], [33.08982], 1
12, 15, [15], [12], [33.090515], 1
7, 15, [15  7 12  7  2 10  2], [5 7 7 7 7 5 7], [-25.568375    7.2662554  -3.0231566 -13.453282  -24.222385  -35.473686
 -25.938175 ], 7
0, 1, [ 1 16  8], [2 3 0], [-20.344875  16.034779  33.101723], 3
6, 10, [10  5 16], [6 0 6], [22.635248 15.917349 33.141293], 3
9, 12, [12], [9], [33.057693], 1
2, 2, [2], [2], [33.062763], 1
7, 10, [10  8 11], [6 0 7], [-20.354542  15.935076  33.06211 ], 3
3, 6, [6], [3], [33.118217], 1
12, 15, [15], [12], [33.090508], 1
11, 6, [6], [11], [33.11665], 1
12, 5, [5], [12], [33.032825], 1
4, 9, [9 6], [8 4], [-10.064274  33.144726], 2
4, 5, [ 5  4 16], [8 4 4], [-12.591719  28.961502  33.17172 ], 3
1, 12, [12], [1], [33.043133], 1
12, 9, [9], [12], [33.0522], 1
11, 10, [10], [11], [33.089878], 1
11, 14, [14], [11], [33.053513], 1
12, 1, [1], [12], [33.039917], 1
0, 9, [9 8], [5 0], [-10.091017  33.102043], 2
8, 6, [ 6 16  6 14  4 16 15], [4 4 4 8 8 4 8], [-37.8832   -13.379742 -15.915609 -13.433749 -24.163242 -35.37253
 -25.903591], 7
5, 1, [ 1 14], [5 5], [32.871445 33.063118], 2
5, 13, [13], [5], [33.112007], 1
6, 9, [ 9 11], [0 6], [-10.10507  33.07816], 2
6, 16, [16], [6], [33.13727], 1
6, 8, [8], [6], [33.11808], 1
7, 7, [ 7 14  7 13  6 13  8], [0 0 0 0 0 0 7], [-39.76612    -16.408669   -20.78611    -21.441982   -15.898223
  -0.04829597  33.091255  ], 7
1, 14, [14], [1], [33.076813], 1
9, 2, [2], [9], [33.06082], 1
12, 8, [8], [12], [33.093864], 1
11, 9, [9], [11], [33.056965], 1

4, 16, [16], [4], [33.17166], 1
2, 2, [2], [2], [33.06292], 1
8, 3, [ 3 13], [8 8], [32.891644 33.10835 ], 2
12, 6, [6], [12], [33.12047], 1
12, 9, [9], [12], [33.0522], 1
3, 3, [3 7], [6 3], [-10.116171  33.09654 ], 2
8, 14, [14 12  6], [4 4 8], [-20.378693  15.929989  33.131496], 3
8, 7, [7], [8], [33.08042], 1
10, 14, [14], [10], [33.065315], 1
2, 16, [16], [2], [33.14456], 1
3, 8, [8], [3], [33.13905], 1
12, 14, [14], [12], [33.053223], 1
8, 9, [ 9 16], [8 8], [32.932045 33.138195], 2
7, 7, [ 7 13  6 16], [5 0 0 7], [-27.932306   3.301703  12.006608  33.128162], 4
2, 6, [6], [2], [33.13224], 1
1, 15, [15], [1], [33.063248], 1
11, 11, [11], [11], [33.065254], 1
4, 8, [8], [4], [33.104424], 1
3, 10, [10], [3], [33.079094], 1
8, 15, [15 16 11 13], [8 4 8 8], [19.77468  11.130447 24.934704 33.10822 ], 4
6, 16, [16 14], [6 6], [32.978134 33.0737  ], 2
2, 10, [10], [2], [33.07752], 1
1, 14, [14], [1], [33.076813], 1
1, 4, [4], [1], [33.05535], 1
0, 5, [ 5 11], [7 0], [-10.111652  33.09297 ], 2
9, 14, [14], [9], [33.066277], 1
12, 12, [12], [12], [33.061554], 1
11, 11, [11], [11], [33.065258], 1
1, 11, [11], [1], [33.101105], 1
5, 14, [14], [5], [33.06285], 1
12, 10, [10], [12], [33.085857], 1
2, 15, [15  2], [5 2], [-10.08769  33.06274], 2

0, 12, [12 14], [7 0], [-10.110708  33.06648 ], 2
12, 16, [16], [12], [33.12658], 1
2, 1, [ 1 12], [7 2], [-10.132849  33.054382], 2
2, 11, [11], [2], [33.05721], 1
3, 4, [4 7], [2 3], [-10.08448  33.09654], 2
0, 15, [15 13], [6 0], [-10.061901  33.097927], 2
3, 7, [7], [3], [33.096165], 1
7, 3, [ 3 16 15  8], [6 0 5 7], [-27.993607    3.2998748  11.922815   33.09306  ], 4
6, 3, [ 3 16], [3 6], [-10.090315  33.137505], 2
11, 12, [12], [11], [33.051083], 1
6, 10, [10  4 13], [6 5 6], [22.66212  15.959527 33.17092 ], 3
12, 9, [9], [12], [33.0522], 1
3, 8, [8], [3], [33.13956], 1
12, 5, [5], [12], [33.032825], 1
9, 13, [13], [9], [33.096344], 1
12, 11, [11], [12], [33.0617], 1
3, 11, [11], [3], [33.079056], 1
2, 8, [8], [2], [33.118057], 1
4, 4, [ 4 14], [8 4], [-10.101492  33.062256], 2
9, 14, [14], [9], [33.066162], 1
12, 10, [10], [12], [33.08586], 1
11, 7, [7], [11], [33.07267], 1
11, 13, [13], [11], [33.09636], 1
10, 1, [1], [10], [33.039364], 1
5, 9, [ 9 11  8], [6 5 5], [-12.587469  28.94068   33.11577 ], 3
8, 7, [ 7 16 10 16 15  6], [8 8 8 8 8 8], [22.848965 16.280258 11.896958 11.326247 16.973608 33.134186], 6
7, 2, [ 2 10  6  8], [7 5 7 7], [19.710953 11.081878 24.987764 33.09285 ], 4
2, 2, [2], [2], [33.06273], 1
5, 10, [10  7 14], [6 5 5], [-12.559668  28.926313  33.062782], 3
11, 9, [9], [11], [33.05772], 1
5, 9, [9 8 2], [6 5 5], [-12.584791  28.945213  33.071583], 3
2, 15, [15  6], [5 2], [-10.052036  33.13215 ], 2

0, 10, [10  4  2], [2 7 0], [-20.363121  15.932415  33.12046 ], 3
7, 12, [12  8  2  6  8  2  6], [6 0 7 0 0 7 0], [-37.442696 -12.485464 -14.302832 -32.30047  -34.050545 -30.244635
 -38.87014 ], 7
5, 8, [ 8 11 14], [5 7 5], [22.642792 15.900882 33.063072], 3
12, 3, [3], [12], [33.033672], 1
5, 10, [10  8 12], [5 5 5], [30.440777 28.92823  33.043278], 3
1, 6, [6], [1], [33.09224], 1
5, 7, [ 7 16], [5 5], [32.974583 33.14323 ], 2
4, 15, [15 13], [8 4], [-10.044115  33.10485 ], 2
8, 16, [16], [8], [33.13515], 1
0, 3, [ 3 10  4  2], [6 5 5 0], [-28.031242    3.2372553  11.923927   33.114365 ], 4
1, 8, [8], [1], [33.11653], 1
0, 10, [10  3  9 16  7], [7 6 6 3 0], [-33.42568   -5.855822  -3.137456   8.023716  33.082645], 5
7, 8, [ 8 15 10  6], [0 7 0 7], [-20.128101  16.289143  11.968639  33.133682], 4
11, 1, [1], [11], [33.040348], 1
4, 6, [6], [4], [33.144344], 1
5, 8, [8 2 7], [5 5 5], [30.455868 28.911068 33.091904], 3
12, 11, [11], [12], [33.0617], 1
11, 10, [10], [11], [33.08985], 1
12, 3, [3], [12], [33.03373], 1
0, 2, [2], [0], [33.110138], 1
2, 3, [3 6], [2 2], [32.90506  33.132175], 2
12, 10, [10], [12], [33.08586], 1
1, 3, [3], [1], [33.0233], 1
12, 14, [14], [12], [33.053207], 1
7, 13, [13  6], [0 7], [-10.022123  33.133682], 2
8, 5, [ 5 11  6], [8 8 8], [30.400501 28.948708 33.131496], 3
11, 14, [14], [11], [33.05372], 1
8, 15, [15 10 14], [8 4 8], [22.657936 15.948441 33.065334], 3
2, 6, [6], [2], [33.13214], 1
5, 3, [ 3  5 11  2 13], [2 6 7 5 5], [-30.691803   -1.1961615   4.618839   20.925148   33.11147  ], 5
12, 6, [6], [12], [33.120464], 1
5, 1, [1], [5], [33.03298], 1

4, 12, [12  4 16], [4 8 4], [22.628841 15.968046 33.178154], 3
11, 15, [15], [11], [33.098476], 1
7, 8, [ 8  9 14  3  4 15  4], [7 5 7 7 5 5 5], [  7.3334274  -9.598517   -9.412462  -24.122185  -41.917824  -43.296883
 -38.939693 ], 7
2, 8, [8], [2], [33.117973], 1
4, 14, [14], [4], [33.062424], 1
6, 13, [13], [6], [33.170532], 1
9, 6, [6 8], [2 9], [-10.020481  33.086723], 2
5, 6, [ 6 10], [7 5], [-10.018045  33.08597 ], 2
12, 10, [10], [12], [33.08586], 1
4, 12, [12 15  6], [4 4 4], [30.43249  28.969046 33.14856 ], 3
2, 13, [13], [2], [33.11238], 1
12, 5, [5], [12], [33.03283], 1
0, 8, [8], [0], [33.101906], 1
1, 10, [10], [1], [33.111256], 1
12, 12, [12], [12], [33.061554], 1
0, 1, [ 1 16  7], [2 3 0], [-20.351467  16.023716  33.082645], 3
7, 4, [ 4  5  1  4 12 14 15], [5 0 2 5 0 5 5], [-43.205643 -22.103283 -30.225876 -37.100346 -41.927788 -43.29419
 -38.925453], 7
5, 16, [16 11 15 12], [5 5 5 5], [27.546577 24.010738 24.8992   33.04341 ], 4
7, 15, [15  9  8], [5 6 7], [-20.390461  15.904062  33.093117], 3
7, 7, [7 6], [7 7], [32.958664 33.13212 ], 2
8, 5, [ 5  7 15 13], [4 8 8 8], [-15.535897  24.055546  24.957893  33.107994], 4
3, 9, [9 8], [5 3], [-10.068628  33.13981 ], 2
6, 13, [13], [6], [33.170784], 1
8, 2, [2], [8], [33.05923], 1
1, 5, [5], [1], [33.025528], 1
5, 15, [15 10  2  4 16], [5 5 5 6 5], [22.065617  14.98613    9.8371525  7.93976   33.143124 ], 5
11, 14, [14], [11], [33.05359], 1
10, 9, [9], [10], [33.05553], 1
6, 12, [12  5 12 13], [0 7 0 6], [-28.028538   3.20365   11.951825  33.17092 ], 4
5, 16, [16 11  8], [9 6 5], [-20.30489   15.946303  33.113857], 3
0, 12, [12 16  8], [6 0 0], [-12.532728  29.02961   33.101658], 3
5, 3, [3], [5], [33.023857], 1

5, 1, [ 1  2 13], [7 5 5], [-12.609598  28.926409  33.11169 ], 3
12, 16, [16], [12], [33.126556], 1
7, 4, [ 4  9 16], [6 6 7], [-20.386616  15.925764  33.12917 ], 3
6, 15, [15  7], [5 6], [-10.084444  33.072372], 2
6, 5, [5 2], [0 6], [-10.11079   33.094395], 2
12, 1, [1], [12], [33.03992], 1
7, 3, [ 3  6  4  2 13 14], [2 0 7 7 0 7], [-29.728916    0.4093926   7.132804    3.4471426   3.932581   33.05807  ], 6
1, 9, [9], [1], [33.046104], 1
11, 7, [7], [11], [33.072678], 1
3, 1, [1 8], [2 3], [-10.083172  33.13877 ], 2
8, 6, [6 8], [4 8], [-10.004913  33.091972], 2
11, 9, [9], [11], [33.056942], 1
8, 2, [2], [8], [33.05927], 1
11, 7, [7], [11], [33.072685], 1
1, 15, [15], [1], [33.063217], 1
3, 2, [2], [3], [33.058502], 1
4, 1, [1 8], [4 4], [32.898285 33.104427], 2
8, 3, [3 8], [8 8], [32.881638 33.090782], 2
12, 2, [2], [12], [33.060745], 1
1, 15, [15], [1], [33.06324], 1
5, 1, [1 2], [6 5], [-10.130461  33.058468], 2
7, 5, [5 8], [0 7], [-10.11165  33.09327], 2
9, 10, [10], [9], [33.090183], 1
10, 9, [9], [10], [33.055576], 1
12, 8, [8], [12], [33.09387], 1
5, 5, [ 5 11], [6 5], [-10.119518  33.079277], 2
10, 15, [15], [10], [33.082184], 1
4, 7, [7], [4], [33.08261], 1
11, 10, [10], [11], [33.089752], 1
6, 10, [10 16], [6 6], [32.970608 33.139755], 2
9, 16, [16], [9], [33.123695], 1
3, 11, [11], [3], [33.079216], 1

2, 14, [14], [2], [33.066673], 1
2, 13, [13], [2], [33.11238], 1
5, 2, [ 2 11  8], [5 7 5], [22.616138 15.929787 33.11006 ], 3
6, 13, [13], [6], [33.17146], 1
5, 8, [8], [5], [33.11177], 1
12, 3, [3], [12], [33.033672], 1
12, 8, [8], [12], [33.093872], 1
1, 8, [8], [1], [33.116547], 1
11, 11, [11], [11], [33.065277], 1
1, 15, [15], [1], [33.06346], 1
7, 9, [ 9  8 16], [6 0 7], [-20.366913  15.974707  33.128162], 3
1, 1, [1], [1], [33.033005], 1
4, 11, [11], [4], [33.088608], 1
12, 5, [5], [12], [33.032825], 1
3, 9, [ 9 13], [3 3], [32.907497 33.098896], 2
10, 10, [10], [10], [33.08122], 1
9, 15, [15  8], [11  9], [-10.053856  33.086597], 2
3, 7, [7], [3], [33.096107], 1
1, 4, [4], [1], [33.055046], 1
5, 4, [4 8], [5 5], [32.92286 33.10979], 2
0, 14, [14], [0], [33.06468], 1
0, 4, [ 4 16], [5 0], [-10.045149  33.163185], 2
3, 8, [8], [3], [33.1396], 1
2, 14, [14], [2], [33.066666], 1
2, 9, [ 9 12 16], [6 6 2], [-20.390003  15.936465  33.145214], 3
8, 2, [ 2 13], [8 8], [32.924458 33.10835 ], 2
0, 4, [ 4 15 16  5  1  8], [5 5 3 7 7 0], [-37.195976  -12.0877695 -13.60251    -9.627729    3.8972569  33.101707 ], 6
6, 9, [ 9 14], [6 6], [32.892952 33.074905], 2
0, 16, [16 14], [0 0], [32.99455  33.064632], 2
8, 15, [15 16], [8 8], [32.971325 33.135216], 2
5, 4, [ 4  5 11 16], [6 6 7 5], [-28.021095   3.202301  11.94961   33.1431  ], 4
12, 13, [13], [12], [33.095955], 1

7, 3, [ 3 13  6  8], [0 0 7 7], [-23.319262  11.089632  24.987764  33.09285 ], 4
1, 2, [2], [1], [33.06109], 1
4, 1, [ 1 15 10 15 11], [4 8 4 8 4], [14.245885  2.015254  9.869553  7.944875 33.085587], 5
6, 15, [15  4 16], [5 6 6], [-12.560169  28.940708  33.139427], 3
10, 12, [12], [10], [33.076485], 1
6, 1, [1 7], [2 6], [-10.122503  33.07349 ], 2
1, 6, [6], [1], [33.09197], 1
1, 3, [3], [1], [33.023304], 1
2, 3, [3 6], [6 2], [-10.094032  33.131996], 2
2, 3, [3 8], [2 2], [32.896072 33.118195], 2
8, 10, [10 15  6], [8 8 8], [30.485374 28.973608 33.134186], 3
9, 13, [13], [9], [33.096348], 1
9, 6, [6], [9], [33.109604], 1
2, 7, [7], [2], [33.07752], 1
8, 10, [10], [8], [33.09584], 1
7, 4, [4 7 6 1 5 6 4], [5 7 7 7 7 7 5], [-25.158916    7.9734597  -1.8444829 -11.62756   -21.105076  -30.23218
 -38.940388 ], 7
3, 3, [3 1 6], [6 2 3], [-20.431026  15.904892  33.118355], 3
0, 7, [7], [0], [33.081337], 1
10, 4, [4], [10], [33.069828], 1
7, 2, [ 2  7 11], [7 5 7], [22.635965 15.92507  33.063522], 3
6, 7, [7], [6], [33.073498], 1
7, 15, [15 11], [5 7], [-10.0907345  33.063095 ], 2
4, 10, [10  8], [4 4], [32.969902 33.10788 ], 2
8, 14, [14], [8], [33.064865], 1
5, 14, [14], [5], [33.063545], 1
7, 14, [14  9 16], [7 7 7], [30.416477 28.92663  33.129025], 3
4, 4, [ 4 13], [4 4], [32.917583 33.10487 ], 2
8, 3, [ 3 12 13], [4 4 8], [-20.424408  15.915609  33.108   ], 3
5, 4, [ 4 16], [6 5], [-10.056742  33.142822], 2
11, 6, [6], [11], [33.116623], 1
4, 5, [ 5 15  6], [8 8 4], [-20.379333  15.982088  33.148525], 3
1, 13, [13], [1], [33.111862], 1

12, 13, [13], [12], [33.095955], 1
4, 16, [16], [4], [33.164482], 1
1, 2, [2], [1], [33.06109], 1
9, 9, [9], [9], [33.06343], 1
0, 6, [6], [0], [33.12958], 1
5, 11, [11  7  6], [7 5 5], [-12.557911  28.964367  33.125443], 3
5, 14, [14], [5], [33.06347], 1
3, 11, [11], [3], [33.079067], 1
9, 1, [1], [9], [33.04568], 1
10, 14, [14], [10], [33.065292], 1
9, 6, [6], [9], [33.109795], 1
3, 1, [1], [3], [33.03484], 1
0, 6, [6], [0], [33.129578], 1
4, 10, [10 11], [4 4], [32.95732 33.08596], 2
12, 9, [9], [12], [33.0522], 1
3, 6, [ 6 13], [3 3], [32.9816   33.098896], 2
10, 12, [12], [10], [33.077034], 1
0, 13, [13], [0], [33.097702], 1
4, 11, [11], [4], [33.086624], 1
12, 8, [8], [12], [33.093872], 1
1, 11, [11], [1], [33.101078], 1
8, 10, [10 14 11], [4 8 8], [-12.553249  28.90536   33.068924], 3
2, 9, [ 9 16], [6 2], [-10.064701  33.14523 ], 2
12, 13, [13], [12], [33.09596], 1
6, 15, [15  8], [5 6], [-10.057175  33.118412], 2
10, 2, [2], [10], [33.060917], 1
1, 14, [14], [1], [33.076817], 1
4, 1, [ 1 12], [8 4], [-10.136135  33.044643], 2
7, 2, [ 2 13 16  9  7 16 13], [5 0 0 5 0 0 0], [-43.107605 -21.956804 -30.089819 -37.055374 -41.840553 -43.19834
 -38.902912], 7
0, 12, [12  8], [7 0], [-10.0895195  33.10182  ], 2
6, 12, [12  3  7], [5 6 6], [-12.628698  28.870377  33.073524], 3
5, 13, [13], [5], [33.118538], 1

12, 6, [6], [12], [33.12047], 1
12, 7, [7], [12], [33.069836], 1
6, 3, [ 3 13], [6 6], [32.928894 33.170708], 2
6, 6, [6], [6], [33.127846], 1
3, 3, [ 3 11], [12  3], [-10.124554  33.079025], 2
3, 9, [ 9 11], [6 3], [-10.104321  33.079136], 2
6, 14, [14], [6], [33.073586], 1
7, 8, [ 8 16 15  9 13 14 12], [ 0 10  5  5  0  7  5], [-42.08039  -20.293987 -27.364973 -32.404713 -34.088963 -30.309574
 -38.952717], 7
8, 8, [8], [8], [33.089542], 1
4, 4, [4 6], [8 4], [-10.049696  33.148582], 2
3, 2, [2], [3], [33.058365], 1
1, 9, [9], [1], [33.046154], 1
2, 7, [7], [2], [33.0775], 1
7, 1, [ 1 11 16], [7 0 7], [22.613846 15.965675 33.126682], 3
0, 5, [5 6], [5 0], [-10.090998  33.129997], 2
9, 10, [10], [9], [33.090183], 1
12, 12, [12], [12], [33.061554], 1
5, 6, [ 6 16], [5 5], [33.012993 33.141808], 2
12, 2, [2], [12], [33.060783], 1
12, 12, [12], [12], [33.061554], 1
1, 10, [10], [1], [33.111275], 1
10, 14, [14], [10], [33.065292], 1
3, 4, [ 4 14], [6 3], [-10.102774  33.06563 ], 2
4, 2, [2], [4], [33.060493], 1
7, 12, [12 11 16], [0 5 7], [-20.38342   15.946066  33.12324 ], 3
3, 9, [ 9 11], [5 3], [-10.098486  33.079132], 2
1, 2, [2], [1], [33.06109], 1
11, 16, [16], [11], [33.12248], 1
12, 9, [9], [12], [33.0522], 1
5, 13, [13], [5], [33.112778], 1
3, 14, [14], [3], [33.065628], 1
6, 5, [ 5  4 11], [6 6 6], [30.37469  28.904156 33.07793 ], 3

11, 8, [8], [11], [33.08631], 1
11, 13, [13], [11], [33.096333], 1
11, 6, [6], [11], [33.116623], 1
1, 13, [13], [1], [33.111866], 1
7, 4, [ 4 16], [6 7], [-10.0660305  33.12816  ], 2
11, 6, [6], [11], [33.11664], 1
0, 1, [1 8], [6 0], [-10.1044445  33.10182  ], 2
7, 15, [15 12  1  4 13 11 14], [5 6 7 6 0 0 7], [-37.88442  -13.262379 -15.518267 -34.25451  -37.187214 -35.473328
 -25.93832 ], 7
1, 13, [13], [1], [33.111874], 1
12, 7, [7], [12], [33.069836], 1
0, 9, [9 7], [6 0], [-10.101898  33.08314 ], 2
11, 12, [12], [11], [33.0511], 1
4, 2, [2], [4], [33.06048], 1
10, 4, [4], [10], [33.070137], 1
10, 16, [16 14], [10 10], [32.963116 33.065346], 2
5, 8, [8], [5], [33.113266], 1
7, 6, [ 6 15 11 16], [0 5 5 7], [-27.921398    3.2468593  11.945965   33.123238 ], 4
12, 3, [3], [12], [33.033737], 1
4, 10, [10 14], [4 4], [32.943375 33.062386], 2
8, 6, [6], [8], [33.13128], 1
3, 8, [8], [3], [33.13996], 1
12, 14, [14], [12], [33.053223], 1
2, 8, [8], [2], [33.118122], 1
0, 1, [ 1 13], [7 0], [-10.104439  33.101696], 2
11, 5, [ 5 16], [12 11], [-10.093939  33.122417], 2
6, 2, [2], [6], [33.093414], 1
12, 13, [13], [12], [33.09594], 1
10, 2, [2], [10], [33.060913], 1
11, 3, [3], [11], [33.031128], 1
11, 10, [10], [11], [33.08988], 1
2, 5, [5 7], [5 2], [-10.121807  33.07751 ], 2
8, 5, [5 8], [4 8], [-10.114162  33.091064], 2

10, 11, [11], [10], [33.055862], 1
5, 12, [12  1], [9 5], [-10.125704  33.032406], 2
12, 13, [13], [12], [33.095955], 1
3, 2, [2], [3], [33.05828], 1
4, 13, [13], [4], [33.104862], 1
11, 12, [12], [11], [33.05123], 1
8, 9, [ 9 15 10 14 10  6], [8 8 8 4 8 8], [19.961443  11.521294   4.0537443 -1.7478676 16.981363  33.131496 ], 6
8, 16, [16  7 11 14], [4 8 8 8], [-15.415088  24.02643   24.909191  33.065334], 4
7, 5, [ 5  2 11], [6 7 7], [-12.616251  28.919037  33.063522], 3
4, 13, [13], [4], [33.104866], 1
5, 11, [11  8], [6 5], [-10.048771  33.115852], 2
10, 2, [2], [10], [33.060913], 1
12, 12, [12], [12], [33.06156], 1
5, 13, [13], [5], [33.114956], 1
9, 14, [14], [9], [33.06629], 1
5, 7, [ 7  6 13  6  5  6  7], [7 7 0 7 0 7 7], [-43.078217 -21.933287 -30.106937 -37.007736 -41.89769  -43.22007
 -38.918243], 7
12, 14, [14], [12], [33.053223], 1
12, 4, [4], [12], [33.05935], 1
4, 5, [ 5 11], [8 4], [-10.114756  33.08882 ], 2
12, 3, [3], [12], [33.033665], 1
10, 14, [14], [10], [33.065342], 1
7, 13, [13 14  2 10  2 10 15], [0 7 5 7 5 7 5], [-31.504557  -2.669406 -19.550426 -19.362514 -34.092888 -30.26662
 -38.933067], 7
12, 13, [13], [12], [33.095955], 1
2, 5, [5 9 6], [5 6 2], [-20.412899  15.927335  33.132027], 3
9, 16, [16], [9], [33.12396], 1
9, 4, [4], [9], [33.07322], 1
8, 12, [12  6], [4 8], [-10.069    33.13365], 2
0, 15, [15  9  6], [5 5 0], [-20.371944  15.925215  33.12966 ], 3
9, 5, [ 5 10 16], [11  9  9], [-12.588959  28.96436   33.12377 ], 3
12, 3, [3], [12], [33.033623], 1
10, 1, [1], [10], [33.03933], 1
1, 3, [3], [1], [33.0233], 1

4, 10, [10 15  4], [4 4 4], [30.458038 28.921165 33.054554], 3
8, 3, [ 3 10], [8 8], [32.88407  33.096043], 2
12, 14, [14], [12], [33.05322], 1
12, 11, [11], [12], [33.0617], 1
3, 8, [8], [3], [33.139446], 1
2, 14, [14], [2], [33.066666], 1
5, 2, [ 2 16 13], [5 9 5], [22.659615 16.00032  33.118595], 3
8, 6, [6], [8], [33.13354], 1
4, 1, [1 7], [4 4], [32.88641 33.08262], 2
0, 5, [ 5 14], [0 0], [32.872837 33.067215], 2
11, 8, [8], [11], [33.086304], 1
12, 14, [14], [12], [33.053223], 1
7, 14, [14 11], [7 7], [32.89858 33.06271], 2
2, 12, [12], [2], [33.054405], 1
11, 1, [1], [11], [33.03996], 1
4, 8, [8], [4], [33.10404], 1
0, 7, [7], [0], [33.080696], 1
12, 2, [2], [12], [33.060734], 1
11, 3, [3], [11], [33.03116], 1
8, 12, [12  8  4 14], [8 8 4 8], [22.79189  16.234314 11.898305 33.06501 ], 4
8, 9, [ 9 11], [8 8], [32.88867  33.063423], 2
6, 13, [13], [6], [33.168644], 1
12, 11, [11], [12], [33.0617], 1
6, 1, [ 1 11], [2 6], [-10.119827  33.07793 ], 2
3, 7, [7], [3], [33.096054], 1
1, 3, [3], [1], [33.023304], 1
9, 11, [11], [9], [33.055275], 1
12, 1, [1], [12], [33.03992], 1
1, 8, [8], [1], [33.116554], 1
8, 8, [8], [8], [33.091934], 1
6, 11, [11], [6], [33.07806], 1
4, 14, [14], [4], [33.062332], 1

0, 5, [ 5 13], [7 0], [-10.108713  33.097927], 2
10, 15, [15], [10], [33.083645], 1
4, 15, [15 12], [8 4], [-10.084089  33.044643], 2
12, 5, [5], [12], [33.032825], 1
11, 4, [4 3], [11 11], [32.89586  33.031242], 2
6, 7, [ 7 13], [5 6], [-10.01248   33.168846], 2
5, 9, [ 9 11], [5 5], [32.89486 33.07921], 2
4, 6, [6], [4], [33.146084], 1
2, 11, [11], [2], [33.05714], 1
1, 3, [3], [1], [33.023304], 1
8, 12, [12 11  8], [8 8 8], [30.405914 28.924461 33.090782], 3
5, 12, [12], [5], [33.045612], 1
9, 6, [6], [9], [33.108902], 1
4, 4, [ 4 11], [8 4], [-10.085291  33.08564 ], 2
7, 9, [ 9  4  8 16], [5 6 0 7], [-28.007055    3.2419333  11.974768   33.126842 ], 4
4, 5, [ 5 12  2], [8 4 4], [-12.635723  28.887173  33.060184], 3
9, 15, [15], [9], [33.07656], 1
8, 8, [ 8 12  6  8  4 10], [8 8 4 8 4 8], [16.442184   5.5780897 -5.7886834  3.4445076  3.9152937 33.093323 ], 6
7, 3, [ 3  4  6  1 10  5  7], [6 6 0 7 5 0 0], [-40.379128 -17.342098 -22.3332   -24.105103 -41.90149  -43.31818
 -38.921215], 7
0, 13, [13], [0], [33.09793], 1
2, 13, [13], [2], [33.112377], 1
12, 6, [6], [12], [33.12047], 1
3, 6, [6], [3], [33.11809], 1
8, 9, [ 9  8 16], [8 8 8], [30.434746 28.976469 33.135227], 3
12, 5, [5], [12], [33.03282], 1
4, 7, [7], [4], [33.082607], 1
9, 10, [10 12], [9 9], [32.924713 33.057697], 2
6, 7, [7], [6], [33.073532], 1
8, 1, [ 1 10  3 16], [8 4 4 8], [14.987809   3.2490208 11.909143  33.138195 ], 4
4, 3, [ 3 16], [8 4], [-10.074568  33.164516], 2
11, 14, [14], [11], [33.053825], 1
1, 5, [5], [1], [33.02552], 1

2, 13, [13], [2], [33.11238], 1
4, 4, [ 4 10  3 16], [8 4 4 4], [-15.502293  24.06263   24.933334  33.17892 ], 4
3, 7, [7], [3], [33.0963], 1
12, 11, [11], [12], [33.0617], 1
12, 13, [13], [12], [33.09595], 1
6, 16, [16], [6], [33.13742], 1
4, 13, [13], [4], [33.104862], 1
1, 10, [10], [1], [33.11126], 1
9, 15, [15], [9], [33.07749], 1
1, 5, [5], [1], [33.025524], 1
8, 14, [14], [8], [33.065292], 1
11, 13, [13], [11], [33.09633], 1
2, 10, [10], [2], [33.078163], 1
0, 2, [2], [0], [33.121445], 1
10, 15, [15], [10], [33.08308], 1
4, 9, [9 2], [8 4], [-10.1147785  33.060467 ], 2
5, 2, [2], [5], [33.057384], 1
2, 7, [7], [2], [33.077526], 1
8, 1, [ 1 11  6  2], [4 8 4 8], [-20.209095  16.257854  11.98014   33.059162], 4
10, 15, [15], [10], [33.082375], 1
1, 1, [1], [1], [33.033005], 1
11, 9, [9], [11], [33.056984], 1
11, 11, [11], [11], [33.065285], 1
5, 9, [ 9 14], [9 5], [-10.100359  33.063423], 2
8, 9, [ 9 12], [8 8], [32.88221  33.055458], 2
0, 1, [1 6], [2 0], [-10.087868  33.129997], 2
5, 15, [15], [5], [33.066025], 1
1, 14, [14], [1], [33.076805], 1
11, 8, [8], [11], [33.086315], 1
5, 11, [11], [5], [33.078354], 1
1, 2, [2], [1], [33.061085], 1
9, 5, [5], [9], [33.031982], 1

5, 16, [16  4], [9 5], [-10.038555  33.053802], 2
1, 1, [1], [1], [33.033005], 1
12, 11, [11], [12], [33.0617], 1
1, 6, [6], [1], [33.091896], 1
7, 9, [ 9 16], [6 7], [-10.074892  33.127907], 2
12, 4, [4], [12], [33.059338], 1
11, 2, [2], [11], [33.061825], 1
8, 1, [1 7], [6 8], [-10.118486  33.07983 ], 2
10, 16, [16  9], [10 10], [32.957024 33.055435], 2
3, 11, [11], [3], [33.07908], 1
1, 7, [7], [1], [33.078766], 1
3, 10, [10], [3], [33.079025], 1
3, 13, [13], [3], [33.098953], 1
4, 8, [8], [4], [33.108036], 1
5, 11, [11], [5], [33.0785], 1
0, 15, [15 11], [5 0], [-10.07048  33.09297], 2
4, 10, [10 13], [4 4], [32.96823  33.104847], 2
10, 8, [8], [10], [33.08598], 1
2, 4, [ 4  5 10], [5 7 2], [-20.415665  15.879433  33.078117], 3
8, 13, [13], [8], [33.107952], 1
2, 12, [12 14], [0 2], [-10.111055  33.06668 ], 2
2, 2, [2], [2], [33.0628], 1
12, 10, [10], [12], [33.08586], 1
12, 9, [9], [12], [33.0522], 1
7, 8, [ 8 10 13  1 14], [7 5 0 7 7], [12.409253  -1.1391101  4.6208434 20.872192  33.058865 ], 5
12, 13, [13], [12], [33.09595], 1
12, 9, [9], [12], [33.052254], 1
12, 5, [5], [12], [33.032825], 1
11, 15, [15 13], [ 9 11], [-10.05872   33.096306], 2
10, 6, [6], [10], [33.122814], 1
5, 16, [16  8], [9 5], [-10.004494  33.116253], 2
12, 4, [4], [12], [33.059326], 1

9, 8, [8], [9], [33.08669], 1
2, 1, [ 1  5 11], [2 5 2], [22.552174 15.865015 33.057194], 3
9, 6, [6], [9], [33.110218], 1
4, 9, [9 4 7], [8 8 4], [-20.404713  15.90972   33.08262 ], 3
4, 6, [6], [4], [33.146248], 1
6, 5, [ 5 16], [0 6], [-10.083687  33.13956 ], 2
1, 4, [4], [1], [33.05508], 1
8, 15, [15 12  6], [8 4 8], [22.647041 15.929989 33.131496], 3
7, 2, [ 2 16], [7 7], [32.940266 33.12799 ], 2
7, 16, [16 11], [7 7], [32.964813 33.063217], 2
2, 9, [9 7], [6 2], [-10.105236  33.07751 ], 2
9, 6, [6], [9], [33.10881], 1
7, 6, [ 6 13  6 11], [0 0 0 7], [-27.903769    3.2779245  11.966977   33.06211  ], 4
6, 3, [ 3 12  8], [3 0 6], [-20.421257  15.920788  33.118618], 3
1, 8, [8], [1], [33.116592], 1
9, 15, [15  7], [11  9], [-10.065805  33.072823], 2
12, 13, [13], [12], [33.095947], 1
12, 14, [14], [12], [33.053226], 1
9, 4, [4], [9], [33.073326], 1
7, 1, [1 8], [2 7], [-10.110128  33.093277], 2
12, 1, [1], [12], [33.039917], 1
3, 2, [2], [3], [33.058334], 1
9, 13, [13], [9], [33.096344], 1
5, 1, [ 1 12], [7 5], [-10.139448  33.04341 ], 2
6, 12, [12 13], [6 6], [32.950752 33.168793], 2
4, 12, [12  6], [4 4], [32.939697 33.148525], 2
3, 4, [4 1 9 8], [6 2 3 3], [-23.346708  10.992972  24.931732  33.139977], 4
10, 10, [10], [10], [33.081234], 1
2, 8, [8], [2], [33.11798], 1
1, 11, [11], [1], [33.101067], 1
12, 1, [1], [12], [33.039917], 1
1, 3, [3], [1], [33.0233], 1

9, 11, [11], [9], [33.055466], 1
5, 4, [ 4  7 11], [6 5 5], [-12.58301   28.933212  33.079407], 3
0, 6, [6], [0], [33.12944], 1
12, 4, [4], [12], [33.059338], 1
9, 7, [7], [9], [33.07288], 1
7, 12, [12 14 11], [7 5 7], [22.588963 15.899302 33.064247], 3
6, 14, [14], [6], [33.074066], 1
3, 16, [16  7], [2 3], [-9.992769 33.096542], 2
5, 13, [13], [5], [33.111794], 1
5, 14, [14], [5], [33.063057], 1
9, 12, [12], [9], [33.05739], 1
8, 4, [ 4 14], [4 8], [-10.101694  33.06501 ], 2
3, 9, [ 9 11], [6 3], [-10.104326  33.079155], 2
6, 7, [7], [6], [33.07239], 1
12, 4, [4], [12], [33.05932], 1
3, 4, [ 4 10], [5 3], [-10.096514  33.078842], 2
3, 16, [16], [3], [33.17665], 1
12, 6, [6], [12], [33.12047], 1
9, 8, [8], [9], [33.08673], 1
12, 15, [15], [12], [33.090508], 1
7, 16, [16 15 11], [0 5 7], [-20.31105   15.904606  33.06271 ], 3
2, 1, [1 6], [2 2], [32.912605 33.13215 ], 2
4, 15, [15 11], [4 4], [32.935257 33.089035], 2
9, 4, [4 6], [9 9], [32.94108 33.10876], 2
8, 6, [ 6  8 15  7], [4 8 8 8], [-15.420316  24.058455  24.938538  33.08038 ], 4
2, 11, [11], [2], [33.057213], 1
11, 13, [13], [11], [33.096336], 1
2, 7, [7], [2], [33.0775], 1
10, 12, [12], [10], [33.076294], 1
5, 9, [9], [5], [33.04745], 1
11, 5, [5 1], [ 9 11], [-10.144268  33.039467], 2
10, 6, [6], [10], [33.121124], 1

6, 6, [6], [6], [33.1279], 1
2, 1, [ 1 12  9 10  8], [2 0 6 2 2], [12.325823  -1.1797092  4.618925  20.95134   33.118057 ], 5
4, 16, [16], [4], [33.1719], 1
11, 4, [4], [11], [33.077637], 1
6, 9, [ 9  3 13], [6 3 6], [22.60505  15.927868 33.171604], 3
7, 5, [ 5 15  8 11  2 15  7], [0 5 0 0 7 7 0], [-40.471878 -17.507412 -22.634037 -24.550453 -21.066862 -30.245564
 -38.922455], 7
10, 4, [4], [10], [33.06983], 1
12, 11, [11], [12], [33.0617], 1
4, 9, [ 9 11], [8 4], [-10.099457  33.08596 ], 2
0, 7, [7], [0], [33.0809], 1
11, 9, [9], [11], [33.05742], 1
11, 7, [7], [11], [33.072678], 1
8, 11, [11], [8], [33.06343], 1
12, 12, [12], [12], [33.061554], 1
2, 16, [16], [2], [33.14459], 1
4, 5, [ 5  9 10 14], [8 8 4 4], [-23.360935  11.012896  24.939999  33.062286], 4
3, 5, [ 5 11], [0 3], [-10.120052  33.079304], 2
2, 14, [14], [2], [33.066666], 1
11, 14, [14], [11], [33.053722], 1
8, 16, [16], [8], [33.138187], 1
6, 2, [2], [6], [33.09348], 1
8, 7, [7 2], [4 8], [-10.082272  33.059128], 2
11, 6, [6], [11], [33.11663], 1
10, 6, [ 6 15], [ 9 10], [-10.037256  33.082317], 2
12, 9, [9], [12], [33.052258], 1
3, 2, [2], [3], [33.05803], 1
7, 1, [ 1 16], [2 7], [-10.088108  33.12917 ], 2
10, 10, [10], [10], [33.081238], 1
1, 12, [12], [1], [33.04313], 1
12, 6, [6], [12], [33.12047], 1
10, 5, [5], [10], [33.03166], 1
3, 5, [ 5 10], [5 3], [-10.122576  33.078964], 2

12, 13, [13], [12], [33.095947], 1
1, 9, [9], [1], [33.046032], 1
5, 13, [13  6  7  2], [0 7 7 5], [-27.929592    3.2857     11.9247055  33.071583 ], 4
4, 12, [12 13], [4 4], [32.910435 33.10485 ], 2
5, 3, [ 3 16 15  8], [5 9 5 5], [19.676523 11.0869   24.935074 33.116592], 4
6, 2, [2], [6], [33.093357], 1
6, 16, [16 12  2], [6 0 6], [22.674791 15.901958 33.094723], 3
4, 11, [11], [4], [33.085968], 1
12, 9, [9], [12], [33.052307], 1
12, 16, [16], [12], [33.126545], 1
0, 14, [14], [0], [33.0663], 1
8, 7, [7 3 6], [4 8 8], [-12.574816  28.905602  33.131496], 3
4, 15, [15 12  4 13], [8 4 8 4], [-20.183235  16.20632   11.926233  33.104847], 4
6, 15, [15  8], [5 6], [-10.055893  33.118176], 2
12, 7, [7], [12], [33.069836], 1
10, 2, [2], [10], [33.06091], 1
0, 15, [15 11], [6 0], [-10.066988  33.092136], 2
9, 14, [14], [9], [33.065845], 1
0, 5, [5 3 6], [0 6 0], [22.574545 15.904205 33.129673], 3
12, 16, [16], [12], [33.126556], 1
12, 7, [7], [12], [33.069836], 1
3, 14, [14], [3], [33.06565], 1
3, 6, [6], [3], [33.118282], 1
2, 14, [14], [2], [33.06668], 1
10, 5, [5], [10], [33.03166], 1
9, 10, [10 15 16], [ 9 11  9], [22.671185 15.968448 33.123768], 3
8, 9, [ 9 16 11  9 14], [8 4 8 8 8], [17.087553   6.7308226 17.602947  20.88826   33.065334 ], 5
9, 14, [14 13], [9 9], [32.923447 33.096317], 2
11, 2, [2], [11], [33.061806], 1
11, 11, [11], [11], [33.06526], 1
11, 3, [3], [11], [33.03121], 1
8, 13, [13], [8], [33.108135], 1

7, 8, [ 8  7  2 13  2 16], [7 7 7 0 7 7], [19.987217 11.491218  4.018447 -1.738965 16.940105 33.130463], 6
8, 13, [13  4  5  1  8], [8 8 8 8 8], [24.868155 19.601175 17.56791  20.893673 33.091972], 5
10, 12, [12], [10], [33.077], 1
11, 3, [3], [11], [33.03112], 1
7, 6, [ 6 11], [7 7], [32.969585 33.062775], 2
10, 13, [13], [10], [33.097404], 1
6, 2, [2], [6], [33.09331], 1
9, 8, [8], [9], [33.08669], 1
3, 3, [ 3 16  8], [3 2 3], [22.64693  16.032717 33.14006 ], 3
5, 3, [3 7 6], [7 5 5], [-12.595032  28.963608  33.125633], 3
10, 3, [3], [10], [33.02893], 1
12, 4, [4], [12], [33.059322], 1
6, 13, [13], [6], [33.17095], 1
4, 9, [ 9 16], [8 4], [-10.052616  33.164516], 2
12, 2, [2], [12], [33.060783], 1
12, 15, [15], [12], [33.090508], 1
5, 15, [15 16], [5 5], [32.95876 33.14309], 2
6, 12, [12  8  7], [6 2 6], [22.625969 15.960882 33.072163], 3
7, 15, [15  6 15 14], [5 0 7 7], [-23.269344  11.095216  24.942509  33.05807 ], 4
8, 2, [2], [8], [33.05922], 1
1, 12, [12], [1], [33.04313], 1
6, 12, [12 10 16], [0 6 6], [-12.569319  28.969616  33.141293], 3
11, 15, [15  6], [11 11], [32.96386 33.11659], 2
5, 8, [ 8 10 15], [5 9 5], [22.661911 15.926224 33.064148], 3
2, 3, [3 8], [6 2], [-10.10321   33.118065], 2
12, 2, [2], [12], [33.060783], 1
2, 6, [6], [2], [33.132103], 1
8, 10, [10 15  7 16 14], [4 8 8 4 8], [-20.877728  15.020393   9.885868   8.008255  33.065334], 5
12, 16, [16], [12], [33.127964], 1
12, 7, [7], [12], [33.069836], 1
12, 12, [12], [12], [33.061546], 1
2, 14, [14], [2], [33.066673], 1

6, 14, [14  8], [6 6], [32.94127 33.11877], 2
8, 4, [ 4 15  7 12 11], [4 8 8 4 8], [-20.95226   14.980797   9.812836   7.886712  33.06353 ], 5
10, 6, [6], [10], [33.121834], 1
12, 10, [10], [12], [33.085857], 1
8, 2, [2], [8], [33.059364], 1
0, 7, [7], [0], [33.082596], 1
2, 2, [2], [2], [33.062763], 1
12, 2, [2], [12], [33.06078], 1
12, 7, [7], [12], [33.069836], 1
1, 16, [16], [1], [33.175014], 1
6, 4, [ 4 16], [5 6], [-10.058992  33.140053], 2
6, 10, [10 16], [6 6], [32.96869 33.13956], 2
2, 15, [15 16], [2 2], [32.95572 33.14502], 2
0, 13, [13], [0], [33.09887], 1
6, 10, [10  2], [6 6], [32.942757 33.094776], 2
7, 1, [ 1 15 11], [2 5 7], [-20.420574  15.909412  33.0632  ], 3
3, 15, [15 11], [3 3], [32.915558 33.079304], 2
12, 4, [4], [12], [33.059322], 1
3, 4, [ 4 14], [6 3], [-10.102989  33.06563 ], 2
12, 11, [11], [12], [33.0617], 1
11, 16, [16], [11], [33.12298], 1
5, 4, [4 6], [6 5], [-10.067217  33.125565], 2
0, 13, [13], [0], [33.099506], 1
9, 11, [11], [9], [33.0556], 1
10, 5, [5], [10], [33.031654], 1
3, 10, [10], [3], [33.0803], 1
7, 1, [ 1  6  2  6  7 13 12], [2 0 5 0 5 0 0], [-43.137585 -21.953196 -30.13979  -36.996212 -41.878094 -43.273045
 -38.95095 ], 7
7, 14, [14  7  2  5 13 15  2], [5 7 7 7 0 5 7], [-27.265957    4.4553356  -7.708023  -21.283081  -37.19552   -35.48748
 -25.938175 ], 7
0, 11, [11], [0], [33.09168], 1
7, 16, [16  8  9 15  1 13  6], [7 0 0 7 7 0 7], [ 7.7761173e+00 -8.9154730e+00 -8.3564758e+00 -6.7760217e-01
 -2.9759347e+00 -2.2123337e-02  3.3133682e+01], 7
4, 14, [14], [4], [33.062294], 1
10, 12, [12], [10], [33.077187], 1

12, 7, [7], [12], [33.06983], 1
4, 8, [ 8 16], [1 4], [-9.978395 33.180683], 2
10, 16, [16 15], [ 7 10], [-10.021757  33.082054], 2
7, 6, [ 6 13  6 11  3 11 16], [0 0 0 0 0 0 7], [-3.9691353e+01 -1.6366739e+01 -2.0772537e+01 -2.1503998e+01
 -1.5989438e+01 -3.4324646e-02  3.3126682e+01], 7
8, 11, [11 12], [8 8], [32.903046 33.055458], 2
11, 8, [8], [11], [33.08631], 1
1, 10, [10], [1], [33.111275], 1
7, 11, [11], [7], [33.062458], 1
9, 2, [2], [9], [33.060818], 1
4, 7, [7], [4], [33.082603], 1
0, 6, [6], [0], [33.129707], 1
9, 7, [7], [9], [33.07288], 1
11, 12, [12], [11], [33.051105], 1
12, 7, [7], [12], [33.069836], 1
6, 1, [ 1 14], [0 6], [-10.120356  33.074768], 2
5, 10, [10 14  5  7], [6 5 7 5], [-20.195936  16.195488  11.889353  33.0918  ], 4
2, 10, [10 16], [2 2], [32.967625 33.1452  ], 2
0, 11, [11], [0], [33.092117], 1
0, 2, [2], [0], [33.108433], 1
5, 5, [ 5 16], [7 5], [-10.081551  33.14313 ], 2
6, 7, [7], [6], [33.072567], 1
10, 13, [13], [10], [33.097427], 1
0, 11, [11], [0], [33.092068], 1
1, 13, [13], [1], [33.11187], 1
12, 1, [1], [12], [33.039913], 1
6, 2, [2], [6], [33.091984], 1
11, 4, [4], [11], [33.078327], 1
3, 16, [16], [3], [33.17914], 1
2, 4, [ 4 10  4  8], [5 5 5 2], [-27.997993    3.2421944  11.92753    33.118065 ], 4
12, 5, [5], [12], [33.032837], 1
1, 7, [7], [1], [33.078777], 1
3, 13, [13], [3], [33.098938], 1

10, 15, [15  1], [11 10], [-10.074219  33.039223], 2
10, 7, [7], [10], [33.073845], 1
0, 1, [ 1 11], [7 0], [-10.109859  33.092735], 2
8, 5, [5], [8], [33.03344], 1
9, 2, [2], [9], [33.060833], 1
2, 12, [12  7], [6 2], [-10.104055  33.077526], 2
12, 5, [5], [12], [33.032825], 1
10, 15, [15], [10], [33.082436], 1
3, 14, [14], [3], [33.06566], 1
12, 15, [15], [12], [33.090508], 1
11, 14, [14], [11], [33.053474], 1
8, 8, [ 8 15  6], [4 8 8], [-12.509584  28.973608  33.134186], 3
8, 11, [11], [8], [33.06778], 1
8, 7, [ 7 15 11  6], [8 8 8 8], [27.515797 24.058136 24.948772 33.1313  ], 4
0, 2, [2], [0], [33.12128], 1
4, 3, [ 3 11], [4 4], [32.877274 33.08564 ], 2
9, 7, [7], [9], [33.07278], 1
9, 13, [13], [9], [33.096375], 1
0, 1, [1 7], [7 0], [-10.116907  33.080967], 2
8, 16, [16  6 12], [4 4 8], [-20.243626  15.977916  33.055458], 3
12, 5, [5], [12], [33.032825], 1
12, 14, [14], [12], [33.05322], 1
12, 15, [15], [12], [33.090508], 1
10, 1, [1], [10], [33.03937], 1
2, 1, [1 7], [6 2], [-10.120195  33.07751 ], 2
10, 5, [5], [10], [33.031654], 1
4, 15, [15 10 11], [4 4 4], [30.452394 28.956738 33.08594 ], 3
4, 2, [2], [4], [33.060486], 1
7, 11, [11 16], [0 7], [-10.034325  33.126682], 2
1, 7, [7], [1], [33.078766], 1
7, 7, [ 7 11], [0 7], [-10.083893  33.06275 ], 2
11, 11, [11], [11], [33.06523], 1

5, 6, [ 6 16  6], [5 9 5], [22.723408 16.001846 33.12114 ], 3
6, 1, [ 1 12  1  8], [5 6 5 6], [-20.251213  16.192215  11.90456   33.1185  ], 4
11, 16, [16], [11], [33.12255], 1
10, 3, [3], [10], [33.02894], 1
12, 10, [10], [12], [33.08586], 1
7, 6, [ 6  8  5  7 10  7  3], [0 7 0 5 5 5 0], [-35.283535  -9.023687 -30.194504 -37.047863 -41.889324 -43.29618
 -38.96986 ], 7
3, 12, [12  4 10], [0 5 3], [-20.409145  15.903486  33.078842], 3
11, 16, [16], [11], [33.12268], 1
6, 6, [6 7], [2 6], [-10.028917  33.072163], 2
9, 5, [5], [9], [33.031963], 1
9, 1, [1 3], [11  9], [-10.141027  33.032238], 2
12, 9, [9], [12], [33.0522], 1
6, 5, [ 5 12  8  6], [0 6 2 6], [-20.220264  16.24606   11.994368  33.12797 ], 4
1, 7, [7], [1], [33.078766], 1
5, 2, [2 7 3], [5 5 5], [30.399559 28.901146 33.02341 ], 3
3, 6, [6], [3], [33.118145], 1
5, 15, [15 10 11], [5 6 5], [22.630032 15.932122 33.07921 ], 3
8, 16, [16], [8], [33.13521], 1
1, 9, [9], [1], [33.045975], 1
9, 7, [7], [9], [33.072926], 1
9, 15, [15], [9], [33.07819], 1
12, 7, [7], [12], [33.069836], 1
8, 10, [10], [8], [33.09065], 1
6, 1, [ 1 13], [7 6], [-10.062775  33.17114 ], 2
5, 1, [ 1 14], [6 5], [-10.128344  33.06289 ], 2
2, 11, [11], [2], [33.057198], 1
4, 1, [ 1 14], [4 4], [32.87439  33.062294], 2
2, 12, [12], [2], [33.05486], 1
3, 7, [7], [3], [33.09627], 1
12, 2, [2], [12], [33.060772], 1
12, 3, [3], [12], [33.033722], 1
12, 10, [10], [12], [33.08586], 1

6, 10, [10  7 13], [6 5 6], [22.67736  15.98752  33.168846], 3
2, 15, [15  6], [2 2], [32.94959  33.132175], 2
0, 12, [12 13], [6 0], [-10.091457  33.09881 ], 2
1, 6, [6], [1], [33.091934], 1
8, 12, [12 14  8  9 15  6], [4 4 8 8 8 8], [-28.051334   3.162627  11.832188  11.229433  16.967945  33.131496], 6
3, 1, [ 1 16], [2 3], [-10.058374  33.17949 ], 2
0, 16, [16], [0], [33.161354], 1
0, 10, [10  8], [6 0], [-10.054375  33.101673], 2
12, 14, [14], [12], [33.053223], 1
1, 13, [13], [1], [33.111874], 1
10, 5, [5], [10], [33.031654], 1
12, 7, [7], [12], [33.069836], 1
2, 4, [ 4 16], [2 2], [32.94139  33.145203], 2
11, 14, [14], [11], [33.053734], 1
12, 6, [6], [12], [33.12047], 1
2, 8, [8], [2], [33.117935], 1
1, 6, [6], [1], [33.091896], 1
9, 16, [16], [9], [33.12395], 1
7, 2, [ 2  9 15  4  7 14  3], [7 7 5 2 0 0 0], [  7.631494  -9.05925  -30.179417 -37.093586 -41.912327 -43.31901
 -38.970013], 7
7, 16, [16 11], [10  7], [-10.037552  33.062614], 2
1, 16, [16], [1], [33.175106], 1
0, 9, [9 7], [5 0], [-10.104525  33.080914], 2
10, 3, [3], [10], [33.028934], 1
2, 6, [6], [2], [33.13197], 1
12, 5, [5], [12], [33.03283], 1
0, 9, [ 9 12  7], [6 0 0], [-12.612869  28.898052  33.081413], 3
6, 14, [14], [6], [33.074116], 1
12, 11, [11], [12], [33.0617], 1
12, 14, [14], [12], [33.053234], 1
5, 12, [12], [5], [33.04724], 1
3, 1, [1 8], [2 3], [-10.082447  33.139458], 2
1, 12, [12], [1], [33.043137], 1

7, 10, [10 16], [5 7], [-10.0359535  33.130436 ], 2
4, 13, [13], [4], [33.10486], 1
11, 7, [7], [11], [33.072674], 1
11, 7, [7], [11], [33.07268], 1
0, 2, [2], [0], [33.110474], 1
1, 16, [16], [1], [33.17504], 1
11, 8, [8], [11], [33.086304], 1
6, 4, [4 8], [6 6], [32.928696 33.118412], 2
12, 8, [8], [12], [33.093872], 1
3, 13, [13], [3], [33.09909], 1
2, 8, [8], [2], [33.117947], 1
2, 13, [13], [2], [33.11237], 1
2, 5, [ 5  3 16], [2 2 2], [30.379562 28.912872 33.1452  ], 3
2, 7, [7], [2], [33.077522], 1
1, 16, [16  6], [4 1], [-9.984684 33.091846], 2
6, 16, [16], [6], [33.13748], 1
9, 5, [5], [9], [33.032032], 1
12, 14, [14], [12], [33.053223], 1
8, 6, [6], [8], [33.13098], 1
6, 5, [ 5 14], [7 6], [-10.122711  33.074554], 2
6, 6, [ 6 12 16], [6 6 6], [30.488216 28.933628 33.13878 ], 3
12, 9, [9], [12], [33.0522], 1
10, 8, [ 8 16], [10 10], [32.959137 33.121742], 2
9, 9, [9], [9], [33.063293], 1
3, 6, [6], [3], [33.11806], 1
0, 6, [ 6 11], [0 0], [32.98371  33.091797], 2
6, 7, [7], [6], [33.0723], 1
7, 16, [16 14  4 15 16], [7 5 5 5 7], [ 9.624382  -5.840057  -3.1681662  7.953702  33.130463 ], 5
1, 1, [1], [1], [33.033005], 1
6, 7, [7], [6], [33.07365], 1
6, 11, [11], [6], [33.077675], 1
12, 15, [15], [12], [33.090504], 1

9, 9, [9], [9], [33.063614], 1
10, 16, [16], [10], [33.12268], 1
12, 6, [6], [12], [33.120422], 1
6, 4, [4 8], [6 6], [32.928154 33.1185  ], 2
6, 5, [ 5 13], [5 6], [-10.066229  33.172005], 2
2, 6, [6], [2], [33.132053], 1
10, 13, [13], [10], [33.09743], 1
2, 2, [2], [2], [33.062737], 1
11, 2, [2], [11], [33.061867], 1
6, 9, [9 2], [6 6], [32.904926 33.094322], 2
4, 6, [6], [4], [33.14638], 1
6, 8, [8 4 8 2], [2 5 2 6], [-27.937841   3.240956  11.973358  33.092957], 4
10, 8, [ 8 12], [10 10], [32.934624 33.077187], 2
0, 12, [12  8], [2 0], [-10.08935   33.102043], 2
6, 3, [ 3 13], [6 6], [32.92721  33.168785], 2
4, 14, [14], [4], [33.06225], 1
1, 5, [5], [1], [33.025524], 1
0, 16, [16  8], [0 0], [33.014297 33.10182 ], 2
5, 1, [ 1 15  8], [2 5 5], [-12.602564  28.938705  33.113247], 3
11, 6, [6], [11], [33.116634], 1
12, 7, [7], [12], [33.069836], 1
6, 11, [11], [6], [33.077896], 1
5, 9, [9], [5], [33.048386], 1
6, 4, [ 4 13], [5 6], [-10.04051  33.17114], 2
1, 4, [4], [1], [33.055077], 1
12, 15, [15], [12], [33.090508], 1
10, 1, [1], [10], [33.03923], 1
10, 8, [8], [10], [33.086227], 1
0, 13, [13], [0], [33.101517], 1
7, 11, [11  5], [5 7], [-10.1097145  33.036236 ], 2
12, 2, [2], [12], [33.06074], 1
7, 10, [10  2 15  9 16 13  8], [6 7 5 7 0 0 7], [-29.159191     1.2594666  -13.01263     -8.482276   -15.88446
  -0.04829597  33.091255  ], 7

10, 13, [13], [10], [33.097435], 1
2, 11, [11], [2], [33.0572], 1
12, 7, [7], [12], [33.069836], 1
11, 11, [11], [11], [33.065266], 1
11, 1, [1], [11], [33.03945], 1
9, 16, [16], [9], [33.12434], 1
10, 1, [1], [10], [33.039234], 1
4, 8, [8], [4], [33.108147], 1
0, 3, [ 3 11], [6 0], [-10.118103  33.0927  ], 2
10, 16, [16 10], [ 7 10], [-10.023235  33.081085], 2
10, 12, [12], [10], [33.07624], 1
9, 15, [15], [9], [33.078564], 1
9, 10, [10], [9], [33.090157], 1
7, 5, [ 5 13 16  1  6  8], [0 0 0 7 0 7], [-34.39683    -7.3822536  -5.7986755   3.428012    3.985508   33.091255 ], 6
4, 15, [15  2], [4 4], [32.924713 33.060463], 2
9, 9, [9], [9], [33.063606], 1
7, 15, [15  8 16], [5 0 7], [-20.343647  15.974768  33.126842], 3
3, 12, [12  5 10], [2 5 3], [-20.4238    15.877325  33.07894 ], 3
6, 14, [14], [6], [33.071243], 1
0, 14, [14], [0], [33.06562], 1
3, 7, [7], [3], [33.096275], 1
1, 6, [6], [1], [33.091927], 1
5, 16, [16  9], [9 5], [-10.044479  33.046318], 2
8, 14, [14 10 11], [8 4 8], [22.63094  15.944889 33.068924], 3
12, 9, [9], [12], [33.052204], 1
4, 3, [3 6], [4 4], [32.915417 33.149055], 2
4, 5, [ 5 13], [8 4], [-10.105415  33.10485 ], 2
3, 13, [13], [3], [33.098984], 1
12, 15, [15], [12], [33.090508], 1
12, 2, [2], [12], [33.060776], 1
10, 4, [4], [10], [33.069828], 1
11, 15, [15 12], [10 11], [-10.087141  33.05094 ], 2

0, 3, [ 3 14], [6 0], [-10.132286  33.067215], 2
7, 2, [ 2 11 16], [7 0 7], [22.656857 15.965675 33.126682], 3
6, 2, [2], [6], [33.093876], 1
10, 1, [1], [10], [33.039326], 1
6, 8, [ 8 12 11], [6 6 6], [30.456596 28.897167 33.07801 ], 3
1, 15, [15], [1], [33.06324], 1
2, 12, [12 11], [6 2], [-10.116348  33.057194], 2
9, 7, [7], [9], [33.072815], 1
8, 3, [ 3 16 14  6], [8 4 4 8], [15.018433   3.3195517 11.942213  33.131496 ], 4
2, 12, [12  3 13], [0 2 2], [-12.615475  28.892605  33.112415], 3
7, 2, [ 2 11], [5 7], [-10.104179  33.062965], 2
7, 14, [14  5 16], [7 0 7], [22.606258 15.908947 33.128044], 3
5, 13, [13], [5], [33.11353], 1
12, 16, [16], [12], [33.126564], 1
4, 13, [13], [4], [33.10524], 1
12, 4, [4], [12], [33.059338], 1
7, 4, [ 4 13  6 13 11], [6 0 0 0 7], [-33.403122  -5.767567  -3.107758   7.93474   33.06275 ], 5
10, 3, [3], [10], [33.02893], 1
4, 7, [7], [4], [33.08261], 1
0, 8, [8], [0], [33.101696], 1
2, 3, [3 7], [0 2], [-10.126322  33.077538], 2
3, 5, [ 5 14], [7 3], [-10.12801  33.06569], 2
12, 4, [4], [12], [33.05935], 1
9, 6, [6], [9], [33.109142], 1
12, 14, [14], [12], [33.053223], 1
9, 1, [1], [9], [33.04625], 1
10, 16, [16], [10], [33.122387], 1
0, 16, [16  8], [0 0], [33.02961  33.101658], 2
5, 14, [14  8], [5 5], [32.92744  33.109272], 2
8, 1, [ 1  9 16], [8 8 8], [30.39649  28.93     33.135216], 3
6, 16, [16], [6], [33.139214], 1
12, 4, [4], [12], [33.059334], 1

12, 15, [15], [12], [33.090504], 1
2, 15, [15  8], [2 2], [32.93938 33.11818], 2
1, 6, [6], [1], [33.092003], 1
12, 4, [4], [12], [33.05933], 1
0, 3, [3 7], [6 0], [-10.12479   33.080967], 2
0, 3, [ 3 11], [6 0], [-10.118282  33.090977], 2
3, 1, [1], [3], [33.03475], 1
7, 11, [11], [7], [33.062862], 1
11, 7, [7], [11], [33.072678], 1
8, 1, [ 1 11 12  6], [8 8 4 8], [22.773802 16.227802 11.929989 33.131496], 4
10, 10, [10], [10], [33.081364], 1
10, 8, [8], [10], [33.086], 1
10, 13, [13], [10], [33.097393], 1
5, 3, [ 3  7 11  4 11  8], [6 5 0 5 0 5], [-26.628983    5.575203   -5.855735    3.4311502   3.9550505  33.11579  ], 6
12, 11, [11], [12], [33.0617], 1
0, 15, [15  8], [6 0], [-10.061062  33.10222 ], 2
12, 1, [1], [12], [33.03992], 1
6, 11, [11], [6], [33.077778], 1
9, 5, [5 8], [11  9], [-10.115709  33.08661 ], 2
2, 7, [7], [2], [33.077454], 1
5, 6, [ 6 10 16 13], [5 6 5 5], [19.782402 11.092585 25.013187 33.118553], 4
2, 10, [10  6], [2 2], [32.960884 33.13231 ], 2
0, 2, [2], [0], [33.11054], 1
12, 7, [7], [12], [33.069836], 1
5, 3, [3 7 2], [6 7 5], [-20.418873   15.9247055  33.071583 ], 3
2, 15, [15 14], [5 2], [-10.08675   33.066685], 2
0, 4, [4 9 2], [6 6 0], [-20.38895   15.923139  33.124733], 3
9, 9, [9], [9], [33.062042], 1
10, 11, [11 10], [ 5 10], [-10.085209  33.081123], 2
3, 1, [ 1 16 15  6], [7 2 3 3], [-23.29948   11.110183  24.935839  33.11823 ], 4
1, 12, [12], [1], [33.043133], 1
0, 13, [13], [0], [33.098587], 1

12, 1, [1], [12], [33.039917], 1
10, 7, [7], [10], [33.07384], 1
2, 5, [ 5 11], [2 2], [32.8646  33.05718], 2
3, 6, [6], [3], [33.118126], 1
5, 9, [ 9 13], [5 5], [32.914898 33.112022], 2
4, 12, [12], [4], [33.04462], 1
8, 10, [10  6 10 11 10 13], [4 4 4 8 4 8], [-34.308117   -7.351529   -5.82695     3.450412    3.9677353  33.10822  ], 6
5, 5, [ 5 14], [0 5], [-10.129553  33.063118], 2
0, 11, [11], [0], [33.090744], 1
0, 2, [2], [0], [33.122074], 1
7, 11, [11], [7], [33.063995], 1
11, 2, [2], [11], [33.06183], 1
5, 15, [15 16], [5 5], [32.961216 33.14323 ], 2
9, 3, [ 3 16], [9 9], [32.906254 33.12378 ], 2
1, 7, [7], [1], [33.078766], 1
0, 16, [16], [0], [33.16279], 1
10, 11, [11], [10], [33.05586], 1
0, 3, [ 3 11], [6 0], [-10.117565  33.09297 ], 2
8, 8, [ 8 11  6], [8 8 8], [30.463753 28.948708 33.131496], 3
3, 5, [5], [3], [33.026733], 1
3, 9, [9 7], [6 3], [-10.094027  33.096504], 2
10, 12, [12], [10], [33.076492], 1
7, 9, [ 9  6 11  8  2 12 10], [6 0 0 0 7 7 7], [-39.820206 -16.44702  -20.961468 -21.751884 -16.41278  -22.488762
 -25.898598], 7
12, 16, [16], [12], [33.12658], 1
10, 8, [8], [10], [33.087296], 1
9, 12, [12], [9], [33.05788], 1
5, 7, [7 5 8], [5 5 5], [30.428917 28.901152 33.115746], 3
10, 5, [5], [10], [33.031746], 1
2, 6, [6], [2], [33.13227], 1
4, 2, [2], [4], [33.060486], 1
1, 13, [13], [1], [33.11187], 1
1, 1, [1], [1], [33.033005], 1

9, 13, [13], [9], [33.096344], 1
10, 11, [11], [10], [33.055862], 1
9, 13, [13], [9], [33.096626], 1
12, 6, [6], [12], [33.12047], 1
12, 10, [10], [12], [33.08586], 1
12, 6, [6], [12], [33.12047], 1
9, 13, [13], [9], [33.09638], 1
10, 4, [4], [10], [33.06996], 1
10, 9, [9], [10], [33.055714], 1
7, 10, [10  8 16], [6 0 7], [-20.330261  15.974768  33.126842], 3
9, 4, [4], [9], [33.073227], 1
9, 8, [8], [9], [33.086727], 1
6, 4, [ 4 14], [6 6], [32.902546 33.074768], 2
12, 3, [3], [12], [33.03367], 1
11, 4, [4], [11], [33.07798], 1
8, 12, [12  6], [4 8], [-10.070896  33.134186], 2
9, 1, [1], [9], [33.045914], 1
10, 9, [9], [10], [33.05553], 1
11, 12, [12], [11], [33.051067], 1
8, 14, [14], [8], [33.064995], 1
5, 12, [12 11  8], [6 6 5], [-20.379768  15.951229  33.115852], 3
3, 15, [15  7], [3 3], [32.92365  33.096504], 2
10, 15, [15], [10], [33.082207], 1
10, 13, [13], [10], [33.097385], 1
5, 7, [ 7 11  9], [5 7 5], [22.623686 15.891609 33.046432], 3
8, 13, [13], [8], [33.107643], 1
0, 8, [8], [0], [33.101562], 1
12, 12, [12], [12], [33.061546], 1
7, 12, [12  4  8  6  9  4 11], [0 5 7 0 7 5 7], [-33.438263   -5.8116465  -3.1132922 -13.677179   -3.01304    -0.1041069
  33.062973 ], 7
9, 4, [4], [9], [33.073467], 1
8, 16, [16  6], [4 8], [-9.966877 33.131496], 2
9, 8, [8], [9], [33.08668], 1

