alo_label, env_input, actions, alo_predicted, reward_actions, steps_search
----------------------train at epoch 1-----------------------------
13, 3, [3], [13], [33.035408], 1
5, 11, [11  9  5 10  2], [9 5 6 6 5], [-25.601728    7.147519   -3.1784902   7.9642315  33.146023 ], 5
8, 1, [1 2], [8 8], [32.92596  33.138313], 2
10, 4, [4], [10], [33.04989], 1
13, 8, [8], [13], [33.18245], 1
14, 13, [13], [14], [33.190567], 1
13, 1, [1], [13], [33.037823], 1
13, 15, [15], [13], [33.051186], 1
0, 12, [12 10  4  3  5  4  6], [6 6 7 6 6 7 0], [-39.830143   -16.4561     -20.888786   -21.55311    -15.999942
  -0.07027626  33.1444    ], 7
11, 16, [16], [11], [33.187107], 1
10, 2, [2], [10], [33.12149], 1
1, 13, [13], [1], [33.15343], 1
6, 2, [ 2 14  9 10 14  3  9], [6 6 5 6 6 6 5], [ 13.276307     0.21654034 -14.876392   -11.55236    -21.050037
 -30.320686   -38.944977  ], 7
11, 9, [9], [11], [33.046764], 1
14, 3, [ 3 12 16  7  1], [ 7 14 12 12 14], [-25.602829    7.2332096  -3.0548491   8.021976   33.094585 ], 5
2, 12, [12], [2], [33.04474], 1
6, 11, [11], [6], [33.12397], 1
12, 11, [11], [12], [33.120354], 1
9, 4, [4], [9], [33.03749], 1
14, 15, [15  4 11 10 16], [12 12 12 12 14], [-33.419      -5.8166685  -3.112164    7.9540806  33.137497 ], 5
1, 7, [7], [1], [33.143196], 1
10, 10, [10], [10], [33.07013], 1
8, 4, [ 4 14], [8 8], [32.942333 33.16546 ], 2
12, 11, [11], [12], [33.12038], 1
3, 11, [11], [3], [33.106934], 1
0, 1, [1 2], [6 0], [-10.062027  33.14408 ], 2
5, 13, [13], [5], [33.15571], 1
13, 10, [10], [13], [33.070473], 1
8, 13, [13], [8], [33.164364], 1
10, 11, [11], [10], [33.125965], 1
3, 11, [11], [3], [33.107307], 1
11, 16, [16], [11], [33.186607], 1

4, 11, [11  9 15 10 13], [4 8 4 4 4], [17.11901   6.639183 17.645365 20.976643 33.154137], 5
6, 10, [10 16], [6 6], [32.94211 33.10731], 2
7, 14, [14  4 16], [5 5 7], [-20.27356   15.938993  33.160557], 3
1, 5, [5], [1], [33.043907], 1
1, 2, [2], [1], [33.1473], 1
6, 1, [ 1 12  8], [6 6 6], [30.403816 28.919844 33.12691 ], 3
11, 11, [11], [11], [33.134727], 1
8, 2, [2], [8], [33.138264], 1
2, 14, [14], [2], [33.137222], 1
5, 1, [ 1 10  8], [6 6 5], [-20.366858  15.967966  33.150707], 3
0, 10, [10 16  8], [6 0 0], [-12.506332  29.026623  33.155773], 3
1, 13, [13], [1], [33.153217], 1
6, 7, [7], [6], [33.14788], 1
3, 2, [2], [3], [33.14143], 1
13, 1, [1], [13], [33.037827], 1
12, 9, [ 9 11], [12 12], [32.922806 33.120388], 2
4, 15, [15  8 14 16 12 13], [4 4 4 8 8 4], [18.353754   8.824788  -0.5434189 -9.490423   3.9354353 33.153484 ], 6
3, 8, [8], [3], [33.186058], 1
7, 9, [ 9 14], [5 7], [-10.03867   33.182064], 2
11, 7, [7], [11], [33.132683], 1
2, 10, [10  6], [6 2], [-10.035652  33.144928], 2
6, 8, [8], [6], [33.12861], 1
10, 15, [15], [10], [33.051025], 1
10, 12, [12], [10], [33.038822], 1
7, 16, [16  2], [7 7], [33.01011 33.10915], 2
13, 12, [12], [13], [33.042465], 1
1, 8, [8], [1], [33.149788], 1
5, 7, [7], [5], [33.14572], 1
9, 3, [3 8], [9 9], [32.968555 33.223434], 2
4, 14, [14 11 13], [4 4 4], [30.565987 29.024467 33.154316], 3
0, 14, [14], [0], [33.153923], 1
3, 10, [10], [3], [33.076355], 1

11, 15, [15], [11], [33.04847], 1
0, 3, [ 3 11], [6 0], [-10.089037  33.107925], 2
11, 6, [6], [11], [33.146446], 1
8, 9, [ 9 10  1 16 13], [4 8 4 8 8], [-22.808798   11.894489    4.6697164  21.042805   33.165215 ], 5
14, 15, [15 16 13  4  6 13 14], [12 12 12 12 12 12 12], [-43.034157 -21.846815 -29.960344 -36.927002 -41.63585  -43.106606
 -38.83744 ], 7
12, 7, [7], [12], [33.15143], 1
13, 1, [1], [13], [33.037823], 1
4, 13, [13], [4], [33.15429], 1
7, 13, [13], [7], [33.167812], 1
0, 16, [16 15 13], [0 0 0], [30.528791 28.979061 33.15379 ], 3
13, 2, [2], [13], [33.167633], 1
14, 13, [13], [14], [33.1904], 1
11, 6, [6], [11], [33.145817], 1
11, 10, [10], [11], [33.12705], 1
6, 4, [ 4 11], [5 6], [-10.082602  33.123764], 2
12, 8, [8], [12], [33.21054], 1
11, 10, [10], [11], [33.127743], 1
1, 12, [12], [1], [33.043808], 1
0, 15, [15  8], [0 0], [32.965126 33.148872], 2
11, 7, [7], [11], [33.13172], 1
9, 8, [8], [9], [33.222946], 1
13, 9, [9], [13], [33.04563], 1
1, 14, [14], [1], [33.156693], 1
2, 16, [16], [2], [33.112083], 1
8, 5, [5], [8], [33.037212], 1
14, 10, [10  5], [10 14], [-10.042374  33.107964], 2
13, 9, [9], [13], [33.04564], 1
2, 4, [ 4 10  4  7], [6 6 6 2], [-28.011951    3.2371213  11.931792   33.14336  ], 4
8, 4, [ 4  5 13], [4 8 8], [-12.593786  28.938747  33.16412 ], 3
11, 16, [16], [11], [33.182716], 1
5, 14, [14], [5], [33.149406], 1
12, 13, [13], [12], [33.199394], 1

12, 9, [9 6], [12 12], [32.996346 33.24282 ], 2
0, 15, [15  7], [3 0], [-10.032623  33.143585], 2
3, 3, [ 3 14], [3 3], [32.940334 33.157135], 2
5, 15, [15 13], [2 5], [-10.037273  33.15567 ], 2
6, 14, [14  8], [2 6], [-9.985687 33.126953], 2
10, 12, [12], [10], [33.037716], 1
3, 7, [7], [3], [33.143303], 1
13, 5, [5], [13], [33.040833], 1
3, 14, [14], [3], [33.15702], 1
5, 7, [7], [5], [33.14569], 1
10, 8, [8], [10], [33.134445], 1
9, 6, [6], [9], [33.22605], 1
3, 1, [1 8], [6 3], [-10.033268  33.186638], 2
3, 14, [14], [3], [33.154865], 1
8, 1, [1], [8], [33.04127], 1
11, 2, [2], [11], [33.12384], 1
6, 12, [12 13], [6 6], [32.934685 33.15168 ], 2
0, 16, [16 15  8], [7 7 0], [-20.250633  16.001417  33.15205 ], 3
0, 7, [7 8], [0 0], [33.035034 33.15119 ], 2
9, 3, [3], [9], [33.03468], 1
7, 2, [ 2 10  4 14 16], [7 2 5 5 7], [ 9.645122 -5.79412  -3.122517  8.060177 33.16085 ], 5
14, 8, [ 8 10 11  5], [12 12 12 14], [-27.824665    3.2782423  11.97113    33.09299  ], 4
12, 15, [15 14], [13 12], [-10.103203  33.07734 ], 2
14, 8, [8 1], [14 14], [33.036232 33.09588 ], 2
12, 2, [2], [12], [33.138912], 1
13, 14, [14], [13], [33.166245], 1
10, 10, [10], [10], [33.07008], 1
13, 14, [14], [13], [33.16628], 1
7, 7, [7 8], [5 7], [-9.935852 33.19715 ], 2
10, 13, [13], [10], [33.196617], 1
12, 4, [4 1 6], [12 12 12], [30.436653 28.981144 33.23713 ], 3
4, 16, [16  7], [8 4], [-9.966213 33.146908], 2

2, 11, [11], [2], [33.10853], 1
10, 4, [4], [10], [33.049797], 1
11, 9, [9], [11], [33.046753], 1
1, 6, [6], [1], [33.145172], 1
11, 4, [4], [11], [33.037262], 1
5, 12, [12 10  8], [5 6 5], [22.624348 15.967725 33.150093], 3
3, 8, [8 7], [3 3], [33.059036 33.142685], 2
13, 12, [12], [13], [33.042465], 1
6, 12, [12  6  8], [6 2 6], [22.657566 16.023117 33.126827], 3
11, 4, [4], [11], [33.037125], 1
13, 2, [2], [13], [33.16765], 1
3, 1, [ 1 16 14], [6 2 3], [-20.346436  16.00285   33.156803], 3
2, 9, [ 9 13], [5 2], [-10.055347  33.15035 ], 2
13, 5, [5], [13], [33.040833], 1
6, 6, [ 6 12 10 15 16], [6 6 6 7 6], [22.11831  14.951736  9.847261  7.949232 33.10731 ], 5
14, 14, [14], [14], [33.262383], 1
9, 14, [14], [9], [33.09831], 1
14, 4, [ 4  5  8 16 13], [12 14 14 12 14], [-20.913124  15.061098  10.006323   8.046033  33.190754], 5
8, 8, [8], [8], [33.15177], 1
7, 7, [7], [7], [33.147232], 1
14, 7, [ 7  6 11 10  4  5], [12 12 12 12 12 14], [-36.9903   -11.936969 -13.618502  -9.55675    3.91298   33.098404], 6
2, 10, [10 13], [2 2], [32.969254 33.150345], 2
13, 2, [2], [13], [33.16763], 1
7, 8, [8], [7], [33.195], 1
12, 8, [8], [12], [33.209385], 1
6, 12, [12  5  8], [6 6 6], [30.394487 28.918367 33.126717], 3
14, 6, [ 6 13], [12 14], [-9.849844 33.19099 ], 2
8, 3, [3 1 5], [8 8 8], [30.355911 28.863663 33.036266], 3
11, 14, [14], [11], [33.070206], 1
5, 9, [9 6], [5 5], [32.956112 33.170017], 2
6, 3, [ 3 16], [6 6], [32.910152 33.10689 ], 2
6, 9, [9 7], [2 6], [-10.058973  33.14513 ], 2

10, 2, [2], [10], [33.121193], 1
14, 4, [ 4 11  8  1  9], [ 7 12 12 12 14], [-33.372326   -5.7185497  -3.0567966   7.907465   33.099407 ], 5
6, 11, [11], [6], [33.123875], 1
1, 7, [7], [1], [33.14319], 1
8, 3, [ 3 14], [8 8], [32.93853  33.166134], 2
6, 12, [12 13], [6 6], [32.93456  33.151703], 2
9, 13, [13], [9], [33.155827], 1
13, 11, [11], [13], [33.106342], 1
2, 15, [15 14], [5 2], [-10.044664  33.13748 ], 2
10, 3, [3], [10], [33.033638], 1
7, 5, [ 5 16  3 14], [6 7 7 7], [-15.488948  24.11427   24.959246  33.18547 ], 4
11, 6, [6], [11], [33.145847], 1
2, 11, [11], [2], [33.108444], 1
4, 16, [16 13], [4 4], [33.023567 33.153423], 2
5, 3, [ 3 11], [5 5], [32.91505  33.108475], 2
7, 1, [ 1  3 10  8], [6 6 5 7], [-28.0019     3.243534  11.995268  33.196102], 4
5, 8, [8], [5], [33.15072], 1
6, 10, [10 16], [6 6], [32.94131 33.1069 ], 2
8, 16, [16], [8], [33.161568], 1
4, 14, [14], [4], [33.14875], 1
2, 2, [2], [2], [33.141357], 1
10, 8, [ 8 12], [ 1 10], [-10.0335865  33.03748  ], 2
12, 12, [12], [12], [33.044144], 1
11, 12, [12], [11], [33.03915], 1
9, 1, [1], [9], [33.03489], 1
9, 5, [5], [9], [33.033623], 1
1, 10, [10], [1], [33.07586], 1
0, 14, [14], [0], [33.154724], 1
2, 1, [ 1 11], [6 2], [-10.078249  33.108284], 2
7, 16, [16  8], [7 7], [33.065506 33.19295 ], 2
12, 16, [16], [12], [33.12619], 1
14, 4, [ 4  8 11  7  5], [12 12 12 12 14], [-33.33107    -5.6351404  -3.0725493   8.020191   33.09299  ], 5

5, 10, [10  5  7], [6 6 5], [-20.364685  15.929623  33.14554 ], 3
12, 5, [5 6], [12 12], [32.983276 33.240852], 2
13, 7, [7], [13], [33.155807], 1
8, 12, [12  5], [8 8], [32.865314 33.036266], 2
13, 2, [2], [13], [33.167637], 1
9, 4, [4], [9], [33.037468], 1
7, 15, [15  7], [2 7], [-10.041462  33.147854], 2
2, 5, [5 8], [7 2], [-10.067757  33.150005], 2
6, 3, [ 3 14  8], [3 6 6], [-12.542833  29.018595  33.126827], 3
1, 1, [1], [1], [33.050426], 1
7, 5, [ 5  3  9 15  7 14 13], [7 6 7 2 5 5 7], [  5.1093774 -13.221397  -15.445949  -34.159416  -37.057686  -35.339687
 -25.837883 ], 7
7, 14, [14  3  4  6  8  7 14], [7 7 7 5 7 5 7], [ 14.741255    2.61758   -10.7144165 -26.261276  -24.021547  -35.35044
 -25.82759  ], 7
3, 5, [ 5  2 15  4  6], [3 6 6 5 3], [ 9.5954075 -5.7535796 -3.1618242  7.931036  33.146236 ], 5
2, 10, [10  8], [6 2], [-10.032982  33.149837], 2
6, 5, [5 3 6], [2 6 6], [-12.598391  28.931921  33.143173], 3
1, 10, [10], [1], [33.075867], 1
9, 1, [1], [9], [33.035034], 1
1, 9, [9], [1], [33.074806], 1
10, 14, [14], [10], [33.07802], 1
11, 14, [14], [11], [33.07197], 1
4, 5, [ 5 11 12  7], [8 4 8 4], [-20.186892  16.290041  11.931702  33.14722 ], 4
3, 14, [14], [3], [33.15711], 1
11, 2, [2 6], [10 11], [-9.9905815 33.145805 ], 2
6, 1, [ 1  4 15  7], [6 5 6 6], [19.662039 11.017379 24.957537 33.145126], 4
7, 3, [3 7 8], [6 5 7], [-20.315466  16.064148  33.19715 ], 3
5, 14, [14 11], [5 5], [33.008167 33.110172], 2
12, 5, [ 5 13], [12 12], [32.958412 33.199436], 2
5, 10, [10  5 10  8], [5 5 5 5], [27.490396 24.02237  24.96656  33.14931 ], 4
0, 2, [2], [0], [33.14327], 1
1, 14, [14], [1], [33.15677], 1
12, 4, [ 4  9  1  3 11], [12 12 12 12 12], [24.808496 19.600235 17.583553 20.907673 33.120262], 5
4, 15, [15 13], [4 4], [32.951862 33.154137], 2

11, 11, [11], [11], [33.13514], 1
6, 4, [4 1 8], [5 6 6], [-12.600393  28.927916  33.127174], 3
7, 11, [11  3  5 16], [5 7 7 7], [-15.466397  24.01019   24.937864  33.161728], 4
3, 8, [8], [3], [33.186146], 1
10, 10, [10], [10], [33.070103], 1
5, 6, [6], [5], [33.171032], 1
10, 14, [14], [10], [33.076096], 1
5, 15, [15 13], [6 5], [-10.036688  33.15425 ], 2
6, 14, [14 13], [6 6], [33.033504 33.15168 ], 2
14, 11, [11  8  6  4 16 11  4], [12 12 12 12 12 12 12], [-42.965378 -21.80154  -29.990005 -37.04023  -41.82361  -43.25209
 -38.946064], 7
1, 7, [7], [1], [33.14325], 1
7, 12, [12 13], [0 7], [-10.055546  33.168144], 2
11, 3, [ 3 16], [11 11], [32.945557 33.186516], 2
4, 1, [ 1 14  6 16], [8 4 4 4], [-15.463975  24.155865  25.007599  33.124573], 4
10, 2, [2], [10], [33.12124], 1
10, 3, [3], [10], [33.033722], 1
13, 6, [6], [13], [33.227512], 1
13, 10, [10], [13], [33.070473], 1
3, 7, [7], [3], [33.143307], 1
12, 7, [7], [12], [33.15666], 1
12, 3, [ 3 11], [12 12], [32.907696 33.120316], 2
12, 4, [ 4 11], [12 12], [32.918537 33.120224], 2
2, 15, [15 14], [6 2], [-10.04484   33.137455], 2
1, 10, [10], [1], [33.07585], 1
11, 3, [3 7], [11 11], [32.91227  33.130768], 2
10, 8, [8], [10], [33.135155], 1
10, 16, [16  7], [ 1 10], [-9.97616  33.127834], 2
11, 10, [10], [11], [33.11766], 1
5, 1, [ 1 15], [6 5], [-10.103689  33.073093], 2
4, 1, [1 7], [8 4], [-10.069658  33.14619 ], 2
2, 1, [1], [2], [33.052593], 1
10, 7, [7], [10], [33.12796], 1

5, 5, [5 3], [6 5], [-10.12533   33.053406], 2
4, 2, [2], [4], [33.146236], 1
0, 13, [13], [0], [33.153313], 1
4, 12, [12  7], [8 4], [-10.067965  33.14619 ], 2
4, 2, [2], [4], [33.14661], 1
9, 3, [3], [9], [33.03454], 1
9, 15, [15], [9], [33.05137], 1
2, 5, [5 8], [6 2], [-10.068035  33.14965 ], 2
13, 13, [13], [13], [33.189354], 1
5, 12, [12  2], [6 5], [-10.071741  33.14161 ], 2
6, 12, [12 14 11], [6 6 6], [30.453854 29.017097 33.12374 ], 3
6, 10, [10 14  8], [6 2 6], [22.687252 16.015762 33.126717], 3
13, 8, [8], [13], [33.18213], 1
1, 13, [13], [1], [33.153282], 1
13, 16, [16], [13], [33.124073], 1
13, 13, [13], [13], [33.189278], 1
12, 11, [11], [12], [33.120316], 1
5, 11, [11  2], [7 5], [-9.985184 33.14037 ], 2
11, 11, [11], [11], [33.135025], 1
3, 10, [10  8], [6 3], [-10.010633  33.186584], 2
11, 8, [8], [11], [33.164463], 1
10, 16, [16  8], [10 10], [33.023903 33.134197], 2
4, 8, [ 8 14], [8 4], [-9.959429 33.14881 ], 2
5, 7, [7], [5], [33.145695], 1
2, 1, [ 1  3 14], [6 6 2], [-20.388666  15.928782  33.137505], 3
14, 14, [14  5  7  9], [12 14 12 14], [-20.060177   16.295162   12.0288925  33.105152 ], 4
2, 7, [7], [2], [33.143337], 1
7, 10, [10  9 11 12  2 14], [6 2 6 0 5 7], [-37.184143  -12.103143  -13.595579   -9.529665    4.0446386  33.185528 ], 6
14, 3, [ 3  7 13  6  8 15  9], [ 7 12 12 12 12 12 14], [-39.648605  -16.16889   -20.555244  -21.252407  -15.829422   -0.0630188
  33.110348 ], 7
12, 4, [ 4  3  9 16], [12 12 12 12], [27.44305  23.991169 24.925896 33.1262  ], 4
10, 11, [11], [10], [33.126106], 1
0, 7, [7], [0], [33.143555], 1

8, 13, [13], [8], [33.165585], 1
10, 7, [7], [10], [33.12794], 1
1, 15, [15], [1], [33.064392], 1
14, 9, [ 9 16], [ 5 14], [-10.0639515  33.138    ], 2
7, 4, [ 4 14  2 10  8 10  6], [7 7 5 6 7 5 5], [  9.411357   -6.0522537 -25.3716    -29.172325  -28.750113  -43.231384
 -38.847996 ], 7
8, 9, [ 9 13], [4 8], [-10.04845   33.165337], 2
9, 2, [2], [9], [33.125397], 1
12, 10, [10], [12], [33.08012], 1
7, 16, [16], [7], [33.156036], 1
12, 3, [3 6], [12 12], [32.983845 33.247215], 2
13, 3, [3], [13], [33.035416], 1
12, 5, [5 2], [12 12], [32.927788 33.146774], 2
6, 16, [16], [6], [33.10757], 1
9, 6, [6], [9], [33.228832], 1
6, 16, [16], [6], [33.108067], 1
6, 9, [ 9 11], [5 6], [-10.073641  33.123756], 2
3, 14, [14], [3], [33.157646], 1
4, 3, [3 7], [8 4], [-10.072645  33.147217], 2
10, 7, [7], [10], [33.128113], 1
3, 3, [ 3  5 13], [6 5 3], [-20.393196  15.934462  33.15345 ], 3
1, 8, [8], [1], [33.149784], 1
0, 2, [2], [0], [33.143295], 1
9, 10, [10], [9], [33.089005], 1
6, 2, [2 8], [6 6], [33.02231  33.126797], 2
10, 15, [15], [10], [33.04904], 1
8, 4, [4 8 7], [4 8 8], [-12.530174  29.044916  33.155922], 3
5, 1, [ 1 12 13], [6 5 5], [-12.586006  28.937098  33.155987], 3
4, 3, [3 8], [8 4], [-10.071705  33.150787], 2
14, 7, [7 6 9], [12 12 14], [-20.178675  16.09254   33.107376], 3
8, 3, [ 3  9  1 13], [8 8 8 8], [27.448275 24.016823 24.94212  33.165245], 4
8, 10, [10 16  1], [8 8 8], [30.48076  28.980053 33.04119 ], 3
13, 4, [4], [13], [33.04564], 1

9, 12, [12  6], [11  9], [-10.019571  33.231297], 2
8, 7, [7], [8], [33.15709], 1
14, 4, [ 4 14  2], [12 12 14], [-20.266481  16.139233  33.29418 ], 3
9, 6, [6], [9], [33.224083], 1
2, 11, [11], [2], [33.10847], 1
7, 2, [ 2 16], [7 7], [33.02854  33.162285], 2
3, 12, [12  8], [6 3], [-10.044489  33.18651 ], 2
3, 5, [ 5 16], [3 3], [32.911205 33.113625], 2
2, 5, [5 8], [6 2], [-10.067532  33.14965 ], 2
4, 7, [7], [4], [33.146805], 1
11, 6, [6], [11], [33.14653], 1
13, 10, [10], [13], [33.070477], 1
1, 3, [3], [1], [33.043976], 1
13, 6, [6], [13], [33.226204], 1
10, 1, [1], [10], [33.036938], 1
13, 13, [13], [13], [33.189354], 1
13, 10, [10], [13], [33.070473], 1
14, 5, [ 5  7 13], [ 7 12 14], [-20.286015  16.093538  33.19099 ], 3
7, 1, [ 1 10  2  1  9  8], [6 6 7 2 7 7], [-30.839045   -1.4872475   4.058856   -1.7712278  16.969208   33.2004   ], 6
5, 16, [16], [5], [33.110092], 1
13, 12, [12], [13], [33.042465], 1
6, 15, [15 14 10  8], [6 2 6 6], [19.738987 11.11018  24.9534   33.126953], 4
10, 1, [1], [10], [33.03702], 1
13, 2, [2], [13], [33.16763], 1
1, 11, [11], [1], [33.107628], 1
4, 1, [ 1 11 15 16  3  1 12], [4 4 4 8 8 4 4], [ 13.966106    1.5374441 -12.663427  -29.53801   -29.479538  -22.528954
 -25.954323 ], 7
11, 9, [9], [11], [33.04674], 1
4, 9, [9 7], [8 4], [-10.060387  33.146744], 2
8, 1, [ 1  8 14], [8 4 8], [22.672533 16.051052 33.16683 ], 3
4, 3, [3 9 2], [8 8 4], [-20.397923  15.939843  33.146126], 3
11, 6, [6], [11], [33.146862], 1
1, 6, [6], [1], [33.14515], 1

14, 6, [ 6 13  2], [12 12 14], [-20.057302  16.162415  33.27702 ], 3
0, 4, [ 4 13], [5 0], [-10.06521  33.1526 ], 2
5, 9, [ 9  1 14], [7 6 5], [-20.381168  15.946049  33.156143], 3
9, 9, [9], [9], [33.04503], 1
0, 3, [ 3 14 15  8 11], [6 3 0 0 0], [-25.89281    6.767918  17.687979  21.01545   33.108032], 5
14, 3, [ 3 10], [ 7 14], [-10.046024  33.168453], 2
4, 9, [ 9 16 11], [4 4 4], [30.45897  29.00826  33.127914], 3
6, 3, [ 3 14  8], [6 2 6], [22.654804 16.014313 33.126953], 3
9, 4, [4], [9], [33.037506], 1
4, 8, [8], [4], [33.150936], 1
14, 8, [ 8  6  4 11  3  5], [12 12 12 12 12 14], [-36.98138   -11.966474  -13.670057   -9.542269    3.9039059  33.09355  ], 6
8, 6, [6 8], [4 8], [-9.980583 33.151676], 2
0, 11, [11], [0], [33.108772], 1
3, 9, [ 9  1 11], [7 6 3], [-20.398235  15.918384  33.10706 ], 3
2, 9, [9 8], [5 2], [-10.05624   33.149837], 2
12, 9, [9 8], [12 12], [32.977943 33.21043 ], 2
0, 11, [11], [0], [33.10845], 1
3, 7, [7], [3], [33.143265], 1
0, 16, [16  6], [0 0], [33.028805 33.143394], 2
6, 15, [15  9 15  1  8], [2 7 2 6 6], [-30.632154   -1.1696568   4.6291003  20.932434   33.12671  ], 5
11, 1, [1], [11], [33.036396], 1
10, 2, [2], [10], [33.12117], 1
8, 8, [8], [8], [33.15158], 1
14, 12, [12  8  7  2], [ 7 12 12 14], [-27.86023     3.4769766  12.140855   33.281616 ], 4
2, 2, [2], [2], [33.145157], 1
13, 16, [16], [13], [33.124073], 1
5, 1, [1 7], [6 5], [-10.0602    33.145493], 2
7, 11, [11  8], [7 7], [33.044388 33.192493], 2
10, 4, [4], [10], [33.049904], 1
14, 1, [1 2], [12 14], [-9.985838 33.28103 ], 2
3, 16, [16  8], [2 3], [-9.9793625 33.18645  ], 2
11, 2, [2], [11], [33.12384], 1

12, 16, [16], [12], [33.126183], 1
1, 3, [3], [1], [33.043976], 1
5, 12, [12  9 16], [6 5 5], [-12.605551  28.91813   33.10608 ], 3
1, 5, [5], [1], [33.043907], 1
6, 3, [ 3 15 16], [6 6 6], [30.406822 28.934633 33.106956], 3
12, 11, [11], [12], [33.120224], 1
2, 15, [15  8], [6 2], [-10.037836  33.149704], 2
14, 11, [11 13  2], [12 12 14], [-20.187216  16.162415  33.27702 ], 3
8, 7, [7], [8], [33.15563], 1
7, 4, [4 7], [5 7], [-10.068228  33.14733 ], 2
2, 15, [15 14], [2 2], [32.95268  33.137444], 2
3, 13, [13], [3], [33.153915], 1
0, 5, [ 5 15 16], [7 0 0], [-12.590897  28.944843  33.115067], 3
4, 10, [10 13], [4 4], [32.976364 33.154316], 2
0, 5, [ 5 14 15 14  8 14 11], [6 3 0 3 0 3 0], [-3.3362324e+01 -5.6746755e+00 -3.0496774e+00 -1.3547309e+01
 -2.8374004e+00  1.9950867e-02  3.3108032e+01], 7
0, 8, [ 8 10  6], [0 6 0], [22.728558 15.963249 33.144394], 3
3, 2, [ 2 14], [6 3], [-9.962219 33.1569  ], 2
8, 16, [16 13], [8 8], [33.05306 33.16574], 2
3, 4, [ 4 14], [5 3], [-10.062565  33.1569  ], 2
10, 11, [11], [10], [33.12601], 1
4, 4, [4 7], [4 4], [32.931316 33.14722 ], 2
5, 2, [2 7], [5 5], [33.028618 33.145546], 2
8, 4, [4 7], [4 8], [-10.063635  33.155685], 2
9, 13, [13], [9], [33.15583], 1
7, 12, [12 14], [0 7], [-10.045635  33.184685], 2
13, 9, [9], [13], [33.04563], 1
7, 3, [3 6 8], [6 5 7], [-20.309885  16.073322  33.1967  ], 3
11, 5, [5 6], [ 9 11], [-10.078705  33.145515], 2
6, 13, [13], [6], [33.15181], 1
7, 9, [ 9 13  8], [7 0 7], [22.693287 16.07264  33.190113], 3
5, 4, [ 4 16], [5 5], [32.90692 33.1059 ], 2
4, 16, [16  7], [4 4], [33.025215 33.146744], 2

3, 13, [13], [3], [33.153915], 1
2, 11, [11], [2], [33.108513], 1
5, 14, [14], [5], [33.14705], 1
12, 15, [15 13], [13 12], [-10.028805  33.201363], 2
13, 12, [12], [13], [33.042465], 1
6, 13, [13  8], [6 6], [33.032013 33.126614], 2
10, 4, [4], [10], [33.0499], 1
4, 15, [15  6 14 13], [4 4 8 4], [22.874031 16.35821  12.050867 33.156376], 4
1, 15, [15], [1], [33.0644], 1
8, 14, [14], [8], [33.165016], 1
12, 2, [2], [12], [33.141273], 1
10, 15, [15], [10], [33.04915], 1
10, 13, [13], [10], [33.196644], 1
10, 6, [6 8], [ 1 10], [-9.970123 33.13418 ], 2
14, 9, [ 9  7 13  2], [ 5 12 14 14], [-23.183897  11.26688   25.161942  33.284492], 4
3, 7, [7], [3], [33.14367], 1
14, 11, [11 14 16 15  9], [12 12 12 12 14], [-33.30468    -5.7007723  -3.1055489   7.941763   33.107376 ], 5
3, 15, [15 13], [3 3], [32.965538 33.153847], 2
7, 6, [6 8], [0 7], [-9.937099 33.196102], 2
1, 16, [16  6], [14  1], [-9.977568 33.145306], 2
2, 8, [8], [2], [33.150764], 1
5, 16, [16 11], [9 5], [-10.007269  33.107693], 2
2, 10, [10 11], [5 2], [-10.057722  33.108284], 2
0, 5, [ 5 14], [6 0], [-10.064896  33.1548  ], 2
8, 6, [6], [8], [33.11383], 1
11, 15, [15], [11], [33.04836], 1
1, 10, [10], [1], [33.07585], 1
2, 6, [6], [2], [33.146244], 1
14, 1, [1 8 2], [ 5 14 14], [-12.4650135  29.140581   33.269794 ], 3
1, 12, [12], [1], [33.043808], 1
8, 9, [ 9 13], [4 8], [-10.04809   33.165367], 2
5, 15, [15 10], [9 5], [-10.101835  33.075954], 2

7, 10, [10  5 14 15  9  2 14], [6 6 7 2 7 5 7], [-36.143627 -10.368061 -10.683797 -26.424171 -24.167152 -35.36578
 -25.829292], 7
12, 1, [1 7], [12 12], [32.934498 33.15925 ], 2
13, 14, [14], [13], [33.16631], 1
13, 1, [1], [13], [33.037823], 1
0, 9, [ 9 16], [5 0], [-10.071833  33.126163], 2
6, 2, [ 2 14  6 15 13], [6 6 2 5 6], [17.523405   7.2967267 -3.0762854  7.961156  33.151676 ], 5
12, 10, [10], [12], [33.085297], 1
13, 11, [11], [13], [33.106358], 1
11, 7, [7], [11], [33.130608], 1
13, 1, [1], [13], [33.037823], 1
5, 16, [16  7], [9 5], [-9.9878025 33.14526  ], 2
7, 8, [8], [7], [33.194004], 1
14, 2, [2], [14], [33.275642], 1
2, 16, [16], [2], [33.112915], 1
5, 12, [12  8], [5 5], [32.93348 33.14971], 2
9, 8, [8], [9], [33.208466], 1
2, 13, [13], [2], [33.1509], 1
4, 6, [ 6 11  2], [4 4 4], [30.54424  29.018656 33.14626 ], 3
12, 14, [14 15  7], [12 13 12], [22.687424 15.937044 33.14467 ], 3
9, 11, [11], [9], [33.104263], 1
2, 13, [13], [2], [33.15073], 1
12, 15, [15 13], [13 12], [-10.028942  33.20136 ], 2
9, 10, [10], [9], [33.08753], 1
8, 3, [ 3 15 13], [8 8 8], [30.410526 28.954353 33.164192], 3
4, 5, [ 5 10  7], [8 4 4], [-12.577499  28.971909  33.14619 ], 3
0, 2, [2], [0], [33.143208], 1
0, 3, [ 3 11], [6 0], [-10.089148  33.10798 ], 2
11, 12, [12], [11], [33.037598], 1
9, 9, [9], [9], [33.04529], 1
3, 2, [2 6], [3 3], [33.030678 33.14634 ], 2
11, 7, [7], [11], [33.13334], 1
12, 12, [12], [12], [33.041634], 1

12, 14, [14 10], [13 12], [-10.018909  33.085335], 2
9, 15, [15], [9], [33.051273], 1
12, 13, [13], [12], [33.19965], 1
3, 16, [16], [3], [33.11445], 1
1, 1, [1], [1], [33.050426], 1
11, 5, [5 6], [11 11], [32.9218   33.144485], 2
4, 11, [11  9 11 13], [4 4 4 4], [27.571766 24.067911 25.023071 33.15342 ], 4
5, 12, [12 16], [6 5], [-10.092413  33.106354], 2
7, 8, [ 8  1 16], [7 2 7], [22.753248 15.94055  33.154884], 3
12, 13, [13], [12], [33.199554], 1
9, 9, [9], [9], [33.04501], 1
7, 4, [ 4 11  7], [5 7 7], [-12.545467  29.018871  33.147438], 3
6, 9, [ 9 16], [5 6], [-10.082176  33.10731 ], 2
3, 3, [ 3 11], [6 3], [-10.089579  33.106915], 2
9, 16, [16], [9], [33.145374], 1
0, 12, [12 14], [6 0], [-10.063902  33.15463 ], 2
8, 11, [11], [8], [33.177547], 1
4, 14, [14 13], [4 4], [33.042927 33.153484], 2
12, 12, [12], [12], [33.043636], 1
12, 3, [ 3 14  6], [12 12 12], [30.51218  29.12756  33.240852], 3
11, 2, [ 2 11], [11 11], [33.002815 33.133873], 2
3, 6, [6], [3], [33.14686], 1
3, 1, [ 1 14], [6 3], [-10.051701  33.15692 ], 2
13, 9, [9], [13], [33.045628], 1
0, 1, [1 8], [6 0], [-10.057316  33.15119 ], 2
13, 14, [14], [13], [33.166187], 1
11, 12, [12], [11], [33.038765], 1
7, 13, [13  6], [0 7], [-9.959757 33.13612 ], 2
1, 11, [11], [1], [33.10771], 1
0, 5, [ 5  1  8 11], [5 6 0 0], [-23.31994   11.063208  25.015732  33.10798 ], 4
13, 9, [9], [13], [33.045624], 1
12, 8, [8], [12], [33.20972], 1

2, 13, [13], [2], [33.15056], 1
3, 12, [12 16], [0 3], [-10.088232  33.113564], 2
5, 16, [16  7], [9 5], [-9.9822445 33.145584 ], 2
0, 3, [ 3  5  9 10 15  5  2], [6 6 7 6 5 6 0], [-39.83357    -16.467371   -20.849323   -21.504093   -15.968773
  -0.07168961  33.14348   ], 7
3, 9, [9 8], [3 3], [32.96307 33.17836], 2
3, 6, [6], [3], [33.146957], 1
13, 12, [12], [13], [33.042465], 1
6, 1, [1 8], [3 6], [-10.071594  33.1268  ], 2
13, 13, [13], [13], [33.18935], 1
12, 12, [12], [12], [33.04377], 1
6, 16, [16], [6], [33.107273], 1
2, 4, [ 4 11], [5 2], [-10.091896  33.10828 ], 2
5, 11, [11], [5], [33.110172], 1
4, 10, [10  7], [4 4], [32.97257  33.146744], 2
11, 2, [2], [11], [33.123756], 1
5, 13, [13], [5], [33.15435], 1
4, 11, [11  2], [4 4], [33.02395 33.14469], 2
2, 2, [2], [2], [33.141144], 1
9, 7, [7], [9], [33.174828], 1
11, 9, [9], [11], [33.04642], 1
14, 2, [2], [14], [33.27376], 1
1, 4, [4], [1], [33.042267], 1
4, 10, [10 15], [4 4], [32.921608 33.062355], 2
11, 16, [16 14], [ 1 11], [-10.023352  33.069626], 2
6, 11, [11], [6], [33.123917], 1
0, 15, [15 12 16 14], [5 6 7 0], [-27.967686    3.2643726  12.034758   33.156357 ], 4
14, 12, [12 13], [ 7 14], [-10.025394  33.190727], 2
9, 15, [15 13], [9 9], [32.94363  33.155777], 2
6, 2, [ 2 14 12  8], [6 6 6 6], [27.602268 24.094294 24.919624 33.127075], 4
9, 2, [2], [9], [33.124786], 1
0, 1, [ 1 11], [6 0], [-10.081444  33.10798 ], 2
6, 10, [10 14  8], [6 6 6], [30.489204 29.01934  33.12748 ], 3

11, 10, [10], [11], [33.128536], 1
6, 6, [ 6 10  8], [6 6 6], [30.517397 28.95261  33.126686], 3
3, 15, [15  4 13], [5 5 3], [-20.363047  15.935135  33.15348 ], 3
8, 13, [13], [8], [33.164707], 1
3, 16, [16], [3], [33.115517], 1
0, 5, [ 5 11], [6 0], [-10.093029  33.107925], 2
10, 15, [15], [10], [33.04932], 1
14, 9, [ 9 15], [ 5 14], [-10.056532  33.15027 ], 2
5, 14, [14  2 15 11 12], [5 5 6 7 5], [17.508484   7.250002  -3.1521416  7.9557476 33.04192  ], 5
11, 11, [11], [11], [33.13344], 1
6, 14, [14 15  8], [6 6 6], [30.511276 28.946764 33.127174], 3
14, 7, [7 5], [12 14], [-9.964924 33.09355 ], 2
12, 10, [10], [12], [33.07708], 1
3, 10, [10 15  6], [6 7 3], [-20.340416  15.970412  33.146545], 3
8, 15, [15 16  2], [8 8 8], [30.478905 29.03844  33.138504], 3
6, 5, [ 5 13], [6 6], [32.933155 33.151703], 2
0, 12, [12 13], [6 0], [-10.064522  33.153137], 2
2, 5, [5 8], [0 2], [-10.067501  33.149837], 2
13, 6, [6], [13], [33.22749], 1
4, 6, [ 6 16  6  2], [4 4 4 4], [27.612392 24.140816 25.015505 33.146004], 4
13, 13, [13], [13], [33.18935], 1
6, 5, [ 5 14  6], [6 2 6], [22.656761 16.024004 33.143105], 3
0, 10, [10 16], [6 0], [-10.047384  33.126022], 2
0, 4, [ 4 14], [7 0], [-10.064264  33.15463 ], 2
7, 14, [14  2  8], [7 5 7], [22.813046 16.050236 33.19715 ], 3
11, 6, [6], [11], [33.145958], 1
1, 2, [2], [1], [33.147293], 1
4, 3, [ 3  6 14 15  5 16  9], [1 4 4 4 8 8 4], [-27.218718    4.5670447  -7.6100035 -21.268063  -37.21157   -35.419075
 -25.945652 ], 7
8, 10, [10  6], [8 8], [32.953346 33.10528 ], 2
9, 15, [15], [9], [33.051506], 1
12, 13, [13], [12], [33.197273], 1
7, 11, [11  6  4 11 13], [7 0 7 7 7], [17.185135   6.7445803 17.664959  21.039959  33.16929  ], 5

1, 3, [3], [1], [33.043976], 1
0, 4, [ 4  8 13], [6 0 0], [-12.529558  29.042513  33.153137], 3
13, 3, [3], [13], [33.03541], 1
10, 3, [3], [10], [33.033806], 1
1, 4, [4], [1], [33.04227], 1
4, 15, [15], [4], [33.062344], 1
0, 3, [ 3 10  8 11], [6 6 0 0], [-23.301538  11.087038  25.016727  33.108517], 4
13, 2, [2], [13], [33.167633], 1
12, 15, [15 10], [13 12], [-10.112347  33.062096], 2
11, 1, [1], [11], [33.03679], 1
1, 10, [10], [1], [33.075863], 1
10, 5, [5], [10], [33.03554], 1
9, 4, [4], [9], [33.037468], 1
12, 3, [3 8], [12 12], [32.96148  33.209747], 2
5, 6, [6], [5], [33.169693], 1
12, 16, [16], [12], [33.126316], 1
14, 6, [ 6 13], [12 14], [-9.850767 33.190754], 2
2, 14, [14], [2], [33.13724], 1
1, 5, [5], [1], [33.043907], 1
10, 14, [14], [10], [33.07771], 1
5, 4, [4 8], [5 5], [32.934074 33.151314], 2
2, 6, [6], [2], [33.150223], 1
8, 15, [15 11], [4 8], [-10.040615  33.170135], 2
13, 15, [15], [13], [33.051186], 1
4, 6, [6 2], [4 4], [33.015827 33.1461  ], 2
6, 8, [8], [6], [33.127327], 1
5, 2, [ 2 11], [5 5], [33.00521 33.11011], 2
14, 16, [16 14 15 13], [12 12 12 14], [-27.864256    3.3468301  11.984203   33.18859  ], 4
14, 12, [12 14 11  8  6  2], [14 12 12 12 12 14], [  5.9192843 -11.923401  -13.4532385  -9.281043    4.200756   33.275322 ], 6
6, 3, [ 3 10  8], [6 5 6], [22.61869  15.954233 33.12679 ], 3
0, 14, [14 10  7], [3 6 0], [-20.266525  15.963905  33.143684], 3
9, 13, [13], [9], [33.15582], 1

0, 8, [ 8 13], [0 0], [33.043045 33.153503], 2
5, 4, [ 4 10  2], [5 2 5], [22.624235 15.968039 33.146214], 3
4, 1, [ 1 16 11 14 13], [8 4 4 8 4], [-20.886833  15.117502   9.967224   8.050867  33.156376], 5
11, 8, [8], [11], [33.165016], 1
10, 13, [13], [10], [33.19667], 1
9, 10, [10], [9], [33.086987], 1
4, 12, [12 13], [8 4], [-10.064566  33.153484], 2
13, 8, [8], [13], [33.182472], 1
0, 6, [ 6 11], [0 0], [33.009304 33.107105], 2
14, 14, [14 15  7  9], [14 12 12 14], [15.184232  3.281533 12.020756 33.09976 ], 4
1, 2, [2], [1], [33.14732], 1
7, 10, [10  8], [6 7], [-10.008493  33.190113], 2
0, 11, [11], [0], [33.110092], 1
4, 5, [ 5  4  6 10 14  4  2], [8 4 4 4 8 4 4], [-23.501366  10.763647   2.867938  -3.766252  -8.084623  12.930559
  33.146126], 7
7, 8, [8], [7], [33.191666], 1
13, 7, [7], [13], [33.155807], 1
4, 12, [12 10 14  7], [8 4 4 4], [-15.491756  24.107372  25.03933   33.146706], 4
3, 4, [ 4 16], [7 3], [-10.089165  33.113632], 2
12, 7, [7], [12], [33.15298], 1
5, 2, [2 7], [5 5], [33.027115 33.14568 ], 2
7, 3, [3 7], [6 7], [-10.065014  33.147358], 2
2, 16, [16], [2], [33.11232], 1
11, 15, [15], [11], [33.048496], 1
4, 11, [11], [4], [33.12781], 1
9, 16, [16], [9], [33.136395], 1
10, 5, [5], [10], [33.03557], 1
11, 1, [1], [11], [33.036404], 1
5, 14, [14 13], [5 5], [33.05457  33.156654], 2
6, 11, [11], [6], [33.123985], 1
14, 13, [13 15  8  7 10  7  2], [14 12 12 12 12 12 14], [  3.4140024  -16.295406   -20.602268   -21.334988   -15.841171
   0.14041138  33.284492  ], 7
14, 9, [ 9 15], [ 5 14], [-10.05476   33.150272], 2
12, 1, [ 1 15 16], [12 13 12], [22.594524 15.925989 33.126   ], 3

5, 10, [10 14], [2 5], [-10.035849  33.139736], 2
6, 8, [8], [6], [33.127327], 1
13, 10, [10], [13], [33.070477], 1
2, 3, [3 5 6], [6 5 2], [-20.396008  15.929603  33.144928], 3
0, 14, [14], [0], [33.154224], 1
6, 16, [16], [6], [33.10725], 1
11, 12, [12], [11], [33.037556], 1
8, 9, [ 9 11], [4 8], [-10.039789  33.178726], 2
11, 4, [4], [11], [33.037056], 1
14, 2, [2], [14], [33.28426], 1
9, 9, [9], [9], [33.045033], 1
11, 3, [3], [11], [33.03383], 1
6, 6, [6 7], [2 6], [-9.965906 33.145123], 2
2, 16, [16  3], [2 2], [32.940292 33.04658 ], 2
2, 7, [7], [2], [33.143333], 1
9, 3, [ 3 13], [9 9], [32.927402 33.155777], 2
3, 16, [16], [3], [33.11694], 1
1, 7, [7], [1], [33.14321], 1
11, 9, [9], [11], [33.04677], 1
7, 12, [12  8 15  8], [6 5 2 7], [-27.945478    3.3516328  11.991513   33.19798  ], 4
1, 16, [16], [1], [33.121326], 1
8, 11, [11], [8], [33.169064], 1
1, 16, [16 14], [14  1], [-9.973469 33.156704], 2
1, 15, [15], [1], [33.064384], 1
8, 5, [ 5 13], [8 8], [32.939217 33.164192], 2
11, 4, [4], [11], [33.03715], 1
4, 13, [13], [4], [33.156513], 1
14, 10, [10 13], [12 14], [-10.008709  33.190754], 2
10, 9, [9], [10], [33.04407], 1
7, 5, [5 8], [0 7], [-10.040699  33.194653], 2
1, 1, [1], [1], [33.050426], 1
9, 13, [13], [9], [33.156006], 1

7, 2, [2 8], [5 7], [-9.946419 33.19614 ], 2
7, 6, [ 6 16], [0 7], [-9.9614315 33.15522  ], 2
9, 3, [3], [9], [33.034107], 1
10, 6, [6], [10], [33.174072], 1
3, 3, [ 3  2 13], [3 3 3], [30.466751 29.034494 33.15348 ], 3
9, 14, [14], [9], [33.100952], 1
12, 4, [4 7], [12 12], [32.937164 33.151344], 2
13, 6, [6], [13], [33.226135], 1
14, 9, [ 9 14  2], [ 5 14 14], [-12.437845  29.177189  33.269794], 3
5, 5, [5], [5], [33.04339], 1
8, 7, [7], [8], [33.155552], 1
13, 6, [6], [13], [33.226097], 1
4, 14, [14], [4], [33.14929], 1
1, 6, [6], [1], [33.144512], 1
12, 8, [8], [12], [33.21041], 1
8, 3, [ 3  1 14], [8 8 8], [30.40355  28.941982 33.16574 ], 3
2, 1, [1 8], [6 2], [-10.0558815  33.150005 ], 2
13, 14, [14], [13], [33.166275], 1
10, 5, [5], [10], [33.035484], 1
12, 6, [6], [12], [33.240322], 1
1, 2, [2], [1], [33.147324], 1
1, 5, [5], [1], [33.043907], 1
6, 4, [ 4 11], [6 6], [32.92022 33.12377], 2
12, 10, [10], [12], [33.08094], 1
2, 6, [6], [2], [33.14501], 1
7, 13, [13  8 12  6], [7 5 6 7], [15.153398   3.3114111 11.924477  33.134888 ], 4
11, 2, [2], [11], [33.12397], 1
3, 13, [13], [3], [33.153778], 1
4, 16, [16  8], [4 4], [33.016594 33.15069 ], 2
4, 13, [13], [4], [33.15406], 1
2, 3, [3], [2], [33.046524], 1
11, 10, [10], [11], [33.12813], 1

5, 4, [ 4 14 13], [5 5 5], [30.46474  29.035667 33.156006], 3
12, 1, [ 1 13], [12 12], [32.95727 33.19734], 2
6, 4, [ 4 14 15  2  6], [7 6 5 6 6], [-22.780312   11.961775    4.6982007  21.031694   33.143173 ], 5
3, 10, [10  2  8], [3 3 3], [30.50844  29.054348 33.18651 ], 3
2, 10, [10 14], [6 2], [-10.039452  33.137505], 2
9, 1, [1], [9], [33.0347], 1
5, 4, [ 4 11 13], [5 6 5], [22.64641  16.005646 33.153465], 3
13, 10, [10], [13], [33.070477], 1
8, 3, [3 1], [8 8], [32.8622   33.039967], 2
9, 12, [12], [9], [33.048733], 1
4, 5, [ 5  4  6 11  8 11 14], [8 8 4 4 4 4 4], [-32.35153     -3.985676    -0.04788876  -8.634893   -16.276321
 -22.378601   -25.849167  ], 7
11, 14, [14], [11], [33.070793], 1
6, 3, [ 3  1 10  9  8], [6 6 6 7 6], [22.020462 14.957196  9.835082  7.928813 33.126717], 5
0, 9, [9 6], [5 0], [-10.061333  33.144394], 2
1, 8, [8], [1], [33.149773], 1
9, 5, [ 5 11], [11  9], [-10.101675  33.104507], 2
5, 16, [16  7], [9 5], [-9.982334 33.14527 ], 2
11, 1, [1 6], [11 11], [32.9228   33.144444], 2
2, 3, [ 3 14], [6 2], [-10.071217  33.137505], 2
7, 15, [15  2  4 16], [5 5 7 7], [-23.264313  11.095807  24.940517  33.16367 ], 4
9, 5, [5], [9], [33.03359], 1
9, 8, [8], [9], [33.223526], 1
4, 16, [16], [4], [33.124603], 1
3, 16, [16], [3], [33.114113], 1
7, 11, [11  3  8 15], [7 6 5 7], [15.086273   3.2597773 12.021723  33.108067 ], 4
13, 4, [4], [13], [33.04564], 1
1, 8, [8], [1], [33.149776], 1
4, 5, [ 5 15 11 13], [8 8 4 4], [-23.318203  11.06845   25.024467  33.154316], 4
9, 4, [4], [9], [33.037483], 1
4, 5, [5 2], [8 4], [-10.072954  33.1461  ], 2
8, 16, [16  4 13], [8 4 8], [22.71146  15.941438 33.16412 ], 3
8, 16, [16  8 11], [4 8 8], [-12.434494  29.056398  33.17506 ], 3

4, 6, [ 6 13], [4 4], [33.021515 33.156376], 2
9, 6, [6], [9], [33.218216], 1
14, 13, [13 12  2], [12 12 14], [-20.181973  16.036377  33.27702 ], 3
3, 5, [5 7], [3 3], [32.928417 33.142696], 2
8, 13, [13], [8], [33.16575], 1
0, 4, [ 4 11], [7 0], [-10.092104  33.108135], 2
6, 14, [14  8], [6 6], [33.018764 33.127075], 2
5, 5, [5 6 8], [6 5 5], [-12.52739   29.050522  33.15132 ], 3
8, 8, [ 8 11], [8 8], [33.056396 33.17506 ], 2
2, 11, [11], [2], [33.1085], 1
6, 8, [8], [6], [33.12749], 1
12, 3, [ 3 16], [12 12], [32.91126  33.126186], 2
7, 1, [1 8], [6 7], [-10.032314  33.192436], 2
12, 7, [7], [12], [33.15129], 1
6, 10, [10  5 13], [5 5 6], [-20.361536  15.93384   33.151703], 3
14, 15, [15  6  8  1  2], [12 12 12 14 14], [-30.443068   -0.8504412   4.840518   21.053547   33.27702  ], 5
1, 14, [14], [1], [33.156677], 1
12, 11, [11], [12], [33.120163], 1
2, 14, [14], [2], [33.13929], 1
11, 5, [5], [11], [33.035637], 1
11, 5, [5 6], [11 11], [32.922424 33.1448  ], 2
14, 10, [10 12  1 15 16  8  6], [14 14 14 12 12 12 12], [ 12.427254   -1.1520128 -17.083464  -36.952194  -41.702274  -43.05706
 -38.762123 ], 7
11, 13, [13], [11], [33.161156], 1
8, 4, [4 3 7], [4 8 8], [-12.597754  28.932129  33.15736 ], 3
10, 16, [16], [10], [33.16784], 1
11, 8, [8], [11], [33.165016], 1
4, 2, [2], [4], [33.146267], 1
6, 2, [ 2 11], [6 6], [33.01935  33.123756], 2
4, 8, [ 8 11 14 13], [4 4 4 4], [27.644835 24.156656 25.042927 33.153484], 4
5, 4, [ 4 11], [5 5], [32.908054 33.108475], 2
9, 12, [12], [9], [33.048935], 1
8, 10, [10  8], [8 8], [32.983665 33.151676], 2

4, 4, [4], [4], [33.04291], 1
9, 5, [ 5 10], [11  9], [-10.108591  33.093594], 2
13, 15, [15], [13], [33.05118], 1
14, 11, [11 13], [12 14], [-9.969965 33.190754], 2
7, 7, [7], [7], [33.147297], 1
8, 5, [5 8 2], [8 8 8], [30.460892 29.03435  33.138313], 3
4, 3, [ 3 11  8], [8 4 4], [-12.54541   29.027546  33.15069 ], 3
3, 9, [9 8], [7 3], [-10.035841  33.186493], 2
8, 13, [13], [8], [33.165367], 1
7, 9, [ 9 11  6  8], [5 7 0 7], [-20.120747  16.376705  12.063866  33.1971  ], 4
5, 13, [13], [5], [33.15668], 1
7, 10, [10  8], [6 7], [-10.006973  33.192436], 2
5, 8, [8], [5], [33.150917], 1
14, 12, [12  5 10  2], [14 12 12 14], [15.03748    3.2694244 12.044785  33.283924 ], 4
1, 12, [12], [1], [33.043808], 1
13, 7, [7], [13], [33.15581], 1
9, 2, [2], [9], [33.125984], 1
12, 4, [4 8], [13 12], [-10.027039  33.210903], 2
12, 10, [10], [12], [33.08185], 1
1, 15, [15], [1], [33.064384], 1
11, 13, [13  5  8], [11 11 11], [30.529753 28.93404  33.164886], 3
7, 4, [4 8], [5 7], [-10.042995  33.190113], 2
3, 12, [12  1 13], [6 6 3], [-20.388966  15.945467  33.15348 ], 3
5, 3, [3], [5], [33.05334], 1
5, 8, [8], [5], [33.15095], 1
5, 7, [7], [5], [33.145782], 1
2, 4, [ 4 15 13], [5 6 2], [-20.379065  15.962896  33.15035 ], 3
10, 9, [9], [10], [33.044106], 1
9, 8, [8], [9], [33.22339], 1
0, 8, [ 8 14], [0 0], [33.04514  33.155872], 2
1, 9, [9], [1], [33.074707], 1
12, 13, [13], [12], [33.199623], 1

3, 3, [3 8], [6 3], [-10.041946  33.18637 ], 2
10, 6, [6], [10], [33.18874], 1
8, 14, [14], [8], [33.166145], 1
4, 14, [14], [4], [33.148415], 1
2, 15, [15 16], [11  2], [-10.076845  33.109074], 2
8, 14, [14], [8], [33.16332], 1
7, 9, [ 9  8 15  8], [5 5 2 7], [-27.934917    3.3518994  11.991513   33.19798  ], 4
9, 1, [1], [9], [33.034706], 1
13, 11, [11], [13], [33.10636], 1
9, 9, [9], [9], [33.04509], 1
12, 14, [14  7], [12 12], [33.015392 33.151443], 2
1, 12, [12], [1], [33.043808], 1
6, 2, [ 2 14 10 11], [6 6 6 6], [27.614166 24.11396  24.951843 33.12374 ], 4
3, 3, [ 3 16], [6 3], [-10.085548  33.113625], 2
6, 6, [6], [6], [33.14303], 1
7, 10, [10 16 11 15], [6 0 7 7], [-23.247623  11.124997  24.997627  33.111687], 4
8, 4, [ 4 14], [8 8], [32.94387 33.16809], 2
4, 9, [ 9 14], [8 4], [-10.058748  33.14881 ], 2
2, 13, [13], [2], [33.15064], 1
9, 7, [7], [9], [33.174877], 1
11, 5, [5], [11], [33.035797], 1
1, 10, [10], [1], [33.07589], 1
2, 9, [9 8], [5 2], [-10.056259  33.14965 ], 2
7, 2, [2 7 8], [5 5 7], [-20.228127  16.059345  33.18872 ], 3
5, 7, [7], [5], [33.14583], 1
8, 6, [6], [8], [33.116016], 1
12, 14, [14 13], [13 12], [-9.9460125 33.19966  ], 2
14, 7, [ 7  6 11  2], [12 12 12 14], [-27.733692   3.49432   12.086224  33.284492], 4
9, 7, [7], [9], [33.172676], 1
7, 1, [ 1 14  8 15  8], [2 7 5 2 7], [-25.53756     7.349432   -3.0481005   7.9915133  33.19798  ], 5
2, 8, [8], [2], [33.15057], 1
12, 9, [9 6], [12 12], [32.99518 33.2404 ], 2

4, 6, [6 7], [4 4], [33.021217 33.146744], 2
7, 1, [ 1 14 15 14  7  6  1], [6 7 2 7 5 5 5], [-32.459225   -4.1882076 -22.264856  -23.901627  -41.78722   -43.222218
 -38.957035 ], 7
3, 13, [13], [3], [33.15397], 1
11, 11, [11], [11], [33.1336], 1
1, 15, [15], [1], [33.064384], 1
9, 10, [10], [9], [33.093544], 1
10, 9, [9], [10], [33.044323], 1
10, 16, [16  2], [ 0 10], [-9.982449 33.12069 ], 2
7, 16, [16], [7], [33.155357], 1
3, 1, [ 1 10], [6 3], [-10.101425  33.075188], 2
10, 12, [12], [10], [33.03772], 1
4, 10, [10 13], [8 4], [-10.015667  33.15342 ], 2
9, 12, [12], [9], [33.04884], 1
14, 2, [2], [14], [33.27572], 1
8, 14, [14], [8], [33.166084], 1
0, 3, [ 3 11], [6 0], [-10.089113  33.108135], 2
2, 2, [2], [2], [33.14116], 1
14, 15, [15  2], [12 14], [-9.961691 33.280643], 2
5, 6, [6 8], [10  5], [-9.929035 33.151573], 2
10, 4, [4], [10], [33.04966], 1
7, 5, [ 5 11], [6 7], [-10.073067  33.141193], 2
8, 5, [5], [8], [33.036926], 1
13, 2, [2], [13], [33.16763], 1
11, 16, [16], [11], [33.188454], 1
8, 5, [ 5 11], [8 8], [32.941757 33.174324], 2
5, 11, [11 15], [7 5], [-10.024033  33.07225 ], 2
10, 12, [12], [10], [33.037727], 1
12, 8, [8], [12], [33.20847], 1
11, 12, [12], [11], [33.037365], 1
1, 1, [1], [1], [33.050426], 1
14, 15, [15 13], [12 14], [-10.018736  33.188587], 2
3, 4, [ 4 16], [5 3], [-10.088591  33.113655], 2

10, 14, [14], [10], [33.0832], 1
2, 8, [8 7], [13  2], [-9.949139 33.143322], 2
7, 3, [ 3  6 13], [6 0 7], [-20.326199  16.045712  33.167454], 3
4, 14, [14  8], [8 4], [-9.952471 33.15081 ], 2
3, 9, [9 6], [5 3], [-10.057983  33.146633], 2
13, 9, [9], [13], [33.045643], 1
3, 14, [14], [3], [33.157402], 1
9, 14, [14], [9], [33.107292], 1
0, 13, [13], [0], [33.15291], 1
4, 2, [2], [4], [33.144768], 1
0, 16, [16  2], [0 0], [33.020954 33.14426 ], 2
10, 5, [5], [10], [33.035534], 1
0, 13, [13], [0], [33.152958], 1
12, 6, [6], [12], [33.231525], 1
4, 2, [2], [4], [33.146435], 1
3, 6, [6], [3], [33.146587], 1
12, 3, [3 6], [12 12], [32.977768 33.23713 ], 2
1, 16, [16], [1], [33.12525], 1
10, 5, [5], [10], [33.03553], 1
14, 8, [ 8 14  7  6  4 10  9], [12 12 12 12 12 12 14], [-39.543198   -16.226099   -20.637344   -21.348713   -15.971408
  -0.04224205  33.103825  ], 7
10, 12, [12], [10], [33.037727], 1
6, 5, [ 5 16], [5 6], [-10.093039  33.106903], 2
12, 12, [12], [12], [33.050972], 1
4, 3, [ 3 12 14], [8 4 4], [-12.601183  28.934967  33.14881 ], 3
12, 11, [11], [12], [33.120262], 1
8, 13, [13], [8], [33.16552], 1
13, 3, [3], [13], [33.035408], 1
3, 8, [8], [3], [33.185642], 1
8, 2, [2], [8], [33.13961], 1
4, 6, [ 6 15 13], [4 8 4], [22.695713  15.9476185 33.15342  ], 3
10, 15, [15], [10], [33.048897], 1
7, 4, [ 4 14  9  8], [7 7 5 7], [22.858559 16.359472 11.972729 33.198967], 4

8, 10, [10 16], [8 8], [32.987316 33.15971 ], 2
0, 3, [ 3 14  8], [6 0 0], [-12.527367  29.043724  33.151207], 3
6, 7, [ 7 14], [6 6], [33.036133 33.142952], 2
14, 9, [9 2], [ 5 14], [-9.957405 33.315285], 2
6, 4, [4 8], [5 6], [-10.08054   33.126717], 2
1, 6, [6], [1], [33.14515], 1
11, 16, [16], [11], [33.188705], 1
5, 15, [15  8], [9 5], [-10.053286  33.15005 ], 2
3, 4, [ 4 14], [5 3], [-10.062462  33.156967], 2
4, 13, [13], [4], [33.154278], 1
2, 13, [13], [2], [33.150524], 1
14, 1, [ 1  7  4 13  8  7 16], [14 12 12 12 12 12 12], [ -0.04702854 -21.860855   -30.044424   -36.82517    -41.70171
 -43.15641    -38.870605  ], 7
13, 11, [11], [13], [33.10638], 1
5, 3, [ 3 13], [5 5], [32.94261  33.155334], 2
10, 9, [9], [10], [33.044044], 1
2, 4, [ 4 14], [5 2], [-10.074162  33.13755 ], 2
8, 6, [6], [8], [33.110683], 1
13, 4, [4], [13], [33.04564], 1
7, 16, [16 15  5 16], [0 2 7 7], [-23.251608  11.034364  24.936476  33.158875], 4
9, 16, [16], [9], [33.13148], 1
13, 5, [5], [13], [33.04083], 1
0, 12, [12 10  8 11], [0 6 0 0], [19.696064 11.087038 25.016727 33.108517], 4
3, 3, [3 8], [6 3], [-10.041973  33.186638], 2
11, 14, [14], [11], [33.072235], 1
12, 14, [14  2], [12 12], [33.01112  33.141285], 2
0, 11, [11], [0], [33.108253], 1
14, 16, [16], [14], [33.13703], 1
2, 9, [ 9 14], [5 2], [-10.063505  33.137966], 2
14, 3, [3 1], [ 5 14], [-10.09193  33.09522], 2
1, 3, [3], [1], [33.043976], 1
8, 14, [14 16 11], [1 8 8], [-12.411486  29.045715  33.170734], 3
3, 7, [7], [3], [33.14333], 1

7, 2, [ 2 14  2  8 14 10 16], [5 7 5 5 7 6 7], [-3.0118294e+01 -4.1859150e-01 -1.5994805e+01 -1.3546109e+01
 -2.8385007e+00 -2.7988434e-02  3.3155426e+01], 7
1, 10, [10], [1], [33.07586], 1
7, 12, [12  4 11 12  7], [6 5 7 6 7], [-28.770605    1.9762568   9.88814     7.9320793  33.14737  ], 5
7, 2, [2 8], [5 7], [-9.948795 33.198967], 2
4, 7, [7], [4], [33.14699], 1
2, 6, [6], [2], [33.146126], 1
2, 15, [15 14], [6 2], [-10.044802  33.137447], 2
4, 4, [ 4 13], [4 4], [32.93549  33.154316], 2
6, 16, [16], [6], [33.10727], 1
0, 2, [2], [0], [33.143814], 1
11, 8, [8], [11], [33.161526], 1
14, 10, [10  6  4  8 16], [12 12 12 12 14], [-33.301723   -5.622095   -3.0960937   8.081003   33.137497 ], 5
10, 11, [11], [10], [33.126007], 1
0, 2, [ 2  5 15 14], [0 5 3 0], [15.077401  3.226538 11.974003 33.15463 ], 4
4, 5, [5 7], [4 4], [32.929134 33.146744], 2
13, 11, [11], [13], [33.10639], 1
7, 3, [ 3  8 11], [7 7 7], [30.489878 29.073072 33.141605], 3
4, 7, [7], [4], [33.146835], 1
10, 8, [8], [10], [33.13534], 1
3, 13, [13], [3], [33.153877], 1
1, 4, [4], [1], [33.04227], 1
9, 15, [15], [9], [33.050842], 1
8, 5, [5 7], [8 8], [32.93441 33.15689], 2
0, 16, [16  2], [7 0], [-9.96277  33.143196], 2
9, 12, [12], [9], [33.04892], 1
4, 12, [12 11 13], [4 4 4], [30.462671 29.029778 33.154408], 3
10, 2, [2], [10], [33.121246], 1
14, 5, [ 5  7  6 13], [ 7 12 12 14], [-27.876328   3.460256  12.147287  33.18859 ], 4
6, 7, [7 1], [6 6], [32.988716 33.06397 ], 2
6, 7, [7], [6], [33.14544], 1
13, 7, [7], [13], [33.155807], 1
9, 11, [11], [9], [33.104523], 1

13, 9, [9], [13], [33.04563], 1
14, 4, [ 4  8 13], [12 12 14], [-20.281826  16.113098  33.19099 ], 3
5, 5, [ 5 15 11], [6 6 5], [-20.395638  15.936142  33.108475], 3
13, 15, [15], [13], [33.05118], 1
9, 16, [16], [9], [33.13189], 1
4, 15, [15], [4], [33.062466], 1
3, 9, [ 9  1  2  1 10 16], [7 6 6 6 6 3], [-37.21308   -12.1088915 -13.60378    -9.579033    3.945983   33.11428  ], 6
11, 5, [5], [11], [33.03572], 1
11, 11, [11 10], [11 11], [33.009113 33.128864], 2
12, 5, [5 6], [12 12], [32.990444 33.25488 ], 2
9, 11, [11], [9], [33.104515], 1
6, 15, [15  3 14 16], [7 6 6 6], [-15.484936  24.050365  25.006905  33.10731 ], 4
14, 15, [15  8 14  7  4  2], [12 12 12 12 14 14], [-35.38718    -9.083458   -8.8036375  -1.5864897  17.072992   33.284492 ], 6
2, 9, [9 8], [7 2], [-10.058184  33.150005], 2
0, 4, [4 7], [5 0], [-10.070803  33.143757], 2
7, 15, [15  8], [2 7], [-10.00613  33.19971], 2
6, 6, [6], [6], [33.14296], 1
6, 8, [8], [6], [33.127018], 1
1, 9, [9], [1], [33.074757], 1
14, 16, [16 14 13  6  7 14 16], [14 12 12 12 12 12 14], [  0.6801233 -20.75436   -28.194767  -33.984943  -37.050316  -35.357857
 -25.86726  ], 7
6, 5, [5 4 5 8], [6 5 6 6], [19.639008  10.9944515 24.918367  33.126717 ], 4
9, 5, [5], [9], [33.033737], 1
12, 6, [6], [12], [33.242752], 1
0, 14, [14 15 14  7], [0 7 0 0], [19.825138 11.120228 25.03955  33.14425 ], 4
13, 7, [7], [13], [33.155807], 1
4, 13, [13], [4], [33.154675], 1
5, 6, [6], [5], [33.172195], 1
0, 4, [ 4 13], [5 0], [-10.065313  33.15295 ], 2
2, 6, [6], [2], [33.14549], 1
9, 8, [8], [9], [33.218536], 1
6, 9, [9 8], [5 6], [-10.070841  33.127174], 2
5, 10, [10 14 12 15  2 15 13], [5 5 6 6 5 6 5], [ 10.006134   -5.1182632 -23.794575  -26.396484  -24.118156  -35.432407
 -25.844692 ], 7

11, 1, [1], [11], [33.036415], 1
1, 16, [16  7], [14  1], [-9.97728  33.143127], 2
7, 15, [15 14], [5 7], [-10.009907  33.181866], 2
13, 5, [5], [13], [33.040833], 1
9, 2, [2], [9], [33.124443], 1
7, 13, [13], [7], [33.1683], 1
12, 9, [9 6], [12 12], [32.995495 33.240814], 2
5, 2, [ 2 11  8], [5 5 5], [30.537949 29.004421 33.149296], 3
8, 16, [16], [8], [33.1596], 1
8, 2, [2], [8], [33.13873], 1
14, 3, [ 3 16  2], [12 12 14], [-20.293869  16.106215  33.2947  ], 3
3, 6, [6], [3], [33.147106], 1
9, 11, [11], [9], [33.1042], 1
3, 2, [ 2  9 16  8], [3 5 2 3], [15.1016445  3.2653384 12.0206375 33.18645  ], 4
0, 5, [ 5 11], [0 0], [32.908554 33.109337], 2
3, 14, [14], [3], [33.156113], 1
10, 4, [4], [10], [33.049713], 1
12, 14, [14 16], [12 12], [33.00157  33.126232], 2
11, 8, [8], [11], [33.164867], 1
10, 14, [14], [10], [33.076206], 1
14, 6, [ 6 15  6  8  7  9], [12 12 12 12 12 14], [-36.93738   -11.966612  -13.3876095  -9.383659    4.029361   33.099407 ], 6
3, 13, [13], [3], [33.153774], 1
7, 8, [8], [7], [33.193474], 1
7, 13, [13 16 14], [7 7 7], [30.59547  29.050003 33.18547 ], 3
8, 9, [ 9 10  8 11], [4 8 4 8], [-20.153397  16.323526  12.055585  33.17438 ], 4
7, 4, [ 4 14], [7 7], [32.951653 33.181618], 2
5, 8, [8], [5], [33.151577], 1
13, 4, [4], [13], [33.04564], 1
13, 7, [7], [13], [33.155807], 1
7, 3, [ 3 13  9  8], [6 7 2 7], [-20.145077  16.347904  11.970728  33.194202], 4
1, 16, [16], [1], [33.121918], 1
3, 8, [8], [3], [33.185738], 1

5, 16, [16], [5], [33.109745], 1
10, 1, [1], [10], [33.037075], 1
1, 7, [7], [1], [33.14321], 1
8, 1, [ 1 14], [8 8], [32.941982 33.16574 ], 2
0, 7, [7], [0], [33.143776], 1
9, 1, [1 8], [11  9], [-10.029552  33.22368 ], 2
10, 10, [10], [10], [33.070084], 1
9, 7, [7], [9], [33.176464], 1
14, 1, [ 1 11  2], [12 12 14], [-20.30872   16.08452   33.281616], 3
2, 14, [14  8], [13  2], [-9.948612 33.1503  ], 2
2, 15, [15  2], [2 2], [32.954773 33.140907], 2
2, 4, [4 2], [5 2], [-10.072323  33.140907], 2
9, 6, [6], [9], [33.230904], 1
2, 16, [16], [2], [33.11243], 1
3, 15, [15  8], [6 3], [-10.009134  33.186584], 2
5, 11, [11], [5], [33.111244], 1
5, 6, [6], [5], [33.174786], 1
10, 12, [12], [10], [33.037712], 1
0, 11, [11], [0], [33.108265], 1
9, 12, [12], [9], [33.046795], 1
8, 12, [12 13], [8 8], [32.943268 33.165367], 2
0, 15, [15 11], [5 0], [-10.054512  33.109306], 2
8, 11, [11], [8], [33.17461], 1
1, 4, [4], [1], [33.04227], 1
13, 16, [16], [13], [33.12406], 1
6, 1, [ 1 11], [5 6], [-10.073544  33.123764], 2
6, 16, [16], [6], [33.107372], 1
11, 15, [15], [11], [33.048702], 1
9, 7, [7], [9], [33.176464], 1
0, 12, [12 14  5 14  8], [0 0 0 0 0], [24.896679 19.754467 17.669113 21.043724 33.151207], 5
1, 2, [2], [1], [33.14731], 1
7, 13, [13], [7], [33.168015], 1

7, 1, [ 1 14], [6 7], [-10.037739  33.184685], 2
6, 11, [11], [6], [33.133812], 1
2, 14, [14], [2], [33.137276], 1
14, 16, [16  8  6 13  1  8  6], [12 12 12 12 14 12 12], [-41.230125 -18.932531 -25.20778  -29.059826 -28.759472 -43.07099
 -38.771885], 7
8, 15, [15  4  8 16], [8 4 4 8], [15.018514  3.271942 12.048289 33.16222 ], 4
12, 3, [3 6], [12 12], [32.979736 33.24044 ], 2
5, 3, [ 3 15  2  7], [6 6 5 5], [-23.299103  11.090487  25.028616  33.145546], 4
9, 10, [10], [9], [33.08712], 1
5, 6, [6], [5], [33.167347], 1
8, 14, [14], [8], [33.165195], 1
5, 10, [10  7], [6 5], [-10.034948  33.145493], 2
12, 15, [15 12], [13 12], [-10.125881  33.039528], 2
6, 9, [ 9  5 16], [7 6 6], [-12.603327  28.90648   33.106903], 3
1, 3, [3], [1], [33.043976], 1
7, 12, [12 14 16], [6 5 7], [-20.320786  16.05938   33.160557], 3
2, 5, [ 5 16], [5 2], [-10.092844  33.107517], 2
14, 12, [12 14], [14 14], [33.0243   33.263634], 2
3, 11, [11], [3], [33.10707], 1
5, 14, [14], [5], [33.156155], 1
14, 12, [12 13  6 13  6 11 14], [12 12 12 12 12 12 12], [-42.95831  -21.706104 -29.837173 -36.80403  -41.667053 -43.187164
 -38.8375  ], 7
0, 9, [ 9  5 12  8], [7 6 6 0], [-28.025902   3.202829  11.934355  33.152138], 4
8, 13, [13], [8], [33.164238], 1
11, 3, [ 3 14], [11 11], [32.877106 33.07212 ], 2
14, 12, [12  2], [12 14], [-9.962843 33.290005], 2
8, 16, [16  8], [8 8], [33.046265 33.151543], 2
5, 8, [8], [5], [33.149647], 1
0, 13, [13], [0], [33.153572], 1
9, 2, [2], [9], [33.124542], 1
9, 14, [14], [9], [33.093796], 1
9, 16, [16], [9], [33.13227], 1
3, 5, [ 5 11], [3 3], [32.907978 33.10706 ], 2
12, 4, [ 4 16], [12 12], [32.924225 33.126175], 2

13, 16, [16], [13], [33.12407], 1
2, 4, [ 4 11], [5 2], [-10.091764  33.10829 ], 2
0, 7, [7], [0], [33.14351], 1
13, 4, [4], [13], [33.04564], 1
7, 6, [ 6 13], [7 7], [33.043446 33.166992], 2
8, 9, [9 6], [4 8], [-10.079962  33.11221 ], 2
8, 11, [11], [8], [33.17395], 1
3, 14, [14], [3], [33.157074], 1
0, 6, [6], [0], [33.144535], 1
4, 11, [11  6 14  8 14 13], [4 4 4 4 4 4], [22.922373 16.319122 11.976793 11.376596 17.042927 33.153484], 6
7, 12, [12 16  8], [6 7 7], [-12.520018  29.061337  33.201565], 3
5, 12, [12 14], [6 5], [-10.066748  33.1494  ], 2
14, 14, [14  2], [12 14], [-9.880539 33.283924], 2
9, 11, [11], [9], [33.104744], 1
2, 16, [16 13], [2 2], [33.005287 33.150562], 2
2, 1, [1], [2], [33.052544], 1
2, 14, [14], [2], [33.137672], 1
14, 5, [ 5 11 13  6 11  9], [ 7 12 12 12 12 14], [-37.105885  -11.938641  -13.423295   -9.365826    3.9815445  33.110348 ], 6
12, 12, [12  7], [12 12], [32.96699  33.154175], 2
0, 13, [13], [0], [33.15286], 1
9, 7, [7], [9], [33.174046], 1
4, 3, [ 3 10 14], [8 4 4], [-12.578148  28.973312  33.14853 ], 3
14, 3, [3 6 9], [ 7 12 14], [-20.285305  16.094635  33.09976 ], 3
6, 3, [ 3 13], [6 6], [32.937366 33.15191 ], 2
6, 1, [ 1 13], [6 6], [32.948162 33.15191 ], 2
9, 16, [16], [9], [33.146667], 1
12, 1, [1 6], [12 12], [32.98258 33.23169], 2
7, 12, [12  1  8 14 11], [6 6 7 7 7], [-25.907932   6.747507  17.823008  21.058163  33.142918], 5
12, 10, [10], [12], [33.081127], 1
10, 3, [3], [10], [33.033615], 1
11, 4, [4], [11], [33.037086], 1
6, 15, [15  5 14], [5 6 6], [-12.576925  28.927183  33.142673], 3

8, 1, [1 8], [4 8], [-10.0649605  33.151676 ], 2
10, 2, [2], [10], [33.12116], 1
7, 4, [4 7], [6 7], [-10.065836  33.147205], 2
14, 1, [ 1  8 14  3 11 16], [ 5 12 12 12 12 14], [-37.118618  -11.9521475 -13.584417   -9.5534935   3.9978876  33.137497 ], 6
9, 6, [6], [9], [33.231033], 1
6, 1, [1 7], [2 6], [-10.060045  33.14513 ], 2
12, 2, [2], [12], [33.13905], 1
0, 8, [8], [0], [33.152107], 1
10, 13, [13], [10], [33.196415], 1
7, 6, [ 6 10  7], [5 6 7], [-20.265415  15.965476  33.147522], 3
2, 1, [1 7], [6 2], [-10.061354  33.14336 ], 2
10, 7, [7], [10], [33.127968], 1
0, 1, [1 8], [6 0], [-10.056705  33.152023], 2
10, 7, [7], [10], [33.127945], 1
14, 14, [14  7 14  7 10 16], [12 12 12 12 12 14], [-37.011826  -11.9339485 -13.521486   -9.448608    3.9540806  33.137497 ], 6
5, 5, [ 5 14 10  8], [6 5 2 5], [-20.151949  16.34286   11.97047   33.150017], 4
4, 15, [15 16], [8 4], [-10.0714855  33.124573 ], 2
2, 7, [ 7 13], [2 2], [33.038   33.15053], 2
5, 13, [13], [5], [33.156044], 1
4, 2, [2], [4], [33.146416], 1
3, 11, [11], [3], [33.107224], 1
13, 15, [15], [13], [33.051186], 1
9, 15, [15], [9], [33.051388], 1
13, 11, [11], [13], [33.106358], 1
5, 15, [15], [5], [33.07213], 1
0, 12, [12  3 11], [6 6 0], [-20.41035   15.910963  33.107925], 3
9, 1, [1], [9], [33.03484], 1
4, 15, [15 14  8], [8 4 4], [-12.519125  29.04218   33.15072 ], 3
0, 10, [10 11], [6 0], [-10.05806  33.10795], 2
1, 13, [13], [1], [33.153206], 1
10, 16, [16 14], [ 7 10], [-10.01124   33.075836], 2
8, 14, [14], [8], [33.165504], 1

13, 10, [10], [13], [33.070477], 1
4, 4, [ 4 11  8 11 14  8  7], [8 4 4 4 4 4 4], [-21.735167   13.702961    7.6201024   4.1154366   4.9742284  13.038988
  33.14691  ], 7
0, 7, [7], [0], [33.143787], 1
12, 13, [13], [12], [33.19794], 1
0, 7, [7], [0], [33.143787], 1
6, 5, [5 7], [6 6], [32.92961  33.145126], 2
10, 11, [11], [10], [33.125717], 1
1, 11, [11], [1], [33.107574], 1
10, 1, [1], [10], [33.03692], 1
7, 2, [ 2  4  5  6  2 13], [5 6 6 7 5 7], [-34.334217   -7.4458976  -5.8199434   3.5636892   4.0340977  33.169712 ], 6
0, 2, [2], [0], [33.143394], 1
8, 2, [2], [8], [33.13869], 1
9, 13, [13], [9], [33.156], 1
5, 9, [9 7], [2 5], [-10.058802  33.14552 ], 2
5, 1, [1 7], [2 5], [-10.060812  33.14554 ], 2
10, 14, [14], [10], [33.076283], 1
6, 4, [4 8], [5 6], [-10.080008  33.126995], 2
13, 3, [3], [13], [33.035408], 1
9, 10, [10], [9], [33.0865], 1
9, 11, [11], [9], [33.104385], 1
11, 5, [5], [11], [33.036064], 1
13, 7, [7], [13], [33.155807], 1
8, 6, [6], [8], [33.109886], 1
9, 11, [11], [9], [33.104645], 1
4, 9, [9 7], [4 4], [32.941406 33.146706], 2
2, 3, [ 3 16], [6 2], [-10.089218  33.10753 ], 2
0, 1, [ 1 15 14], [6 6 0], [-20.368511  15.965491  33.154285], 3
12, 14, [14 16], [12 12], [33.05884 33.12632], 2
11, 3, [3 8], [11 11], [32.93292 33.16516], 2
1, 4, [4], [1], [33.042274], 1
3, 2, [ 2 14], [3 3], [33.03603  33.156113], 2
12, 7, [7], [12], [33.159218], 1

8, 15, [15  6], [8 8], [32.923492 33.112373], 2
9, 5, [5], [9], [33.034172], 1
0, 1, [1 8], [6 0], [-10.057899  33.148872], 2
12, 11, [11], [12], [33.120335], 1
11, 1, [1], [11], [33.0368], 1
4, 8, [8], [4], [33.150856], 1
12, 5, [5 2], [12 12], [32.912285 33.124233], 2
5, 2, [ 2 14], [5 5], [33.025166 33.156143], 2
14, 8, [ 8 13  2], [12 12 14], [-20.104252  16.17268   33.2947  ], 3
4, 13, [13], [4], [33.154263], 1
9, 3, [3], [9], [33.03411], 1
10, 4, [4], [10], [33.0499], 1
0, 1, [ 1  8  4  8 15 14], [6 0 7 0 6 0], [-26.558235    5.649664   -5.8365865   3.5330572   3.9690685  33.155872 ], 6
2, 12, [12  7], [0 2], [-10.07015  33.14336], 2
4, 10, [10  8  1  8 11 15 11], [4 4 8 4 4 4 4], [ 13.838978    1.2591839 -13.15276    -8.65715   -16.34665   -22.462582
 -25.869102 ], 7
12, 16, [16], [12], [33.12635], 1
1, 3, [3], [1], [33.043976], 1
4, 9, [9 2], [8 4], [-10.060156  33.146126], 2
14, 16, [16  4  2], [12 12 14], [-20.254393  16.022736  33.28259 ], 3
10, 13, [13], [10], [33.19642], 1
1, 12, [12], [1], [33.043808], 1
0, 6, [6], [0], [33.144676], 1
12, 16, [16], [12], [33.12617], 1
1, 11, [11], [1], [33.10769], 1
12, 1, [ 1  4 13], [12 12 12], [30.416687 28.965458 33.20136 ], 3
13, 14, [14], [13], [33.166267], 1
1, 2, [2], [1], [33.147316], 1
2, 3, [ 3 16], [7 2], [-10.089354  33.107582], 2
11, 13, [13], [11], [33.16346], 1
4, 10, [10  7], [4 4], [32.97185  33.146152], 2
1, 12, [12], [1], [33.043808], 1
10, 9, [9], [10], [33.044125], 1

0, 9, [ 9 13], [7 0], [-10.055578  33.153183], 2
5, 9, [ 9 14], [5 5], [32.941742 33.146957], 2
8, 11, [11], [8], [33.170395], 1
12, 2, [2], [12], [33.138386], 1
14, 14, [14  2], [12 14], [-9.871368 33.27663 ], 2
13, 6, [6], [13], [33.22754], 1
6, 6, [6], [6], [33.141975], 1
11, 16, [16], [11], [33.18856], 1
4, 9, [ 9 11 16 11  6 14  8], [4 4 8 4 4 4 4], [ 13.840388    1.3100677 -13.034719   -8.6383915 -16.28215   -22.358662
 -25.84916  ], 7
3, 12, [12 15], [0 3], [-10.11585  33.06688], 2
0, 14, [14], [0], [33.154335], 1
2, 12, [12 13], [6 2], [-10.066145  33.15035 ], 2
14, 9, [9 8], [ 5 14], [-10.058973  33.146194], 2
2, 8, [8], [2], [33.149956], 1
5, 13, [13], [5], [33.155373], 1
9, 1, [1 2], [11  9], [-10.089293  33.124332], 2
9, 10, [10], [9], [33.087082], 1
7, 14, [14 15 14 11  8], [7 5 7 7 7], [17.226978  6.75733  17.805212 21.053524 33.1959  ], 5
5, 3, [3 7], [6 5], [-10.066372  33.145687], 2
7, 6, [ 6  1 10  2  7  8], [5 6 6 5 5 7], [-37.105774 -12.094843 -13.582073  -9.432596   4.059346  33.18872 ], 6
11, 8, [8], [11], [33.161945], 1
13, 8, [8], [13], [33.18212], 1
3, 12, [12 16], [0 3], [-10.087893  33.113518], 2
0, 15, [15 14], [6 0], [-10.034508  33.154285], 2
14, 13, [13  7  3  9], [12 12 12 14], [-27.817137    3.3116767  11.909538   33.107376 ], 4
3, 12, [12  6], [0 3], [-10.068686  33.14634 ], 2
5, 11, [11], [5], [33.108433], 1
11, 4, [4], [11], [33.03705], 1
8, 7, [7], [8], [33.157207], 1
0, 14, [14], [0], [33.155037], 1
10, 8, [8 5], [10 10], [32.963837 33.035305], 2
12, 6, [6], [12], [33.247124], 1

4, 4, [ 4 12 14], [4 4 4], [30.403654 28.934464 33.149433], 3
2, 5, [ 5 13], [6 2], [-10.067507  33.15035 ], 2
1, 14, [14], [1], [33.156693], 1
4, 11, [11  8], [4 4], [33.02235  33.150787], 2
10, 13, [13], [10], [33.196377], 1
3, 5, [ 5 10 14], [5 3 3], [-12.57563   28.969963  33.156887], 3
9, 6, [6 8], [3 9], [-9.918245 33.22486 ], 2
8, 1, [1], [8], [33.0412], 1
10, 15, [15], [10], [33.049446], 1
0, 6, [6], [0], [33.1448], 1
2, 6, [6], [2], [33.14589], 1
0, 10, [10  8 14], [6 0 0], [-12.49596   29.043863  33.154865], 3
3, 2, [2], [3], [33.141212], 1
6, 13, [13], [6], [33.161667], 1
1, 14, [14], [1], [33.156673], 1
10, 2, [2], [10], [33.121227], 1
14, 2, [2], [14], [33.26523], 1
1, 12, [12], [1], [33.043808], 1
8, 5, [ 5 13], [8 8], [32.93887  33.165367], 2
8, 7, [7], [8], [33.15679], 1
7, 9, [ 9 14 11], [7 7 7], [30.486088 29.056274 33.14261 ], 3
10, 3, [3], [10], [33.034378], 1
3, 13, [13], [3], [33.153908], 1
0, 9, [ 9 11], [7 0], [-10.082098  33.10795 ], 2
9, 9, [9], [9], [33.045036], 1
1, 1, [1], [1], [33.050426], 1
14, 5, [ 5  7  4  7 13 16], [12 12 14 12 14 14], [-30.761383   -1.3398936   4.150652   -1.5860739  17.073685   33.137398 ], 6
12, 1, [ 1 13], [12 12], [32.958595 33.199436], 2
1, 11, [11], [1], [33.107693], 1
8, 10, [10], [8], [33.09573], 1
14, 16, [16 13], [12 14], [-9.953968 33.190754], 2
2, 12, [12 11], [6 2], [-10.091055  33.108322], 2

3, 11, [11], [3], [33.107197], 1
5, 8, [8], [5], [33.14975], 1
13, 8, [8], [13], [33.18254], 1
8, 12, [12], [8], [33.040405], 1
7, 14, [14 11 16], [7 7 7], [30.598469 29.037725 33.16387 ], 3
14, 2, [2], [14], [33.267754], 1
2, 8, [8], [2], [33.149754], 1
2, 5, [5], [2], [33.04225], 1
8, 4, [4 2], [4 8], [-10.073875  33.138596], 2
10, 6, [6], [10], [33.18902], 1
10, 3, [3], [10], [33.033592], 1
10, 5, [5], [10], [33.03554], 1
14, 5, [ 5 10  7  1  7  6 11], [14 12 12 14 12 12 12], [  2.7125082 -17.240816  -22.196089  -23.92815   -41.696724  -43.09587
 -38.88442  ], 7
3, 8, [8], [3], [33.186268], 1
5, 5, [ 5 12  9 16], [5 5 2 5], [22.758842 16.193962 11.917427 33.1059  ], 4
6, 7, [7 8], [8 6], [-9.976252 33.126816], 2
10, 6, [6], [10], [33.18164], 1
12, 16, [16], [12], [33.126198], 1
11, 7, [7], [11], [33.13086], 1
8, 12, [12 14], [8 8], [32.943382 33.16574 ], 2
7, 7, [ 7 13 11  8], [5 7 5 7], [-20.018631  16.39205   12.048436  33.20158 ], 4
13, 14, [14], [13], [33.166298], 1
7, 11, [11 14], [7 7], [33.04589  33.182556], 2
10, 1, [1], [10], [33.037045], 1
6, 12, [12 14 11], [0 6 6], [-12.545746  29.017487  33.123783], 3
10, 7, [7], [10], [33.12796], 1
2, 8, [8], [2], [33.149857], 1
14, 5, [ 5  6  7 16 11  9], [12 12 12 12 12 14], [-37.08381   -11.875546  -13.52237    -9.479323    3.9811869  33.108658 ], 6
0, 6, [6], [0], [33.144688], 1
0, 8, [8], [0], [33.152218], 1
7, 13, [13], [7], [33.168022], 1
2, 7, [7], [2], [33.14334], 1

12, 7, [7], [12], [33.15133], 1
2, 7, [7], [2], [33.143333], 1
5, 11, [11  7], [5 5], [33.00055 33.14526], 2
14, 11, [11  2], [12 14], [-9.919418 33.275322], 2
12, 9, [ 9 11], [12 12], [32.922985 33.12017 ], 2
0, 11, [11], [0], [33.108284], 1
3, 10, [10  6], [3 3], [32.964897 33.146866], 2
10, 1, [1], [10], [33.037094], 1
12, 10, [10], [12], [33.08139], 1
11, 2, [2], [11], [33.12393], 1
1, 9, [9], [1], [33.074585], 1
1, 8, [8], [1], [33.149773], 1
0, 11, [11], [0], [33.10834], 1
13, 12, [12], [13], [33.042465], 1
8, 3, [ 3 16  8], [1 8 8], [-12.539261  29.034283  33.151676], 3
5, 3, [ 3 15  7], [5 2 5], [22.62357  15.956621 33.145493], 3
7, 6, [6], [7], [33.135853], 1
6, 7, [7], [6], [33.145226], 1
12, 6, [6], [12], [33.240738], 1
1, 7, [7], [1], [33.1432], 1
2, 16, [16], [2], [33.1123], 1
10, 7, [7], [10], [33.12805], 1
1, 15, [15], [1], [33.06439], 1
8, 1, [ 1 14], [6 8], [-10.047386  33.17153 ], 2
4, 12, [12 11 13], [8 4 4], [-12.542788  29.023071  33.15342 ], 3
4, 1, [ 1 14 11 14 16  4  7], [4 4 4 4 8 4 4], [19.582155  10.897149   2.9090028 -3.7033606 -8.091846  12.931318
 33.14722  ], 7
14, 13, [13], [14], [33.188232], 1
2, 9, [9 8], [5 2], [-10.056124  33.149796], 2
6, 10, [10 11], [6 6], [32.95182  33.123756], 2
6, 14, [14 13], [2 6], [-9.970062 33.151684], 2
14, 4, [ 4 13], [12 14], [-10.036301  33.19056 ], 2
1, 8, [8], [1], [33.14979], 1

3, 10, [10 15 10], [3 5 3], [22.627779 15.920986 33.075188], 3
4, 7, [7], [4], [33.14684], 1
6, 8, [8], [6], [33.126884], 1
5, 7, [7], [5], [33.14568], 1
0, 15, [15  7], [0 0], [32.96492  33.143684], 2
1, 5, [5], [1], [33.043915], 1
2, 11, [11], [2], [33.108437], 1
7, 5, [ 5 14  8], [6 7 7], [-12.50494   29.088043  33.192436], 3
7, 14, [14], [7], [33.18392], 1
3, 15, [15  8], [6 3], [-10.009701  33.186726], 2
11, 14, [14], [11], [33.070824], 1
5, 14, [14], [5], [33.1476], 1
4, 16, [16  8], [8 4], [-9.964346 33.15072 ], 2
1, 13, [13], [1], [33.15319], 1
1, 11, [11], [1], [33.107643], 1
7, 6, [ 6 11 16], [7 5 7], [22.75172  16.024527 33.161728], 3
11, 7, [7], [11], [33.1295], 1
4, 4, [ 4  8 16 11  8  3 15], [8 8 8 4 8 8 4], [-39.663567 -16.17767  -20.548256 -21.163284 -37.16464  -35.526535
 -25.94062 ], 7
3, 1, [ 1 14], [6 3], [-10.050711  33.157135], 2
14, 7, [ 7  6 10  8 11  8 13], [12 12 12 14 12 14 14], [-35.73648    -9.828806  -10.105974   -3.6384106  -8.0285225  13.093157
  33.190754 ], 7
10, 10, [10], [10], [33.070126], 1
8, 7, [ 7  4 11], [8 4 8], [22.72233  15.947912 33.17506 ], 3
7, 5, [ 5 14 15  8], [6 7 5 7], [-20.132654   16.375162   11.9988785  33.199608 ], 4
1, 14, [14], [1], [33.15668], 1
8, 10, [10 14], [4 8], [-10.011295  33.167477], 2
2, 8, [8], [2], [33.150932], 1
1, 13, [13], [1], [33.15319], 1
1, 9, [9], [1], [33.07481], 1
11, 15, [15], [11], [33.048183], 1
8, 12, [12  8  2], [4 8 8], [-12.534479  29.03435   33.138313], 3
12, 8, [8], [12], [33.21088], 1
4, 14, [14  2], [4 4], [33.039574 33.146374], 2

11, 14, [14], [11], [33.07068], 1
0, 8, [ 8 14 11], [0 3 0], [22.7626   16.01995  33.108032], 3
8, 11, [11], [8], [33.174957], 1
11, 15, [15], [11], [33.048195], 1
11, 4, [4], [11], [33.037113], 1
7, 7, [7 8], [5 7], [-9.940653 33.18872 ], 2
3, 7, [7], [3], [33.143356], 1
3, 15, [15  8], [7 3], [-10.005693  33.18637 ], 2
6, 13, [13], [6], [33.152847], 1
2, 2, [2], [2], [33.141018], 1
8, 6, [6], [8], [33.112755], 1
12, 2, [2], [12], [33.14672], 1
7, 10, [10 14], [6 7], [-10.013351  33.181618], 2
11, 7, [7], [11], [33.13053], 1
8, 6, [6], [8], [33.112984], 1
13, 4, [4], [13], [33.04564], 1
3, 12, [12  8], [9 3], [-10.042244  33.1867  ], 2
3, 15, [15], [3], [33.067833], 1
7, 9, [ 9 16 15  9 14], [2 7 5 5 7], [-25.59247     7.2555413  -3.1386318   7.961933   33.18547  ], 5
7, 16, [16  6  8 16 15 13], [7 5 7 7 7 7], [15.156479  3.347687 11.993747 11.34273  16.995564 33.168884], 6
2, 3, [ 3 14], [6 2], [-10.071373  33.137447], 2
10, 9, [9], [10], [33.044064], 1
0, 8, [8], [0], [33.149487], 1
1, 6, [6], [1], [33.145115], 1
8, 7, [7], [8], [33.15634], 1
4, 8, [8], [4], [33.15095], 1
9, 3, [3], [9], [33.034985], 1
5, 10, [10 14], [6 5], [-10.034185  33.146957], 2
9, 4, [4], [9], [33.03749], 1
6, 7, [7], [6], [33.147987], 1
10, 5, [5], [10], [33.035507], 1
9, 7, [7], [9], [33.176193], 1

4, 12, [12 13], [8 4], [-10.06176   33.156376], 2
7, 14, [14  8 15  8], [7 5 2 7], [15.189432   3.3518994 11.991513  33.19798  ], 4
3, 11, [11], [3], [33.107254], 1
11, 12, [12], [11], [33.037224], 1
6, 10, [10 11], [6 6], [32.952118 33.123783], 2
7, 11, [11], [7], [33.141014], 1
6, 16, [16], [6], [33.10849], 1
13, 15, [15], [13], [33.051186], 1
5, 16, [16], [5], [33.106327], 1
3, 15, [15 16 12 16  2 14], [6 2 6 2 3 3], [-35.481804   -9.26517    -8.956561   -1.6687908  17.037403   33.156803 ], 6
5, 1, [ 1 13], [6 5], [-10.055771  33.15425 ], 2
8, 15, [15  8 14], [4 8 8], [-12.5104065  29.050655   33.16574  ], 3
2, 7, [7], [2], [33.143337], 1
2, 12, [12  7], [0 2], [-10.070574  33.143364], 2
4, 8, [ 8 13], [4 4], [33.042976 33.153423], 2
14, 1, [ 1  6  4 13  2], [14 12 12 12 14], [ 9.71979  -5.583469 -3.047861  8.162414 33.27702 ], 5
8, 8, [ 8 13], [8 8], [33.049683 33.16412 ], 2
10, 10, [10], [10], [33.07009], 1
8, 2, [2], [8], [33.13848], 1
4, 6, [ 6 13], [4 4], [33.025444 33.154316], 2
12, 12, [12], [12], [33.057194], 1
8, 11, [11], [8], [33.173435], 1
10, 14, [14], [10], [33.076027], 1
1, 1, [1], [1], [33.050426], 1
13, 11, [11], [13], [33.10636], 1
0, 16, [16], [0], [33.116325], 1
3, 4, [ 4 15  2 13], [5 5 3 3], [-23.29902   11.096558  25.034203  33.15348 ], 4
1, 14, [14], [1], [33.156677], 1
3, 4, [ 4 14], [5 3], [-10.062544  33.156937], 2
12, 8, [8], [12], [33.21002], 1
10, 8, [8], [10], [33.13498], 1
6, 9, [9 6 7], [7 2 6], [-20.327858  16.034094  33.145123], 3

14, 5, [ 5  8 13  4  6 11  6], [ 5 12 12 12 12 12 12], [-43.02295  -21.789349 -29.969145 -36.94167  -41.660297 -43.14735
 -38.771885], 7
13, 6, [6], [13], [33.22697], 1
2, 2, [2], [2], [33.14119], 1
12, 6, [6], [12], [33.237], 1
13, 13, [13], [13], [33.189354], 1
4, 7, [7], [4], [33.1473], 1
11, 10, [10], [11], [33.127014], 1
13, 3, [3], [13], [33.035408], 1
1, 16, [16], [1], [33.121334], 1
13, 16, [16], [13], [33.124104], 1
8, 2, [ 2 16 13], [8 8 8], [30.57267  29.052412 33.165337], 3
1, 7, [7], [1], [33.14319], 1
14, 6, [ 6 14], [12 14], [-9.802307 33.26636 ], 2
11, 10, [10], [11], [33.127354], 1
13, 1, [1], [13], [33.037823], 1
1, 6, [6], [1], [33.145157], 1
5, 9, [ 9 14 13  3  8], [5 5 5 6 5], [22.120043 15.109264  9.917969  7.937768 33.151257], 5
3, 16, [16], [3], [33.114628], 1
2, 1, [ 1 11], [6 2], [-10.080742  33.10829 ], 2
1, 9, [9], [1], [33.074806], 1
1, 2, [2], [1], [33.147324], 1
9, 13, [13], [9], [33.15583], 1
4, 13, [13], [4], [33.154602], 1
12, 15, [15 14 13], [13 13 12], [-20.319494  16.050198  33.201355], 3
2, 14, [14], [2], [33.1373], 1
3, 6, [6], [3], [33.146717], 1
1, 5, [5], [1], [33.043907], 1
7, 7, [7 6 8], [5 6 7], [-20.213715  16.06784   33.199608], 3
7, 10, [10  8], [5 7], [-10.004732  33.196102], 2
4, 9, [ 9  6 10  8], [4 4 8 4], [22.84413  16.316769 11.982714 33.15072 ], 4
12, 5, [ 5 11], [12 12], [32.910984 33.120262], 2
5, 6, [6], [5], [33.168385], 1

0, 9, [ 9 15 14], [5 3 0], [-20.36235   15.974004  33.15463 ], 3
7, 7, [7], [7], [33.147266], 1
6, 13, [13], [6], [33.15268], 1
7, 16, [16  8], [7 7], [33.062233 33.194614], 2
4, 4, [4 7], [4 4], [32.93093  33.146744], 2
2, 2, [2], [2], [33.14107], 1
5, 12, [12  7], [5 5], [32.931065 33.14561 ], 2
14, 11, [11 13], [12 14], [-9.969654 33.19059 ], 2
8, 2, [2], [8], [33.138584], 1
10, 15, [15], [10], [33.04899], 1
10, 13, [13], [10], [33.19661], 1
11, 13, [13], [11], [33.163128], 1
12, 9, [9 6], [12 12], [32.998703 33.247177], 2
9, 2, [2], [9], [33.12535], 1
13, 1, [1], [13], [33.037823], 1
9, 14, [14], [9], [33.101658], 1
7, 9, [ 9  2 14  8], [5 7 7 7], [-15.437392  24.18198   25.090637  33.1959  ], 4
5, 3, [3 8], [6 5], [-10.063866  33.14931 ], 2
1, 1, [1], [1], [33.050426], 1
11, 3, [3], [11], [33.033848], 1
11, 1, [1], [11], [33.036503], 1
3, 16, [16], [3], [33.114014], 1
14, 4, [ 4 16  8  4  6  8 11], [12 12 12 12 12 12 12], [-43.06242  -21.853601 -29.968742 -36.93534  -41.648796 -43.13821
 -38.884453], 7
0, 5, [ 5  8 11], [0 0 0], [30.45263  29.016727 33.108517], 3
10, 10, [10], [10], [33.070084], 1
5, 2, [2], [5], [33.14289], 1
3, 5, [5 7], [6 3], [-10.072041  33.1427  ], 2
12, 16, [16], [12], [33.12623], 1
8, 8, [8 2], [4 8], [-9.965864 33.138634], 2
11, 9, [9], [11], [33.046707], 1
8, 12, [12  2], [4 8], [-10.072208  33.138504], 2
14, 10, [10  5 15 11 14 13  2], [12 12 12 12 12 14 14], [-38.755295  -14.716207  -17.931437  -16.657219   -7.9545784  13.161942
  33.284492 ], 7

4, 1, [1 7], [8 4], [-10.070322  33.14691 ], 2
7, 15, [15  7], [2 7], [-10.041853  33.147247], 2
7, 8, [ 8 13], [7 7], [33.089325 33.168694], 2
11, 12, [12], [11], [33.037487], 1
9, 13, [13], [9], [33.15584], 1
11, 6, [6], [11], [33.14483], 1
5, 8, [8], [5], [33.150543], 1
9, 5, [ 5 11], [9 9], [32.897064 33.104347], 2
4, 16, [16 15 14], [8 4 4], [-12.481085  28.948666  33.14881 ], 3
3, 1, [1 8], [6 3], [-10.034672  33.186584], 2
14, 7, [ 7 13  6 11 13  2], [12 12 12 12 12 14], [-36.937374  -11.836049  -13.387082   -9.387217    4.1624136  33.27702  ], 6
14, 14, [14  4  7  6 13], [12 12 12 12 14], [-33.271336   -5.7134647  -2.939744    8.147287   33.18859  ], 5
1, 4, [4], [1], [33.04227], 1
12, 13, [13], [12], [33.199623], 1
2, 9, [ 9 10 13], [5 6 2], [-20.36584   15.968253  33.150345], 3
8, 16, [16 13], [8 8], [33.0424   33.165207], 2
0, 16, [16 13], [0 0], [33.034966 33.15303 ], 2
2, 10, [10  3  8], [6 6 2], [-20.361176  15.935949  33.14965 ], 3
8, 8, [8], [8], [33.151707], 1
5, 9, [ 9 14], [5 5], [32.940964 33.1494  ], 2
11, 11, [11  8], [10 11], [-9.970936 33.165024], 2
7, 11, [11 16  8], [6 7 7], [-12.439274  29.062233  33.194614], 3
12, 7, [7], [12], [33.154163], 1
13, 12, [12], [13], [33.042465], 1
9, 12, [12], [9], [33.04888], 1
13, 15, [15], [13], [33.05118], 1
9, 9, [9], [9], [33.04551], 1
13, 4, [4], [13], [33.04564], 1
14, 13, [13], [14], [33.190804], 1
2, 6, [6], [2], [33.143166], 1
10, 6, [6], [10], [33.188484], 1
9, 15, [15], [9], [33.050594], 1

1, 4, [4], [1], [33.04227], 1
4, 12, [12 11 13], [4 4 4], [30.462471 29.027985 33.154137], 3
8, 8, [ 8 10  2], [8 8 8], [30.536654 28.97583  33.138504], 3
6, 6, [6], [6], [33.143387], 1
3, 2, [ 2 11], [3 3], [33.00666  33.107094], 2
14, 10, [10  6  3], [12 12 14], [-20.250086  16.091463  33.09555 ], 3
0, 12, [12  7], [0 0], [32.930023 33.143692], 2
9, 2, [2], [9], [33.124573], 1
9, 4, [4 2], [11  9], [-10.088224  33.124344], 2
3, 5, [ 5 14], [3 3], [32.93685  33.156113], 2
0, 15, [15  8  6], [6 0 0], [-12.5031185  29.03799    33.14396  ], 3
2, 13, [13], [2], [33.150703], 1
6, 15, [15 14  7], [6 6 6], [30.49236  29.030376 33.145126], 3
5, 7, [7], [5], [33.14574], 1
4, 1, [ 1 14], [8 4], [-10.067703  33.149433], 2
14, 6, [ 6 13  1 14  8  2], [12 12 14 12 12 14], [-32.241035   -4.1152506  -0.5185156  -9.336067    4.1689596  33.2947   ], 6
10, 12, [12], [10], [33.04111], 1
14, 11, [11  2], [12 14], [-9.913776 33.284492], 2
7, 15, [15 16], [5 7], [-10.028967  33.162277], 2
2, 11, [11], [2], [33.108448], 1
2, 13, [13], [2], [33.150955], 1
1, 8, [8], [1], [33.149773], 1
6, 1, [ 1 11], [6 6], [32.93039  33.123734], 2
3, 11, [11], [3], [33.107212], 1
10, 16, [16 11], [ 0 10], [-9.98214 33.1257 ], 2
12, 5, [5 8], [12 12], [32.967205 33.21576 ], 2
11, 13, [13], [11], [33.162437], 1
5, 10, [10 15], [6 5], [-10.078474  33.073093], 2
14, 6, [ 6 11  6  2], [12 12 12 14], [-27.70342    3.437411  12.203104  33.281616], 4
13, 16, [16], [13], [33.124046], 1
14, 7, [ 7  6 15 16  6  2], [12 12 12 12 12 14], [-36.964066 -11.881904 -13.532965  -9.343576   4.207431  33.28259 ], 6
0, 13, [13], [0], [33.15348], 1

11, 9, [9], [11], [33.046776], 1
5, 15, [15 16  9  7], [9 9 5 5], [-23.288996  11.090956  24.943192  33.145245], 4
9, 16, [16], [9], [33.13221], 1
10, 9, [9], [10], [33.04411], 1
7, 1, [ 1 11  8], [6 7 7], [-12.515554  29.053728  33.195614], 3
9, 14, [14], [9], [33.10222], 1
2, 12, [12  8], [6 2], [-10.066534  33.150005], 2
11, 8, [8], [11], [33.164967], 1
12, 1, [ 1 16], [12 12], [32.916504 33.12632 ], 2
3, 9, [ 9 14], [5 3], [-10.0524845  33.156967 ], 2
9, 8, [8 7], [9 9], [33.09565 33.17407], 2
0, 9, [9 7], [5 0], [-10.061089  33.143684], 2
3, 10, [10 14], [6 3], [-10.028366  33.156113], 2
10, 11, [11  8], [ 6 10], [-9.995674 33.13453 ], 2
0, 10, [10  7], [6 0], [-10.036804  33.143757], 2
14, 15, [15 13], [12 14], [-10.019371  33.19075 ], 2
11, 13, [13 11], [10 11], [-9.923906 33.135887], 2
14, 8, [ 8  7  8 13], [12 12 12 14], [-27.739408    3.4339645  12.114567   33.19059  ], 4
10, 16, [16  2], [ 0 10], [-9.982197 33.12068 ], 2
8, 10, [10  3  7], [4 8 8], [-12.555611  28.932493  33.15689 ], 3
6, 15, [15  2 10  8], [6 6 6 6], [27.541481 24.118366 24.95415  33.127174], 4
12, 15, [15  2], [13 12], [-10.075848  33.12294 ], 2
12, 2, [2], [12], [33.145824], 1
14, 10, [10  2], [12 14], [-9.938869 33.27663 ], 2
7, 3, [ 3 15  7 13  6], [6 2 5 7 7], [-30.59085    -1.0617025   4.7718406  21.042858   33.13457  ], 5
0, 10, [10 14], [6 0], [-10.029753  33.15516 ], 2
1, 9, [9], [1], [33.07479], 1
7, 8, [8 7], [5 7], [-9.95484  33.147392], 2
3, 4, [4 8], [5 3], [-10.044991  33.18637 ], 2
6, 13, [13], [6], [33.15804], 1
13, 13, [13], [13], [33.189293], 1
8, 12, [12 11], [4 8], [-10.050875  33.173862], 2

5, 9, [9 8], [5 5], [32.94493 33.1509 ], 2
6, 11, [11], [6], [33.12416], 1
11, 14, [14], [11], [33.07254], 1
4, 10, [10  1  6 12  8], [4 8 4 4 4], [17.080427  6.659219 17.694304 20.935217 33.15069 ], 5
0, 4, [4 6], [7 0], [-10.070276  33.1444  ], 2
3, 1, [ 1 11], [6 3], [-10.081371  33.10723 ], 2
1, 13, [13], [1], [33.15329], 1
12, 2, [2], [12], [33.140575], 1
2, 12, [12], [2], [33.044777], 1
10, 8, [8], [10], [33.13457], 1
9, 14, [14], [9], [33.095955], 1
5, 5, [ 5 14], [6 5], [-10.064014  33.156143], 2
10, 6, [6 4], [10 10], [33.030727 33.04953 ], 2
6, 14, [14  3  8], [6 6 6], [30.49664  28.922232 33.1268  ], 3
4, 11, [11  8], [4 4], [33.02719 33.15081], 2
5, 1, [1 8], [9 5], [-10.066317  33.150093], 2
9, 8, [8], [9], [33.217323], 1
5, 15, [15 13  6 11 14 16], [6 5 5 7 5 5], [-22.933846  11.654728   4.166276  -1.655755  17.02275   33.10604 ], 6
0, 13, [13], [0], [33.153885], 1
6, 14, [14  8], [6 6], [33.01934 33.12748], 2
10, 1, [1], [10], [33.039284], 1
7, 5, [ 5  8 13], [6 5 7], [-20.323631  16.056839  33.166855], 3
14, 3, [ 3 14 16], [12 12 14], [-20.337624  16.031033  33.13748 ], 3
13, 5, [5], [13], [33.04083], 1
4, 8, [8], [4], [33.150837], 1
6, 13, [13], [6], [33.15191], 1
1, 11, [11], [1], [33.107628], 1
11, 13, [13], [11], [33.164574], 1
14, 1, [ 1 16  7  1], [ 5 12 12 14], [-27.941624    3.3451512  12.021976   33.094585 ], 4
10, 3, [3], [10], [33.03361], 1
4, 7, [7], [4], [33.146297], 1
3, 6, [6], [3], [33.146942], 1

6, 9, [ 9 11], [5 6], [-10.073141  33.123764], 2
14, 16, [16], [14], [33.13693], 1
5, 13, [13 10 15 13  8], [5 5 6 5 5], [20.293495  11.897553   4.7007685 21.045752  33.151314 ], 5
1, 3, [3], [1], [33.043976], 1
2, 10, [10], [2], [33.08034], 1
6, 12, [12 13], [6 6], [32.934525 33.15191 ], 2
3, 7, [7], [3], [33.143326], 1
8, 9, [9 8 7], [8 8 8], [30.4785   29.044916 33.155922], 3
4, 2, [2], [4], [33.146145], 1
6, 4, [4 8], [7 6], [-10.08106  33.12691], 2
2, 4, [ 4 12], [5 2], [-10.130297  33.044857], 2
14, 2, [2], [14], [33.2771], 1
13, 8, [8], [13], [33.182487], 1
1, 5, [5], [1], [33.043907], 1
13, 3, [3], [13], [33.035305], 1
13, 5, [5], [13], [33.040833], 1
6, 2, [ 2 13], [6 6], [33.035995 33.151703], 2
3, 6, [6], [3], [33.147114], 1
0, 6, [6], [0], [33.14462], 1
12, 6, [6], [12], [33.23841], 1
5, 2, [ 2 15  7], [5 6 5], [22.707706 15.958715 33.14559 ], 3
0, 7, [7], [0], [33.143654], 1
1, 15, [15], [1], [33.064384], 1
6, 5, [5 8], [6 6], [32.918533 33.127075], 2
1, 6, [6], [1], [33.14517], 1
0, 10, [10 14  6], [6 0 0], [-12.499111  29.03951   33.144184], 3
3, 9, [ 9 11], [5 3], [-10.082806  33.107063], 2
13, 8, [8], [13], [33.18255], 1
10, 11, [11], [10], [33.125877], 1
13, 5, [5], [13], [33.040833], 1
8, 15, [15 14], [4 8], [-10.0402565  33.167477 ], 2
7, 15, [15  8 13], [2 7 7], [-12.470608  29.09005   33.168884], 3

----------------------train at epoch 2-----------------------------
6, 12, [12 13], [0 6], [-10.065216  33.151703], 2
11, 5, [5], [11], [33.035637], 1
10, 7, [7], [10], [33.128113], 1
8, 8, [ 8 13], [8 8], [33.050507 33.165245], 2
1, 7, [7], [1], [33.14321], 1
5, 1, [ 1 11  7], [6 5 5], [-12.547516  28.999968  33.14522 ], 3
7, 4, [ 4 16 11 13], [5 7 7 7], [-15.457156  24.165783  25.030579  33.16874 ], 4
14, 3, [3 2], [ 7 14], [-9.976101 33.277756], 2
13, 7, [7], [13], [33.155807], 1
3, 2, [ 2 14], [3 3], [33.036575 33.156887], 2
6, 8, [8], [6], [33.126884], 1
9, 3, [3], [9], [33.03468], 1
13, 6, [6], [13], [33.226097], 1
11, 14, [14], [11], [33.07254], 1
9, 9, [9], [9], [33.04503], 1
5, 11, [11], [5], [33.110172], 1
8, 4, [4 8], [4 8], [-10.065914  33.151863], 2
12, 5, [5 6], [12 12], [32.990444 33.25488 ], 2
7, 12, [12 15  8], [6 5 7], [-20.361313  15.991744  33.1959  ], 3
1, 7, [7], [1], [33.14319], 1
12, 10, [10], [12], [33.08012], 1
14, 1, [ 1 16], [12 14], [-10.072041  33.13736 ], 2
3, 15, [15  8], [6 3], [-10.009701  33.186726], 2
11, 11, [11  2], [10 11], [-9.995804 33.123577], 2
9, 2, [2], [9], [33.125984], 1
0, 4, [ 4  8 11], [7 0 0], [-12.547604  29.015732  33.10798 ], 3
9, 10, [10], [9], [33.089005], 1
11, 10, [10], [11], [33.127354], 1
4, 8, [8], [4], [33.150837], 1
4, 13, [13], [4], [33.15406], 1
6, 4, [ 4 14 16], [5 6 6], [-12.55262   29.007067  33.106903], 3
14, 4, [ 4  5 16 13], [12  7 12 14], [-27.986834    3.2723753  12.0408     33.18859  ], 4

7, 1, [1 7], [6 7], [-10.060226  33.147205], 2
7, 15, [15 12  8], [2 2 7], [-20.353527   15.9610815  33.197304 ], 3
0, 7, [7], [0], [33.143787], 1
13, 13, [13], [13], [33.189278], 1
14, 3, [ 3 13], [ 7 14], [-10.035036  33.186768], 2
4, 14, [14], [4], [33.148415], 1
13, 1, [1], [13], [33.037823], 1
10, 8, [ 8 13], [ 1 10], [-9.938019 33.19676 ], 2
11, 10, [10], [11], [33.12813], 1
3, 5, [5 6], [5 3], [-10.069647  33.146603], 2
10, 12, [12], [10], [33.037712], 1
14, 6, [ 6 13  8 12  5], [12 12 12 12 14], [-33.130005   -5.625421   -3.0360355   7.9259586  33.09299  ], 5
13, 4, [4], [13], [33.04564], 1
4, 3, [ 3 11 13], [8 4 4], [-12.54351   29.030529  33.156376], 3
1, 12, [12], [1], [33.043808], 1
2, 6, [6], [2], [33.146126], 1
1, 11, [11], [1], [33.10769], 1
6, 16, [16], [6], [33.10727], 1
12, 14, [14  1  6], [12 12 12], [30.51575  28.983196 33.24044 ], 3
12, 4, [ 4  9  5 12], [12 12 12 12], [27.431046 23.970875 24.865908 33.043644], 4
8, 7, [7], [8], [33.15679], 1
3, 9, [ 9  5 13], [7 3 3], [-12.586319  28.935715  33.15348 ], 3
6, 2, [ 2 15 11], [6 5 6], [22.713171 15.946335 33.123856], 3
7, 6, [6], [7], [33.135853], 1
1, 14, [14], [1], [33.156677], 1
9, 6, [6], [9], [33.231033], 1
12, 2, [2], [12], [33.138912], 1
1, 15, [15], [1], [33.064392], 1
1, 13, [13], [1], [33.15343], 1
13, 8, [8], [13], [33.18245], 1
1, 5, [5], [1], [33.043907], 1
14, 16, [16 11  2], [12 12 14], [-20.221642  16.08452   33.281616], 3

10, 8, [8], [10], [33.135155], 1
2, 6, [6], [2], [33.14501], 1
1, 7, [7], [1], [33.14319], 1
1, 16, [16], [1], [33.12525], 1
2, 8, [8], [2], [33.149956], 1
9, 12, [12], [9], [33.048935], 1
11, 12, [12], [11], [33.038765], 1
1, 6, [6], [1], [33.145172], 1
3, 8, [8], [3], [33.185642], 1
13, 1, [1], [13], [33.037823], 1
8, 15, [15 16 14], [4 8 8], [-12.513174  29.046041  33.16574 ], 3
11, 7, [7], [11], [33.13053], 1
6, 12, [12  7], [6 6], [32.930614 33.145126], 2
3, 15, [15  8], [3 3], [32.98481  33.185966], 2
7, 15, [15  2 15 14  2 15  8], [2 7 2 5 7 2 7], [-3.0235929e+01 -5.1662254e-01 -1.6063692e+01 -1.3564983e+01
 -2.8810821e+00 -4.4593811e-03  3.3200401e+01], 7
8, 13, [13], [8], [33.164707], 1
11, 13, [13], [11], [33.162437], 1
14, 9, [ 9 14 13  7 11 10 13], [ 5 12 14 12 12 12 14], [-37.753727 -13.016169 -15.27404  -34.10881  -37.130875 -35.41067
 -25.808754], 7
11, 12, [12], [11], [33.037365], 1
12, 5, [ 5 16], [12 12], [32.91335 33.126  ], 2
10, 13, [13], [10], [33.196415], 1
10, 1, [1], [10], [33.03702], 1
1, 9, [9], [1], [33.07481], 1
13, 8, [8], [13], [33.18254], 1
13, 8, [8], [13], [33.18213], 1
2, 16, [16], [2], [33.112083], 1
12, 8, [8], [12], [33.21088], 1
13, 15, [15], [13], [33.051186], 1
4, 5, [ 5 15], [4 4], [32.87857  33.062473], 2
13, 15, [15], [13], [33.051186], 1
2, 14, [14  5], [13  2], [-10.013422  33.042282], 2
5, 4, [4 7], [5 5], [32.930325 33.145588], 2

7, 3, [ 3 10  9 15  1  7  8], [6 5 5 5 6 5 7], [-39.804512   -16.418142   -20.826244   -21.46579    -15.908173
   0.06534576  33.199608  ], 7
10, 8, [8], [10], [33.13498], 1
5, 15, [15  5], [9 5], [-10.121141  33.043777], 2
5, 15, [15  8], [6 5], [-10.0392475  33.149986 ], 2
4, 9, [ 9 13], [8 4], [-10.055788  33.154408], 2
4, 1, [ 1 14  8], [8 4 4], [-12.532427  29.041779  33.150787], 3
8, 6, [6], [8], [33.11383], 1
5, 13, [13], [5], [33.155373], 1
6, 2, [ 2 11], [6 6], [33.019222 33.12375 ], 2
14, 5, [ 5  7 16 14  6 13  6], [ 7 12 14 12 12 12 12], [-38.343163 -14.00077  -16.94171  -36.79075  -41.588745 -43.056652
 -38.754753], 7
1, 4, [4], [1], [33.04227], 1
9, 14, [14], [9], [33.093796], 1
9, 11, [11], [9], [33.104385], 1
1, 13, [13], [1], [33.153206], 1
1, 13, [13], [1], [33.15329], 1
12, 12, [12], [12], [33.044144], 1
6, 11, [11], [6], [33.123985], 1
8, 8, [ 8  9 16  6], [8 4 8 8], [19.790941 11.06631  25.022665 33.11221 ], 4
9, 2, [2], [9], [33.124542], 1
14, 6, [ 6  1 14 15 12 14 16], [12 12 12 12 14 12 14], [-3.7906776e+01 -1.3582272e+01 -1.6050150e+01 -1.3664009e+01
 -2.8832726e+00  3.0694962e-02  3.3137398e+01], 7
7, 15, [15  6  1  7], [5 5 6 7], [-27.93403     3.3205073  11.942011   33.147522 ], 4
12, 15, [15  7], [13 12], [-10.061855  33.14625 ], 2
3, 4, [ 4 10], [7 3], [-10.112671  33.074455], 2
13, 7, [7], [13], [33.155807], 1
13, 10, [10], [13], [33.070473], 1
5, 2, [ 2 11], [5 5], [32.997566 33.108482], 2
3, 15, [15 14], [6 3], [-10.02857   33.156887], 2
0, 15, [15  6  5 14  8  3 13], [0 0 6 3 0 6 0], [ 12.767848    -0.5180998  -16.105232   -13.580578    -2.8881593
  -0.06204987  33.15179   ], 7
4, 1, [ 1 14], [4 4], [32.93293 33.14881], 2
11, 13, [13], [11], [33.161156], 1
12, 6, [6], [12], [33.242752], 1
0, 14, [14], [0], [33.155037], 1

4, 7, [7], [4], [33.14684], 1
1, 5, [5], [1], [33.043907], 1
13, 1, [1], [13], [33.037823], 1
4, 3, [3 8], [8 4], [-10.071526  33.15069 ], 2
1, 11, [11], [1], [33.107628], 1
8, 10, [10 16 11], [4 8 8], [-12.482807  29.053833  33.178726], 3
5, 15, [15 12 11  2], [9 6 6 5], [-27.99568     3.2464807  12.004766   33.14644  ], 4
4, 11, [11  8], [4 4], [33.02235  33.150787], 2
3, 11, [11], [3], [33.106934], 1
10, 16, [16  4], [ 0 10], [-10.024746  33.049767], 2
0, 6, [6], [0], [33.14462], 1
4, 2, [2], [4], [33.146267], 1
3, 14, [14], [3], [33.15711], 1
8, 13, [13], [8], [33.16552], 1
8, 4, [ 4 16 14], [4 8 8], [-12.529409  29.046041  33.16574 ], 3
2, 13, [13], [2], [33.15064], 1
14, 5, [ 5 10  2], [12 14 14], [-12.505877  29.08767   33.282013], 3
4, 8, [ 8 14], [4 4], [33.04004 33.14853], 2
2, 6, [6], [2], [33.14549], 1
11, 14, [14], [11], [33.070206], 1
9, 3, [ 3 16], [9 9], [32.91376  33.132114], 2
7, 4, [ 4 14  3  4 10  7 14], [7 7 6 7 5 5 7], [ 11.098122   -3.2412558 -20.69515   -21.236076  -37.13116   -35.348335
 -25.823189 ], 7
3, 6, [6], [3], [33.146957], 1
14, 1, [ 1 10  7 13 14 12 13], [14 12 12 12 12 12 12], [ -0.05624104 -21.876854   -29.953342   -36.862663   -41.76477
 -43.212116   -38.8038    ], 7
11, 6, [6], [11], [33.145847], 1
10, 6, [6], [10], [33.18902], 1
12, 7, [7], [12], [33.15133], 1
2, 9, [9 8], [5 2], [-10.055733  33.149704], 2
1, 8, [8], [1], [33.149773], 1
4, 9, [ 9 10  2], [4 4 4], [30.436306 28.971537 33.14627 ], 3
8, 7, [7], [8], [33.157207], 1
5, 10, [10  1 10 14], [2 5 2 5], [-20.181065  16.231045  11.964151  33.139736], 4

4, 2, [2], [4], [33.146416], 1
14, 8, [ 8  6  1  6 16], [12 12 12 12 14], [-33.163506  -5.603714  -3.077166   8.125025  33.137398], 5
4, 10, [10  8], [4 4], [32.974243 33.150787], 2
11, 3, [3], [11], [33.03383], 1
11, 9, [9], [11], [33.046707], 1
9, 13, [13], [9], [33.15582], 1
3, 7, [7], [3], [33.143356], 1
5, 7, [7], [5], [33.14569], 1
3, 12, [12 15  1  8], [0 3 6 3], [-20.205112  16.252296  11.967638  33.186592], 4
14, 8, [ 8  6  1 14  6  8 11], [12 12 14 12 12 12 12], [-38.196434 -13.980954 -17.015114 -36.8304   -41.654922 -43.13839
 -38.884216], 7
0, 15, [15 14], [3 0], [-10.025997  33.15463 ], 2
10, 13, [13], [10], [33.19642], 1
4, 11, [11  8 14 15 13], [4 4 4 4 4], [25.001114 19.783691 17.72142  20.950974 33.153484], 5
11, 3, [3 6], [11 11], [32.92174  33.146828], 2
10, 14, [14], [10], [33.076096], 1
11, 8, [8], [11], [33.161526], 1
6, 9, [ 9 14 15  7], [7 6 5 6], [-20.15821    16.316837   11.9572315  33.145134 ], 4
10, 6, [6], [10], [33.18164], 1
13, 9, [9], [13], [33.04563], 1
10, 14, [14], [10], [33.076283], 1
4, 6, [ 6 16 10  6 14 12 14], [4 8 8 4 4 8 4], [  5.086503 -13.401062 -15.917372 -13.349421 -24.127602 -35.465584
 -25.848251], 7
0, 16, [16  8], [7 0], [-9.957449 33.152065], 2
1, 12, [12], [1], [33.043808], 1
1, 12, [12], [1], [33.043808], 1
4, 11, [11], [4], [33.12781], 1
8, 5, [ 5 13], [8 8], [32.93887  33.165367], 2
12, 4, [ 4  1 16], [12 12 12], [30.395191 28.914646 33.126186], 3
10, 8, [8], [10], [33.134445], 1
5, 7, [7], [5], [33.14583], 1
9, 12, [12 16], [11  9], [-10.079481  33.131447], 2
14, 4, [ 4  6 14], [12 12 14], [-20.232021  16.197693  33.26636 ], 3
5, 16, [16  8], [9 5], [-9.985352 33.149345], 2

13, 16, [16], [13], [33.124073], 1
2, 16, [16  2], [2 2], [32.997025 33.141136], 2
6, 14, [14 13], [2 6], [-9.970861 33.151665], 2
13, 14, [14], [13], [33.166245], 1
6, 2, [ 2 16], [6 6], [33.00928 33.10698], 2
9, 9, [9], [9], [33.04509], 1
5, 5, [5], [5], [33.04339], 1
6, 2, [ 2 15  8], [6 6 6], [30.51343  28.945076 33.127045], 3
14, 4, [ 4 13  8  6 10], [12 12 12 12 14], [-33.28763    -5.56268    -2.9308972   8.128274   33.16693  ], 5
4, 8, [ 8 11  2], [4 4 4], [30.562035 29.018656 33.14626 ], 3
6, 12, [12  8], [6 6], [32.919624 33.127075], 2
11, 7, [7], [11], [33.132683], 1
7, 3, [3 8], [6 7], [-10.038416  33.192436], 2
3, 1, [ 1 14], [6 3], [-10.052483  33.1569  ], 2
7, 8, [8], [7], [33.195], 1
14, 9, [ 9 14], [ 5 14], [-9.960527 33.310272], 2
14, 4, [ 4 16], [12 14], [-10.067217  33.137447], 2
3, 4, [4 7], [5 3], [-10.071068  33.14273 ], 2
14, 11, [11  7  8 14 16  7  2], [12 12 14 14 12 12 14], [-32.10804     -3.7060323    0.22177887  -8.26154    -15.794754
   0.12277794  33.269794  ], 7
4, 11, [11 12 14], [4 4 4], [30.497812 28.934464 33.149433], 3
1, 6, [6], [1], [33.14517], 1
2, 3, [3 7], [6 2], [-10.0677185  33.14336  ], 2
10, 1, [1], [10], [33.037045], 1
4, 15, [15  9  2], [4 8 4], [22.623154 15.939625 33.1461  ], 3
8, 13, [13], [8], [33.165367], 1
3, 13, [13], [3], [33.153915], 1
5, 5, [5 3], [6 5], [-10.12533   33.053406], 2
13, 2, [2], [13], [33.167633], 1
2, 3, [ 3 10  8], [6 6 2], [-20.373016  15.967837  33.14965 ], 3
13, 1, [1], [13], [33.037827], 1
2, 4, [ 4 13], [5 2], [-10.066593  33.15035 ], 2
8, 12, [12 11], [4 8], [-10.050053  33.17506 ], 2

11, 6, [6], [11], [33.146862], 1
11, 15, [15], [11], [33.048183], 1
3, 9, [ 9 14], [5 3], [-10.052912  33.156887], 2
4, 12, [12 16 14], [8 4 4], [-12.543301  29.02063   33.14853 ], 3
10, 3, [3], [10], [33.033592], 1
6, 7, [ 7 16], [6 6], [33.01457  33.107056], 2
5, 1, [1 7], [6 5], [-10.060955  33.145515], 2
4, 15, [15  7], [4 4], [32.94703 33.14691], 2
8, 6, [6], [8], [33.116016], 1
0, 16, [16 14], [0 0], [33.036804 33.15609 ], 2
12, 5, [ 5 14 16], [12 12 12], [30.440264 29.000904 33.126175], 3
8, 16, [16], [8], [33.161568], 1
13, 13, [13], [13], [33.189293], 1
11, 5, [5], [11], [33.036064], 1
13, 3, [3], [13], [33.035305], 1
8, 8, [ 8  3  8 14], [8 8 8 8], [27.59246  24.068752 25.050655 33.16574 ], 4
1, 14, [14], [1], [33.156677], 1
8, 13, [13], [8], [33.164364], 1
14, 11, [11  4 13 12 14  3 16], [12 12 12 12 12 12 12], [-43.056393 -21.95362  -30.01355  -37.01568  -41.803795 -43.277252
 -38.870605], 7
0, 7, [7], [0], [33.143654], 1
14, 15, [15 11 13  1  2], [12 12 12 14 14], [-30.525402   -0.9876666   4.828329   21.053547   33.27702  ], 5
9, 5, [5 6], [11  9], [-10.027611  33.227947], 2
9, 11, [11], [9], [33.104263], 1
9, 6, [6], [9], [33.22605], 1
8, 11, [11], [8], [33.17461], 1
8, 5, [5], [8], [33.036926], 1
12, 15, [15  8], [13 12], [-10.020134  33.215782], 2
3, 1, [1 7], [6 3], [-10.060104  33.142677], 2
8, 8, [8], [8], [33.15177], 1
2, 8, [8], [2], [33.149754], 1
3, 3, [ 3 15 13], [6 6 3], [-20.371124   15.9710045  33.15348  ], 3
1, 5, [5], [1], [33.043907], 1

2, 3, [ 3 13], [6 2], [-10.063633  33.15035 ], 2
14, 12, [12  7  2], [14 12 14], [22.760073 16.140411 33.284492], 3
7, 16, [16], [7], [33.156036], 1
10, 1, [1], [10], [33.036938], 1
4, 14, [14  1 13], [4 8 4], [22.711008 15.933621 33.153484], 3
3, 6, [6], [3], [33.147114], 1
0, 8, [8], [0], [33.152218], 1
4, 7, [7], [4], [33.146805], 1
1, 8, [8], [1], [33.149776], 1
11, 4, [4], [11], [33.03715], 1
11, 4, [4], [11], [33.037125], 1
12, 14, [14  6], [12 12], [33.072063 33.24286 ], 2
3, 1, [ 1 14], [6 3], [-10.051582  33.156113], 2
8, 11, [11], [8], [33.169064], 1
9, 14, [14], [9], [33.095955], 1
9, 9, [9], [9], [33.04551], 1
14, 9, [ 9 11], [ 5 14], [-10.08621  33.10061], 2
4, 15, [15], [4], [33.062466], 1
2, 4, [4 6], [5 2], [-10.070242  33.14495 ], 2
10, 11, [11], [10], [33.12601], 1
5, 14, [14  9 13], [5 5 5], [30.51073  28.947777 33.156006], 3
2, 9, [9 7], [7 2], [-10.062168  33.143364], 2
12, 9, [ 9 13], [12 12], [32.970383 33.19968 ], 2
14, 6, [ 6 14 11 13], [12 12 12 14], [-27.741749    3.3735297  12.028703   33.18859  ], 4
1, 8, [8], [1], [33.149773], 1
8, 3, [ 3 13], [8 8], [32.938065 33.16536 ], 2
12, 8, [8], [12], [33.21041], 1
5, 7, [7], [5], [33.145695], 1
5, 3, [ 3 14], [5 5], [32.93814  33.146957], 2
1, 12, [12], [1], [33.043808], 1
4, 8, [ 8 13], [8 4], [-9.956234 33.154137], 2
12, 14, [14  6], [12 12], [33.066803 33.23713 ], 2

4, 1, [1 7], [8 4], [-10.069288  33.146744], 2
7, 2, [ 2 16], [7 7], [33.02854  33.162285], 2
9, 4, [4], [9], [33.03749], 1
1, 13, [13], [1], [33.153282], 1
7, 15, [15  8], [2 7], [-10.012739  33.19577 ], 2
6, 5, [5 1 8], [6 6 6], [30.398968 28.928057 33.12691 ], 3
1, 2, [2], [1], [33.147293], 1
0, 10, [10 14], [6 0], [-10.029665  33.155556], 2
2, 9, [ 9 14], [5 2], [-10.063671  33.137455], 2
13, 13, [13], [13], [33.18935], 1
13, 7, [7], [13], [33.155807], 1
11, 10, [10], [11], [33.128536], 1
11, 6, [6], [11], [33.145817], 1
7, 10, [10 13 14], [6 7 7], [-12.476488  29.07628   33.184685], 3
12, 1, [1 6], [12 12], [32.98465 33.24286], 2
13, 5, [5], [13], [33.040833], 1
8, 11, [11], [8], [33.17395], 1
1, 11, [11], [1], [33.10771], 1
3, 6, [6], [3], [33.146587], 1
9, 2, [2], [9], [33.125397], 1
13, 13, [13], [13], [33.189354], 1
10, 3, [3], [10], [33.033722], 1
10, 10, [10], [10], [33.07008], 1
8, 9, [9 7], [4 8], [-10.053877  33.155685], 2
9, 4, [4], [9], [33.037506], 1
0, 14, [14  8 16 11], [3 0 0 0], [-15.355308  24.14927   24.99773   33.107624], 4
6, 14, [14  7], [6 6], [33.030293 33.145126], 2
1, 6, [6], [1], [33.144512], 1
2, 12, [12 16], [0 2], [-10.092083  33.107513], 2
8, 11, [11], [8], [33.173435], 1
10, 9, [9], [10], [33.04411], 1
1, 2, [2], [1], [33.1473], 1

5, 16, [16  2], [9 5], [-9.981764 33.14622 ], 2
14, 3, [ 3  4 15 16], [12 12 12 14], [-28.022797   3.222412  11.953497  33.13749 ], 4
3, 2, [ 2 15], [3 3], [32.98249 33.06688], 2
14, 5, [ 5 14  2], [ 7 12 14], [-20.277256  16.125374  33.28105 ], 3
7, 10, [10 13], [6 7], [-10.021437  33.168144], 2
10, 8, [8], [10], [33.13457], 1
4, 13, [13], [4], [33.156513], 1
2, 14, [14], [2], [33.137672], 1
10, 9, [9], [10], [33.044106], 1
10, 15, [15], [10], [33.04904], 1
11, 8, [8], [11], [33.161945], 1
13, 4, [4], [13], [33.04564], 1
5, 6, [6], [5], [33.169693], 1
4, 12, [12 16], [4 4], [32.920513 33.126183], 2
11, 16, [16], [11], [33.18856], 1
12, 12, [12 14 13], [12 12 12], [30.502094 29.04601  33.199436], 3
3, 7, [7], [3], [33.143265], 1
1, 10, [10], [1], [33.075863], 1
8, 4, [4 8], [8 8], [32.934006 33.151585], 2
10, 11, [11], [10], [33.125965], 1
8, 1, [ 1 14], [8 8], [32.941998 33.16683 ], 2
6, 7, [7], [6], [33.147987], 1
1, 8, [8], [1], [33.149784], 1
7, 16, [16  7 10  5  8], [7 5 5 7 7], [12.509533 -1.063889  4.649996 20.9543   33.18872 ], 5
5, 7, [7], [5], [33.14572], 1
13, 6, [6], [13], [33.22749], 1
9, 4, [4], [9], [33.037468], 1
14, 13, [13  6 11  7 16  2], [12 12 12 12 14 14], [-35.235596  -9.052994  -8.830402  -1.576231  17.098953  33.27702 ], 6
2, 1, [1 8], [6 2], [-10.05584   33.149796], 2
2, 12, [12 16], [6 2], [-10.091837  33.10753 ], 2
5, 12, [12 13], [5 5], [32.936253 33.154255], 2
11, 10, [10], [11], [33.11766], 1

13, 14, [14], [13], [33.166267], 1
6, 9, [ 9 16], [5 6], [-10.082176  33.10731 ], 2
13, 8, [8], [13], [33.182487], 1
7, 14, [14], [7], [33.18392], 1
13, 4, [4], [13], [33.04564], 1
3, 8, [8], [3], [33.185738], 1
10, 5, [5], [10], [33.03557], 1
7, 11, [11 10 11  8], [5 5 5 7], [-27.888344    3.3069465  12.048436   33.20158  ], 4
3, 5, [5 6], [3 3], [32.935364 33.146347], 2
2, 1, [1 8], [6 2], [-10.053429  33.14965 ], 2
10, 7, [7], [10], [33.12796], 1
5, 12, [12  8], [5 5], [32.934032 33.150528], 2
2, 7, [7], [2], [33.14334], 1
8, 16, [16], [8], [33.1596], 1
6, 13, [13], [6], [33.15191], 1
7, 14, [14  9  7  9  8], [7 5 5 5 7], [ 9.702434  -5.7890005 -3.0705824  7.9730635 33.199608 ], 5
1, 11, [11], [1], [33.107693], 1
1, 10, [10], [1], [33.075867], 1
6, 10, [10  2  8], [6 6 6], [30.490082 29.021519 33.12691 ], 3
3, 10, [10 14], [6 3], [-10.028366  33.156113], 2
6, 1, [ 1 14  7], [6 6 6], [30.474773 29.029594 33.145126], 3
4, 5, [ 5 13], [8 4], [-10.06859   33.153423], 2
13, 7, [7], [13], [33.155807], 1
0, 7, [7], [0], [33.14351], 1
6, 11, [11], [6], [33.123917], 1
11, 12, [12], [11], [33.037224], 1
6, 6, [6], [6], [33.141975], 1
4, 8, [8], [4], [33.150856], 1
0, 13, [13], [0], [33.152958], 1
3, 11, [11], [3], [33.107212], 1
14, 16, [16 13], [12 14], [-9.95368 33.19059], 2
7, 5, [ 5  8 15  8], [6 5 2 7], [-27.946754    3.3516328  11.991513   33.19798  ], 4

2, 15, [15  7], [2 2], [32.95623  33.143364], 2
4, 4, [4 8], [4 4], [32.933372 33.150787], 2
1, 16, [16], [1], [33.121918], 1
6, 5, [ 5 14  8], [6 6 6], [30.454247 29.01952  33.127174], 3
9, 16, [16], [9], [33.136395], 1
12, 9, [ 9 13], [12 12], [32.97144  33.199585], 2
13, 16, [16], [13], [33.124073], 1
8, 3, [3 8], [8 8], [32.929173 33.151585], 2
11, 9, [9], [11], [33.046753], 1
14, 7, [ 7 13 15  6 13  6 13], [12 14 12 12 14 12 14], [-32.81588   -4.975992 -23.612062 -26.130028 -23.954353 -35.24267
 -25.808754], 7
14, 10, [10  6  2], [12 12 14], [-20.183102  16.203104  33.281616], 3
2, 13, [13], [2], [33.15056], 1
13, 14, [14], [13], [33.166187], 1
7, 4, [4 8], [5 7], [-10.042995  33.190113], 2
12, 7, [7], [12], [33.15666], 1
6, 3, [ 3  2 14 16], [6 6 2 6], [22.854088 16.34645  12.002264 33.106873], 4
4, 12, [12 16  2], [4 8 4], [22.668104 16.037376 33.1461  ], 3
10, 4, [4], [10], [33.0499], 1
7, 14, [14  6], [5 7], [-9.956213 33.13457 ], 2
2, 13, [13], [2], [33.150703], 1
2, 14, [14], [2], [33.137222], 1
5, 10, [10 14 15  7], [5 5 6 5], [22.878407 16.335526 11.961739 33.145546], 4
6, 16, [16], [6], [33.10725], 1
6, 1, [1 7], [6 6], [32.943222 33.145126], 2
12, 10, [10], [12], [33.081127], 1
13, 11, [11], [13], [33.10639], 1
7, 6, [ 6 14 13], [5 7 7], [-12.405888  29.071632  33.16821 ], 3
3, 7, [7], [3], [33.14333], 1
8, 15, [15 16 10], [8 8 8], [30.463198 29.011883 33.097786], 3
3, 4, [ 4 10], [5 3], [-10.111597  33.075073], 2
8, 14, [14], [8], [33.165195], 1
12, 3, [3 8], [12 12], [32.960743 33.208496], 2

6, 12, [12 13], [6 6], [32.934715 33.151703], 2
5, 13, [13], [5], [33.15435], 1
4, 16, [16 14], [4 4], [33.015842 33.149433], 2
4, 14, [14 13], [4 4], [33.0438  33.15342], 2
5, 12, [12  5 16], [5 5 5], [30.387238 28.905973 33.1059  ], 3
1, 5, [5], [1], [33.043915], 1
14, 15, [15  8  6 13  2], [12 12 12 12 14], [-33.243366   -5.528828   -2.8682766   8.172681   33.2947   ], 5
1, 1, [1], [1], [33.050426], 1
14, 13, [13], [14], [33.190567], 1
5, 4, [ 4 13], [5 5], [32.936943 33.156002], 2
8, 1, [1], [8], [33.0412], 1
1, 4, [4], [1], [33.04227], 1
4, 10, [10 13], [4 4], [32.97556  33.153484], 2
10, 2, [2], [10], [33.12149], 1
12, 10, [10], [12], [33.085297], 1
2, 3, [ 3 14], [6 2], [-10.071239  33.13755 ], 2
5, 16, [16], [5], [33.106327], 1
1, 15, [15], [1], [33.06439], 1
0, 7, [7], [0], [33.143787], 1
11, 5, [5 7], [11 11], [32.912693 33.12931 ], 2
8, 10, [10], [8], [33.09573], 1
6, 3, [ 3 11], [6 6], [32.920383 33.123734], 2
10, 6, [6], [10], [33.188484], 1
3, 3, [3 9 8], [6 7 3], [-20.376236  15.962557  33.18637 ], 3
10, 15, [15], [10], [33.04915], 1
3, 16, [16], [3], [33.11694], 1
12, 5, [5 6], [12 12], [32.990673 33.25488 ], 2
8, 5, [ 5 16], [8 8], [32.934147 33.161636], 2
7, 6, [6 7 8], [0 5 7], [-20.215553  16.065346  33.199608], 3
7, 7, [7], [7], [33.147266], 1
14, 14, [14], [14], [33.262383], 1
3, 3, [3 8], [6 3], [-10.041687  33.186726], 2

2, 5, [5 8], [0 2], [-10.067501  33.149837], 2
14, 10, [10 13], [10 14], [-9.995081 33.186783], 2
5, 2, [ 2 16], [5 5], [33.004047 33.108177], 2
0, 6, [6], [0], [33.144688], 1
7, 10, [10 13 14 11 15 13 14], [6 0 5 5 7 7 5], [-40.333275 -17.351187 -22.516262 -24.465508 -20.988323 -30.137274
 -38.83547 ], 7
5, 15, [15  8], [2 5], [-10.0410385  33.149395 ], 2
9, 12, [12], [9], [33.04892], 1
11, 12, [12], [11], [33.03915], 1
5, 1, [ 1 14], [6 5], [-10.053951  33.156143], 2
2, 5, [ 5 14], [5 2], [-10.074842  33.13752 ], 2
13, 13, [13], [13], [33.189354], 1
7, 2, [ 2 11 16], [7 5 7], [22.73631  16.024527 33.161728], 3
4, 1, [ 1 14 13], [4 4 4], [30.470146 29.0438   33.15342 ], 3
2, 6, [6], [2], [33.150223], 1
2, 8, [8], [2], [33.15057], 1
13, 11, [11], [13], [33.106358], 1
13, 7, [7], [13], [33.155807], 1
1, 12, [12], [1], [33.043808], 1
11, 1, [1], [11], [33.036415], 1
12, 10, [10], [12], [33.08139], 1
7, 9, [ 9 11  4 14 11  8], [5 7 5 7 7 7], [-24.871374    8.458677   -1.1170259  11.399435   17.04439    33.192493 ], 6
11, 1, [1], [11], [33.036503], 1
0, 2, [2 8 6], [0 0 0], [30.563618 29.0369   33.143257], 3
10, 11, [11], [10], [33.126007], 1
10, 12, [12], [10], [33.037727], 1
12, 13, [13], [12], [33.199623], 1
9, 14, [14], [9], [33.09831], 1
14, 9, [ 9 13], [ 5 14], [-10.0346775  33.18679  ], 2
5, 7, [7], [5], [33.14574], 1
11, 16, [16], [11], [33.188454], 1
7, 1, [ 1 13], [2 7], [-10.046118  33.168503], 2
5, 12, [12  8], [6 5], [-10.065802  33.150707], 2

12, 6, [6], [12], [33.237], 1
5, 5, [5 8], [6 5], [-10.066914  33.151314], 2
3, 7, [7], [3], [33.143307], 1
11, 4, [4], [11], [33.037113], 1
4, 6, [6 2], [4 4], [33.015827 33.1461  ], 2
14, 2, [2], [14], [33.275642], 1
4, 4, [ 4 14  9  1 16  1 13], [4 8 8 8 4 8 4], [  4.917142   -13.542902   -16.166573   -13.697898    -2.9009385
  -0.06350899  33.156376  ], 7
12, 16, [16], [12], [33.126183], 1
2, 11, [11], [2], [33.1085], 1
11, 11, [11], [11], [33.13514], 1
2, 6, [6], [2], [33.14589], 1
11, 2, [ 2 11], [10 11], [-9.997831 33.13372 ], 2
9, 8, [8], [9], [33.217323], 1
8, 6, [6], [8], [33.110683], 1
2, 16, [16], [2], [33.11243], 1
10, 10, [10], [10], [33.070103], 1
7, 7, [ 7 11 15  8], [5 7 5 7], [-20.050957  16.339106  11.999504  33.199986], 4
8, 14, [14], [8], [33.166084], 1
11, 3, [3], [11], [33.033833], 1
7, 9, [9 8], [2 7], [-10.029272  33.194202], 2
9, 12, [12], [9], [33.04884], 1
0, 11, [11], [0], [33.108253], 1
3, 2, [2], [3], [33.141212], 1
1, 10, [10], [1], [33.07585], 1
8, 16, [16  8 14], [4 8 8], [-12.437225  29.051847  33.167477], 3
7, 6, [ 6 16], [5 7], [-9.946995 33.16284 ], 2
6, 13, [13], [6], [33.15181], 1
10, 6, [6], [10], [33.174072], 1
10, 16, [16 13], [10 10], [33.06152 33.19689], 2
9, 7, [7], [9], [33.176464], 1
10, 11, [11], [10], [33.125717], 1
10, 11, [11], [10], [33.125877], 1

4, 1, [ 1 10  2], [8 4 4], [-12.574335  28.971712  33.14469 ], 3
5, 2, [2 8], [5 5], [33.02188  33.150673], 2
7, 16, [16  7], [7 7], [33.03812  33.147312], 2
12, 14, [14  9 13], [13 12 12], [-12.488117  28.96999   33.199688], 3
0, 16, [16  8], [0 0], [33.034225 33.152428], 2
11, 7, [7], [11], [33.13334], 1
8, 3, [ 3 16 11], [8 4 8], [22.660202 16.036703 33.17506 ], 3
7, 5, [5 8], [6 7], [-10.040091  33.196102], 2
10, 16, [16 10], [ 0 10], [-10.015734  33.06971 ], 2
10, 16, [16  7], [ 7 10], [-9.980068 33.12779 ], 2
12, 14, [14 10], [12 12], [33.031124 33.080124], 2
7, 11, [11 15  3  8], [7 5 7 7], [19.777283 11.068208 24.967226 33.19715 ], 4
5, 1, [1 6], [2 5], [-10.050095  33.1634  ], 2
3, 14, [14], [3], [33.156113], 1
14, 1, [ 1 16], [ 5 14], [-10.064869  33.137436], 2
14, 9, [ 9 10], [ 5 14], [-10.04385   33.168453], 2
9, 14, [14], [9], [33.10222], 1
8, 7, [7], [8], [33.15709], 1
14, 9, [ 9 10  2], [ 5 12 14], [-20.32079   16.03895   33.269794], 3
5, 13, [13], [5], [33.156036], 1
3, 2, [2], [3], [33.14143], 1
11, 15, [15], [11], [33.048702], 1
1, 7, [7], [1], [33.14321], 1
0, 11, [11], [0], [33.108265], 1
7, 10, [10  5  8], [5 6 7], [-20.346447  15.959909  33.196102], 3
14, 1, [ 1 14], [ 5 14], [-9.990053 33.264435], 2
3, 2, [2 8], [3 3], [33.05478 33.18651], 2
12, 1, [ 1 13], [12 12], [32.96338  33.199688], 2
6, 13, [13], [6], [33.161667], 1
9, 6, [6], [9], [33.228832], 1
14, 11, [11  2], [12 14], [-9.913776 33.284492], 2
6, 3, [ 3  5 13], [6 2 6], [22.606102 15.933475 33.151695], 3

1, 5, [5], [1], [33.043907], 1
6, 13, [13], [6], [33.15268], 1
5, 16, [16 13], [9 5], [-9.975971 33.15604 ], 2
6, 1, [1 7], [6 6], [32.938988 33.145126], 2
12, 11, [11], [12], [33.120163], 1
4, 8, [8], [4], [33.150936], 1
0, 12, [12 13], [6 0], [-10.064522  33.153137], 2
10, 12, [12], [10], [33.04111], 1
3, 4, [4 8], [5 3], [-10.044689  33.18669 ], 2
4, 5, [ 5 16 10], [8 8 4], [-20.361084  15.998396  33.083466], 3
9, 1, [1], [9], [33.03484], 1
9, 10, [10], [9], [33.08753], 1
2, 5, [5 8], [6 2], [-10.067839  33.149796], 2
0, 16, [16 14], [7 0], [-9.957979 33.15584 ], 2
14, 12, [12  7  9], [14 12 14], [22.700615 16.04548  33.110893], 3
12, 11, [11], [12], [33.120224], 1
13, 12, [12], [13], [33.042465], 1
6, 14, [14  8], [2 6], [-9.98506  33.126686], 2
3, 10, [10], [3], [33.076355], 1
8, 6, [6 7], [4 8], [-9.977243 33.15724 ], 2
13, 16, [16], [13], [33.124104], 1
9, 13, [13], [9], [33.156006], 1
4, 6, [6 8], [4 4], [33.018177 33.15081 ], 2
3, 11, [11], [3], [33.107254], 1
7, 3, [ 3  8 15  3  8], [7 7 7 7 7], [24.920238 19.79034  17.670387 20.960255 33.18872 ], 5
10, 4, [4], [10], [33.049797], 1
8, 3, [ 3 14], [8 8], [32.937805 33.16574 ], 2
9, 14, [14], [9], [33.101658], 1
13, 3, [3], [13], [33.035408], 1
2, 1, [ 1 14], [6 2], [-10.063417  33.137444], 2
0, 1, [1 2], [6 0], [-10.061996  33.14339 ], 2
10, 8, [8], [10], [33.13534], 1

5, 15, [15 14 13 14 16], [6 5 5 5 5], [-18.034904  19.81963   17.768578  21.022118  33.106056], 5
1, 1, [1], [1], [33.050426], 1
10, 9, [9], [10], [33.04407], 1
4, 1, [ 1 14 15  3  4  7], [8 4 4 8 8 4], [-24.721237    8.728719   -0.703527   -9.6040125   3.9312048  33.14691  ], 6
10, 9, [9], [10], [33.044044], 1
4, 14, [14 13], [4 4], [33.043896 33.154316], 2
5, 8, [8], [5], [33.15072], 1
3, 13, [13], [3], [33.153908], 1
1, 11, [11], [1], [33.107628], 1
3, 11, [11], [3], [33.107224], 1
7, 4, [ 4 14  8 14  5 11  7], [5 7 5 7 6 7 7], [-28.074553    3.1370625 -10.068716   -3.7095118  -8.146339   13.019516
  33.14759  ], 7
4, 7, [7], [4], [33.146297], 1
12, 10, [10], [12], [33.08094], 1
0, 9, [9 7], [5 0], [-10.0606    33.143585], 2
6, 2, [ 2 11], [6 6], [33.020035 33.12374 ], 2
9, 11, [11], [9], [33.104515], 1
8, 9, [9 7], [4 8], [-10.053095  33.15736 ], 2
12, 11, [11], [12], [33.120316], 1
3, 4, [ 4 11], [5 3], [-10.092514  33.107117], 2
8, 16, [16  6], [8 8], [33.012516 33.109863], 2
9, 5, [5], [9], [33.033737], 1
1, 2, [2], [1], [33.147316], 1
8, 10, [10 13], [4 8], [-10.012634  33.165245], 2
7, 8, [ 8 14 10  3 16], [7 7 5 7 7], [20.363583  11.959125   4.6445236 20.945179  33.163593 ], 5
10, 15, [15], [10], [33.04932], 1
11, 2, [2 5], [11 11], [32.943832 33.03557 ], 2
0, 3, [3 8], [6 0], [-10.064671  33.148872], 2
9, 5, [5], [9], [33.034172], 1
12, 7, [7], [12], [33.159218], 1
6, 15, [15  8], [6 6], [32.950214 33.1268  ], 2
8, 5, [5], [8], [33.037212], 1
14, 9, [ 9 14], [ 5 14], [-9.960051 33.31107 ], 2

5, 9, [ 9 16], [5 5], [32.91813 33.10608], 2
7, 14, [14  5 10  7 11  8], [7 7 7 5 7 7], [20.085981  11.505131   4.1072183 -1.6209993 17.05524   33.19715  ], 6
14, 2, [2], [14], [33.26523], 1
7, 11, [11  7], [7 7], [33.01887  33.147438], 2
6, 10, [10  8], [6 6], [32.953823 33.126717], 2
6, 8, [8], [6], [33.127327], 1
10, 14, [14], [10], [33.0832], 1
13, 7, [7], [13], [33.15581], 1
2, 14, [14], [2], [33.13724], 1
0, 8, [ 8 14  8  2], [0 3 0 0], [19.857058 11.17738  25.037079 33.14408 ], 4
9, 14, [14], [9], [33.107292], 1
0, 5, [ 5  8 11], [0 0 0], [30.45263  29.016727 33.108517], 3
14, 15, [15 13  2], [12 14 14], [-12.4399395  29.161942   33.284492 ], 3
2, 11, [11], [2], [33.108437], 1
11, 9, [9], [11], [33.04677], 1
2, 10, [10  2], [6 2], [-10.037357  33.140995], 2
4, 16, [16  8 10], [8 4 4], [-12.453806  29.00092   33.083466], 3
3, 1, [ 1 16], [6 3], [-10.076813  33.113632], 2
8, 6, [6], [8], [33.112984], 1
4, 12, [12  7], [8 4], [-10.068298  33.14722 ], 2
13, 1, [1], [13], [33.037823], 1
14, 11, [11  6 11  6 13], [12 12 12 12 14], [-33.221302   -5.56115    -2.9945188   8.150156   33.19099  ], 5
0, 8, [8 2], [0 0], [33.03778  33.145287], 2
6, 3, [ 3  2 13], [6 6 6], [30.467749 29.035995 33.151703], 3
14, 7, [7 9], [12 14], [-9.965822 33.103825], 2
11, 16, [16], [11], [33.186607], 1
3, 5, [ 5 16], [3 3], [32.91094  33.113564], 2
6, 8, [8], [6], [33.12749], 1
4, 10, [10  2], [4 4], [32.97171 33.14469], 2
14, 15, [15  7  6  8  7  6 14], [12 12 12 12 12 12 14], [-39.610966   -16.134813   -20.499815   -21.229485   -15.71616
   0.19769287  33.26636   ], 7
7, 14, [14 15 11  7], [7 5 7 7], [19.825907 11.088877 25.024456 33.147453], 4
0, 2, [2], [0], [33.14327], 1

0, 9, [ 9 11], [7 0], [-10.082607  33.108135], 2
10, 4, [4], [10], [33.04966], 1
4, 2, [2], [4], [33.14661], 1
14, 7, [ 7 12], [12 14], [-9.960619 33.100727], 2
11, 14, [14], [11], [33.070824], 1
3, 11, [11], [3], [33.107307], 1
12, 13, [13], [12], [33.197273], 1
12, 12, [12], [12], [33.057194], 1
8, 16, [16  9 10], [8 4 8], [22.700228 15.911021 33.097786], 3
7, 9, [ 9  3  6  3 16], [5 6 6 6 7], [-33.431755   -5.806413   -3.0876489   7.9429293  33.161255 ], 5
0, 15, [15  7  8], [5 0 0], [-12.499077  29.035034  33.15119 ], 3
14, 15, [15  8 11 14  7  6  1], [12 14 12 14 12 12 14], [-29.048054     1.4762821  -12.837368    -8.254917   -15.783715
   0.09230804  33.09588   ], 7
14, 11, [11 14  7  8  9], [12 12 12 12 14], [-33.26387    -5.6320066  -2.9908447   8.074598   33.110348 ], 5
8, 11, [11], [8], [33.177547], 1
10, 5, [5], [10], [33.03554], 1
3, 5, [5 8], [6 3], [-10.045755  33.18651 ], 2
14, 8, [8 2], [12 14], [-9.8253975 33.27702  ], 2
8, 11, [11], [8], [33.170395], 1
13, 16, [16], [13], [33.124046], 1
4, 7, [7], [4], [33.14699], 1
6, 2, [2 7], [6 6], [33.03277  33.145126], 2
1, 15, [15], [1], [33.064384], 1
7, 5, [ 5 15  2  8  6  8], [6 2 5 7 5 7], [-34.361046   -7.3387723  -5.6914873   3.6278617   4.065238   33.18872  ], 6
7, 1, [ 1 15 11 14 13  8], [6 2 5 5 7 7], [-35.477936   -9.218732   -8.823209   -1.5844946  17.084955   33.20158  ], 6
1, 6, [6], [1], [33.145115], 1
11, 15, [15], [11], [33.04847], 1
0, 9, [ 9 15 10  8], [5 5 6 0], [-27.990921    3.2617457  11.967897   33.15119  ], 4
12, 16, [16], [12], [33.12619], 1
2, 5, [5 8], [7 2], [-10.067757  33.150005], 2
6, 9, [ 9 10 14  3  8], [5 6 6 6 6], [-18.129654  19.69582   17.696623  20.922344  33.127174], 5
10, 16, [16 15], [ 0 10], [-10.02557  33.04882], 2
4, 3, [ 3 13], [8 4], [-10.069681  33.154137], 2

12, 15, [15 10], [13 12], [-10.112495  33.062103], 2
13, 12, [12], [13], [33.042465], 1
4, 13, [13], [4], [33.154675], 1
6, 8, [8], [6], [33.126945], 1
13, 16, [16], [13], [33.12406], 1
14, 8, [8 2], [12 14], [-9.838566 33.281616], 2
9, 15, [15], [9], [33.051388], 1
9, 10, [10], [9], [33.093544], 1
11, 13, [13], [11], [33.163128], 1
1, 9, [9], [1], [33.074757], 1
0, 16, [16  2], [0 0], [33.020954 33.14426 ], 2
7, 12, [12 13  3  2 16], [0 7 6 5 7], [-25.585896   7.284255  -3.135355   8.030774  33.162422], 5
3, 15, [15 11], [6 3], [-10.056936  33.106915], 2
5, 3, [ 3 13], [6 5], [-10.059801  33.15664 ], 2
5, 5, [ 5 14 13], [6 5 5], [-12.524921  29.05457   33.156654], 3
9, 3, [3], [9], [33.034107], 1
3, 13, [13], [3], [33.153774], 1
9, 3, [ 3  6 13], [9 9 9], [30.49208  29.096909 33.155777], 3
2, 6, [6], [2], [33.146244], 1
6, 5, [5 8], [6 6], [32.918365 33.126717], 2
4, 4, [ 4  3  9 13], [4 8 8 4], [14.965728   3.2045882 11.944212  33.154408 ], 4
6, 16, [16], [6], [33.108067], 1
1, 13, [13], [1], [33.15319], 1
0, 13, [13], [0], [33.153885], 1
2, 9, [ 9 14], [5 2], [-10.064291  33.137505], 2
12, 5, [ 5 11], [12 12], [32.910965 33.120335], 2
7, 11, [11  8], [7 7], [33.05665 33.1971 ], 2
13, 6, [6], [13], [33.226135], 1
6, 10, [10 16], [6 6], [32.941734 33.10689 ], 2
2, 5, [5 8], [6 2], [-10.067532  33.14965 ], 2
0, 8, [8], [0], [33.152107], 1
8, 14, [14], [8], [33.165016], 1

6, 9, [ 9 14  2 14  7], [2 6 6 6 6], [-18.065819  19.800388  17.763435  21.029404  33.14513 ], 5
3, 6, [6], [3], [33.147106], 1
2, 12, [12], [2], [33.044777], 1
5, 9, [ 9  5 11  8], [5 6 7 5], [15.007972   3.2559686 12.02272   33.150173 ], 4
2, 8, [8], [2], [33.150932], 1
4, 16, [16  8 14], [8 8 4], [-20.22594   16.040571  33.14881 ], 3
9, 2, [2], [9], [33.124573], 1
14, 14, [14  2], [14 14], [33.17719  33.269794], 2
10, 12, [12], [10], [33.037727], 1
10, 6, [ 6 14], [ 1 10], [-10.0053005  33.07555  ], 2
12, 15, [15  6], [13 12], [-9.996693 33.254864], 2
0, 2, [2], [0], [33.143703], 1
11, 15, [15], [11], [33.048195], 1
3, 9, [ 9 10], [3 3], [32.90158  33.075874], 2
1, 16, [16], [1], [33.121326], 1
3, 14, [14], [3], [33.154865], 1
13, 15, [15], [13], [33.05118], 1
2, 1, [1 8], [6 2], [-10.057493  33.149796], 2
6, 6, [6], [6], [33.14303], 1
14, 11, [11 10  6  2], [12 14 12 14], [-20.01772   16.443813  12.207431  33.28259 ], 4
10, 6, [ 6 16], [10 10], [33.10972  33.181187], 2
4, 6, [ 6 10], [4 4], [32.983128 33.083466], 2
7, 2, [ 2 13], [5 7], [-9.965786 33.16815 ], 2
4, 5, [5 8], [8 4], [-10.070484  33.15072 ], 2
13, 11, [11], [13], [33.106358], 1
13, 12, [12], [13], [33.042465], 1
3, 8, [8], [3], [33.186142], 1
6, 11, [11], [6], [33.12397], 1
14, 5, [ 5  7  6 10  8 13], [ 7 12 12 12 12 14], [-37.073452 -11.885522 -13.440775  -9.46056    4.113098  33.19099 ], 6
7, 11, [11 14], [6 7], [-9.96623 33.18397], 2
9, 9, [9], [9], [33.04529], 1
3, 14, [14], [3], [33.157402], 1

9, 2, [2], [9], [33.12535], 1
7, 9, [ 9 13], [5 7], [-10.045181  33.168125], 2
4, 11, [11  9 14  1  8], [4 4 4 4 4], [24.9399   19.681465 17.712328 20.9343   33.15072 ], 5
14, 11, [11  6 16 15 13], [12 12 12 12 14], [-33.25343    -5.6149664  -3.0818324   7.9842033  33.18859  ], 5
4, 10, [10  8  2], [4 4 4], [30.507309 29.038525 33.146004], 3
12, 15, [15  2], [13 12], [-10.074503  33.1252  ], 2
5, 15, [15], [5], [33.07213], 1
12, 2, [2], [12], [33.13905], 1
8, 16, [16  2], [8 8], [33.026318 33.1384  ], 2
14, 16, [16  7  3  2], [14 12 14 14], [19.846436 11.189491 25.041824 33.27702 ], 4
10, 7, [7], [10], [33.12805], 1
2, 9, [9 6], [5 2], [-10.059082  33.144947], 2
0, 11, [11], [0], [33.10834], 1
3, 8, [8], [3], [33.186146], 1
11, 2, [2], [11], [33.123756], 1
10, 9, [9], [10], [33.044323], 1
0, 11, [11], [0], [33.108772], 1
10, 9, [9], [10], [33.044125], 1
12, 9, [9 8], [12 12], [32.97604  33.209404], 2
8, 6, [6], [8], [33.109886], 1
13, 14, [14], [13], [33.16631], 1
9, 7, [7], [9], [33.174046], 1
14, 16, [16], [14], [33.13693], 1
2, 2, [2], [2], [33.14119], 1
10, 16, [16], [10], [33.16784], 1
13, 16, [16], [13], [33.12407], 1
5, 6, [ 6 14 10 11  3  8], [10  5  5  7  5  5], [-22.865377   11.591004    4.05361    -1.7052345  16.940285   33.151596 ], 6
7, 12, [12 13], [0 7], [-10.055546  33.168144], 2
5, 6, [6], [5], [33.168385], 1
14, 15, [15  1  6  2], [12 12 12 14], [-27.91443     3.3624294  12.203104   33.281616 ], 4
10, 3, [3], [10], [33.033638], 1
0, 15, [15 13], [6 0], [-10.034353  33.1526  ], 2

13, 4, [4], [13], [33.04564], 1
11, 2, [2], [11], [33.12384], 1
1, 1, [1], [1], [33.050426], 1
5, 6, [6], [5], [33.174786], 1
10, 5, [5], [10], [33.035534], 1
14, 5, [ 5 13], [14 14], [32.971436 33.190727], 2
9, 15, [15], [9], [33.050594], 1
13, 12, [12], [13], [33.042465], 1
9, 7, [7], [9], [33.176464], 1
9, 5, [5], [9], [33.03359], 1
12, 14, [14  7], [13 12], [-9.970261 33.15925 ], 2
13, 9, [9], [13], [33.045628], 1
9, 5, [5], [9], [33.033623], 1
14, 12, [12  8  2], [12 12 14], [-20.23547  16.16896  33.2947 ], 3
9, 15, [15 11], [9 9], [32.9127  33.10423], 2
14, 7, [ 7  4  7 13], [12 12 12 14], [-27.861538   3.296102  12.075254  33.190754], 4
14, 1, [ 1 13], [12 14], [-10.046278  33.18859 ], 2
12, 13, [13], [12], [33.199554], 1
6, 5, [ 5 14  8], [2 6 6], [-12.5459385  29.01934    33.12748  ], 3
14, 12, [12  7  8 13], [14 12 12 14], [15.126409  3.433816 12.114567 33.19059 ], 4
6, 15, [15  8], [2 6], [-10.054335  33.12671 ], 2
10, 11, [11 14], [ 6 10], [-10.030827  33.075943], 2
10, 12, [12], [10], [33.037716], 1
7, 3, [ 3  9  8 13], [6 5 5 7], [-27.980627    3.2880065  12.056839   33.166855 ], 4
12, 6, [6], [12], [33.231525], 1
12, 12, [12], [12], [33.04377], 1
12, 6, [6], [12], [33.240322], 1
12, 7, [7], [12], [33.15143], 1
10, 2, [2], [10], [33.12117], 1
9, 15, [15], [9], [33.05137], 1
8, 5, [5 2], [8 8], [32.923805 33.138504], 2
2, 14, [14], [2], [33.1373], 1

11, 12, [12], [11], [33.037556], 1
3, 16, [16 14], [2 3], [-9.99715  33.156803], 2
12, 16, [16], [12], [33.12635], 1
4, 5, [ 5  8 14], [8 8 4], [-20.336273  16.040571  33.14881 ], 3
2, 16, [16], [2], [33.11232], 1
3, 9, [ 9 14], [7 3], [-10.053602  33.15689 ], 2
12, 3, [3 6], [12 12], [32.977768 33.23713 ], 2
3, 10, [10  1  8], [3 6 3], [22.65662  15.966406 33.18686 ], 3
1, 15, [15], [1], [33.064384], 1
8, 4, [ 4 16  3  8], [4 8 8 8], [-15.489459  24.112644  24.92884   33.151543], 4
14, 1, [ 1  4 15  7  3 13  2], [14 12 12 12 12 12 14], [  3.235073  -16.390686  -20.734438  -21.347279  -15.85513     0.1726799
  33.2947   ], 7
12, 3, [ 3 13], [12 12], [32.95526  33.199593], 2
5, 13, [13 16], [5 5], [33.01861 33.10608], 2
11, 16, [16], [11], [33.182716], 1
11, 13, [13 16], [11 11], [33.07918  33.183086], 2
9, 13, [13], [9], [33.15584], 1
2, 15, [15  7], [6 2], [-10.041252  33.143364], 2
9, 1, [ 1 15], [11  9], [-10.133083  33.051346], 2
8, 12, [12 10  7], [8 4 8], [22.631353 15.979026 33.15689 ], 3
11, 11, [11  2], [11 11], [33.005875 33.12347 ], 2
7, 6, [6 7], [7 7], [33.031662 33.147354], 2
2, 3, [ 3 12  4 16], [6 6 5 2], [-28.040459    3.1886082  11.907762   33.107605 ], 4
6, 1, [1 7], [5 6], [-10.060835  33.144947], 2
12, 8, [8], [12], [33.20847], 1
3, 13, [13], [3], [33.153778], 1
5, 10, [10  8], [6 5], [-10.032274  33.150093], 2
9, 15, [15], [9], [33.050842], 1
2, 16, [16], [2], [33.112915], 1
7, 7, [7], [7], [33.147232], 1
0, 9, [9 7], [7 0], [-10.0606365  33.143715 ], 2
10, 12, [12], [10], [33.038822], 1
7, 15, [15  8 14  8], [2 7 7 7], [-15.380575  24.240105  25.085644  33.18872 ], 4

7, 14, [14  5 13], [7 6 7], [22.744125 15.943054 33.168503], 3
8, 5, [ 5  1 15 16  7], [8 8 4 4 8], [17.340847   7.1676064 -3.1256099  8.025221  33.155922 ], 5
14, 14, [14 13  3], [12 14 14], [-12.420368  29.050877  33.099384], 3
12, 8, [8], [12], [33.21054], 1
1, 4, [4], [1], [33.04227], 1
8, 9, [ 9  4  8 13], [8 4 8 8], [19.69546  11.073181 25.050508 33.165245], 4
6, 7, [7 8], [8 6], [-9.976252 33.126816], 2
0, 4, [4 8], [7 0], [-10.067661  33.148872], 2
1, 3, [3], [1], [33.043976], 1
9, 13, [13], [9], [33.15583], 1
8, 5, [5 8 2], [8 8 8], [30.461224 29.034908 33.139496], 3
11, 9, [9], [11], [33.046764], 1
9, 1, [ 1 16], [11  9], [-10.084545  33.132023], 2
7, 13, [13], [7], [33.167812], 1
1, 14, [14], [1], [33.15677], 1
2, 8, [8], [2], [33.149857], 1
9, 12, [12], [9], [33.048733], 1
13, 3, [3], [13], [33.035408], 1
9, 3, [3], [9], [33.03454], 1
12, 11, [11], [12], [33.120262], 1
1, 1, [1], [1], [33.050426], 1
10, 5, [5], [10], [33.03553], 1
10, 4, [4], [10], [33.049904], 1
4, 12, [12 13], [8 4], [-10.063591  33.154316], 2
5, 5, [ 5 13], [5 5], [32.936054 33.155983], 2
11, 16, [16], [11], [33.187107], 1
11, 12, [12], [11], [33.037598], 1
9, 4, [4], [9], [33.037468], 1
13, 5, [5], [13], [33.040833], 1
9, 13, [13], [9], [33.15583], 1
5, 10, [10  1 13], [5 6 5], [22.644491 15.945862 33.155987], 3
5, 9, [ 9 16], [7 5], [-10.084986  33.106354], 2

1, 5, [5], [1], [33.043907], 1
0, 13, [13], [0], [33.153313], 1
13, 13, [13], [13], [33.18935], 1
6, 3, [ 3 11], [3 6], [-10.07972   33.123783], 2
12, 13, [13], [12], [33.19794], 1
3, 13, [13], [3], [33.153915], 1
9, 13, [13], [9], [33.155827], 1
6, 7, [7], [6], [33.14544], 1
4, 15, [15  9 14 11 14 16], [8 4 4 4 4 4], [-20.208668  16.22927   11.959811  11.347508  17.02605   33.124573], 6
14, 2, [2], [14], [33.27572], 1
2, 7, [7], [2], [33.143333], 1
8, 14, [14], [8], [33.166145], 1
13, 10, [10], [13], [33.070473], 1
7, 4, [ 4  1 16], [7 6 7], [22.609886 15.945341 33.15522 ], 3
3, 3, [ 3 14], [6 3], [-10.060287  33.156113], 2
1, 10, [10], [1], [33.07586], 1
6, 4, [4 8], [7 6], [-10.080889  33.12748 ], 2
11, 6, [6], [11], [33.145958], 1
13, 8, [8], [13], [33.18212], 1
0, 1, [ 1 13], [6 0], [-10.056593  33.153137], 2
1, 3, [3], [1], [33.043976], 1
5, 11, [11], [5], [33.111244], 1
3, 14, [14], [3], [33.157074], 1
7, 12, [12 14 10 13], [6 7 5 7], [-20.138756   16.36344    11.9793415  33.169167 ], 4
1, 11, [11], [1], [33.107574], 1
13, 6, [6], [13], [33.226204], 1
7, 16, [16 13 14  7], [0 7 7 7], [-15.347865  24.207268  25.06738   33.147552], 4
9, 3, [3], [9], [33.034985], 1
12, 3, [3 7], [12 12], [32.92727  33.152996], 2
0, 3, [ 3 15 14], [6 3 0], [-20.369534  15.974004  33.15463 ], 3
1, 4, [4], [1], [33.042274], 1
6, 6, [ 6  3 13], [6 6 6], [30.50969  28.937366 33.15191 ], 3

2, 15, [15  1  8], [11  5  2], [-20.379738  15.937586  33.15    ], 3
2, 2, [2], [2], [33.141144], 1
12, 16, [16], [12], [33.126198], 1
1, 14, [14], [1], [33.156693], 1
14, 4, [ 4 11 15  8 14  6 14], [ 7 12 12 12 12 12 12], [-43.080605 -21.89901  -30.02423  -36.81697  -41.69282  -43.068462
 -38.851746], 7
12, 1, [ 1 16], [12 12], [32.916504 33.12632 ], 2
5, 11, [11], [5], [33.108433], 1
5, 8, [8], [5], [33.15095], 1
7, 3, [3 1 6], [6 6 7], [-20.392843  15.934976  33.13612 ], 3
1, 14, [14], [1], [33.156673], 1
4, 3, [3 4], [8 4], [-10.136425  33.04285 ], 2
0, 13, [13], [0], [33.15348], 1
6, 10, [10  7], [6 6], [32.964798 33.145126], 2
12, 2, [2], [12], [33.138386], 1
10, 15, [15], [10], [33.048897], 1
0, 13, [13], [0], [33.153572], 1
4, 13, [13], [4], [33.154602], 1
13, 13, [13], [13], [33.189354], 1
12, 5, [ 5 11], [12 12], [32.910885 33.120224], 2
9, 9, [9], [9], [33.045033], 1
6, 8, [8], [6], [33.127327], 1
11, 1, [1], [11], [33.0368], 1
8, 8, [8], [8], [33.15158], 1
8, 1, [ 1 14], [8 8], [32.94346  33.167477], 2
11, 8, [8], [11], [33.165016], 1
13, 9, [9], [13], [33.045643], 1
14, 2, [2], [14], [33.28426], 1
10, 1, [1], [10], [33.037094], 1
5, 8, [8], [5], [33.151577], 1
10, 8, [ 8 14], [10 10], [32.988102 33.07575 ], 2
8, 2, [ 2 16  7], [8 8 8], [30.569462 29.047064 33.15642 ], 3
8, 2, [2], [8], [33.13848], 1

14, 16, [16 12  2], [12 12 14], [-20.244553  16.043423  33.2947  ], 3
13, 15, [15], [13], [33.05118], 1
9, 10, [10], [9], [33.08712], 1
12, 1, [ 1 14 16], [12 13 12], [22.644894 16.009907 33.126194], 3
10, 14, [14], [10], [33.076027], 1
4, 14, [14 16 11  3  7], [8 4 4 8 4], [-20.799381  15.072628   9.892435   7.926218  33.146744], 5
11, 15, [15], [11], [33.04836], 1
11, 1, [1], [11], [33.036404], 1
4, 10, [10 11  7], [4 4 4], [30.499372 29.02475  33.146744], 3
14, 6, [ 6 10], [12 14], [-9.871725 33.16693 ], 2
11, 14, [14], [11], [33.07197], 1
2, 1, [1 7], [6 2], [-10.059919  33.14336 ], 2
10, 3, [3], [10], [33.034378], 1
7, 12, [12 15  8  5 13], [6 2 7 7 7], [-25.919266    6.7286158  17.754158   20.942398   33.168884 ], 5
12, 4, [ 4 16], [12 12], [32.92215 33.12632], 2
14, 3, [3 2], [12 14], [-9.984608 33.288315], 2
14, 7, [ 7 13 15  7 13  6  8], [12 12 12 12 12 12 12], [-42.9232   -21.812428 -30.01438  -36.808586 -41.62163  -43.029716
 -38.79161 ], 7
6, 4, [ 4  3  4 14  8], [5 6 5 2 6], [-25.661844    7.157875   -3.1471124   8.015761   33.126717 ], 5
3, 2, [ 2  3 14], [6 6 3], [-20.29211    15.9404125  33.1569   ], 3
1, 2, [2], [1], [33.147324], 1
2, 13, [13], [2], [33.150955], 1
4, 16, [16], [4], [33.124603], 1
5, 5, [5 7], [6 5], [-10.070377  33.14554 ], 2
1, 10, [10], [1], [33.07589], 1
9, 6, [6], [9], [33.224083], 1
13, 2, [2], [13], [33.16765], 1
3, 16, [16], [3], [33.114628], 1
6, 10, [10 11], [6 6], [32.95182  33.123756], 2
11, 6, [6], [11], [33.14483], 1
14, 3, [ 3 14], [ 5 14], [-9.962976 33.310143], 2
3, 6, [6], [3], [33.146942], 1
11, 12, [12], [11], [33.037487], 1

11, 8, [8], [11], [33.164967], 1
7, 10, [10  8 15 14], [6 5 2 7], [-27.911924    3.3511627  11.990729   33.196674 ], 4
9, 4, [4], [9], [33.03749], 1
2, 10, [10 14], [6 2], [-10.0402775  33.137447 ], 2
2, 13, [13], [2], [33.150524], 1
3, 3, [ 3 14], [3 3], [32.940334 33.157135], 2
2, 7, [7], [2], [33.143333], 1
14, 6, [ 6 10  8 14  9], [12 12 14 14 14], [-25.702408    6.7713547  17.823805   21.075169   33.09976  ], 5
4, 12, [12 14  7], [8 8 4], [-20.328533  16.045088  33.146744], 3
12, 9, [ 9 11], [12 12], [32.92279 33.12023], 2
0, 8, [8], [0], [33.149487], 1
3, 4, [ 4 13], [5 3], [-10.064751  33.15344 ], 2
12, 8, [8], [12], [33.21002], 1
10, 4, [4], [10], [33.0499], 1
7, 10, [10  5 11], [6 6 7], [-20.366629  15.926933  33.141193], 3
11, 16, [16  8], [ 1 11], [-9.966652 33.164124], 2
11, 11, [11], [11], [33.13344], 1
7, 4, [ 4 16  8], [6 7 7], [-12.52062  29.0559   33.1953 ], 3
10, 10, [10], [10], [33.07009], 1
0, 10, [10  2], [6 0], [-10.03672   33.143547], 2
14, 8, [ 8 14  7 16], [12 12 12 14], [-27.77077    3.384546  12.061443  33.137497], 4
13, 3, [3], [13], [33.035408], 1
13, 5, [5], [13], [33.040833], 1
4, 15, [15], [4], [33.062344], 1
4, 9, [ 9 14 13], [4 4 4], [30.480104 29.042927 33.153484], 3
4, 2, [2], [4], [33.146435], 1
4, 2, [2], [4], [33.146145], 1
6, 7, [7], [6], [33.145226], 1
12, 16, [16], [12], [33.12617], 1
9, 4, [4 6], [11  9], [-10.024147  33.23114 ], 2
7, 13, [13  8  3 16  2  6], [7 5 6 0 5 7], [  5.9527974 -12.022922  -13.632744   -9.465755    4.012598   33.13389  ], 6
5, 14, [14], [5], [33.156155], 1

5, 2, [ 2 11 14], [5 5 5], [30.537983 29.004477 33.149387], 3
13, 9, [9], [13], [33.045624], 1
2, 9, [9 7], [5 2], [-10.060268  33.14336 ], 2
4, 1, [1 7], [8 4], [-10.069658  33.14619 ], 2
13, 1, [1], [13], [33.037823], 1
9, 11, [11], [9], [33.104744], 1
2, 12, [12 14], [0 2], [-10.073664  33.137505], 2
10, 14, [14], [10], [33.07802], 1
7, 9, [9 8], [7 7], [32.96377  33.190113], 2
2, 7, [7], [2], [33.143337], 1
2, 5, [ 5 13], [6 2], [-10.067619  33.150345], 2
12, 2, [2], [12], [33.145824], 1
0, 6, [6], [0], [33.1448], 1
0, 3, [3 4 8], [6 7 0], [-20.392569  15.934295  33.152023], 3
1, 15, [15], [1], [33.064384], 1
11, 5, [5], [11], [33.035797], 1
3, 8, [ 8 13], [3 3], [33.0655   33.153454], 2
8, 13, [13], [8], [33.165585], 1
13, 10, [10], [13], [33.070477], 1
10, 13, [13], [10], [33.196644], 1
0, 9, [ 9  8 15 14], [5 0 6 0], [-20.15074   16.327984  11.967794  33.155468], 4
14, 13, [13  2], [14 14], [33.16194  33.284492], 2
0, 13, [13], [0], [33.15286], 1
14, 6, [ 6  8 13], [12 12 14], [-20.09658   16.113098  33.19099 ], 3
13, 4, [4], [13], [33.04564], 1
10, 10, [10], [10], [33.070126], 1
6, 4, [ 4 11], [7 6], [-10.082937  33.123783], 2
0, 4, [ 4  1 14], [5 6 0], [-20.38959   15.9453    33.155556], 3
10, 5, [5], [10], [33.03554], 1
5, 8, [8], [5], [33.149647], 1
5, 2, [2], [5], [33.14289], 1
2, 11, [11], [2], [33.108448], 1

4, 15, [15 13], [4 4], [32.95293  33.156376], 2
1, 1, [1], [1], [33.050426], 1
4, 9, [ 9 15 11  7], [8 4 4 4], [-15.504058  24.073296  25.023193  33.146152], 4
1, 9, [9], [1], [33.07479], 1
0, 5, [ 5  3  1 13], [6 6 6 0], [-28.029957   3.213032  11.943628  33.15258 ], 4
3, 15, [15  7], [5 3], [-10.038509  33.142696], 2
7, 8, [ 8 11 14  8], [7 5 5 7], [15.216184   3.3787763 12.08548   33.20158  ], 4
10, 7, [7], [10], [33.12794], 1
1, 8, [8], [1], [33.149788], 1
11, 4, [4], [11], [33.037056], 1
14, 13, [13  6  5 14  2], [12 12 14 12 14], [-28.477839    2.2105057   9.970652    8.139379   33.2947   ], 5
3, 9, [9 6], [5 3], [-10.057983  33.146633], 2
11, 14, [14], [11], [33.07068], 1
7, 12, [12 15 10  3  2 11 14], [6 2 6 6 7 5 5], [-41.47544  -19.19838  -25.455952 -29.223238 -28.782682 -43.17379
 -38.83547 ], 7
1, 7, [7], [1], [33.1432], 1
7, 7, [7 8], [5 7], [-9.933619 33.2004  ], 2
2, 4, [ 4 14], [5 2], [-10.074087  33.137966], 2
4, 5, [5 7], [8 4], [-10.071249  33.146706], 2
4, 4, [ 4  1  8 14  8 13], [8 8 4 4 4 4], [-28.020378    3.2276084  11.976797   11.376594   17.04293    33.153484 ], 6
2, 11, [11], [2], [33.108444], 1
4, 9, [ 9 13], [4 4], [32.94612 33.15342], 2
9, 8, [8], [9], [33.218536], 1
14, 12, [12  7  6 13], [ 7 12 12 14], [-27.870262   3.460256  12.147287  33.18859 ], 4
8, 3, [3 8], [1 8], [-10.068825  33.151676], 2
10, 15, [15], [10], [33.051025], 1
1, 10, [10], [1], [33.07585], 1
13, 9, [9], [13], [33.04564], 1
13, 2, [2], [13], [33.16763], 1
2, 9, [ 9 13], [5 2], [-10.055792  33.15035 ], 2
4, 14, [14], [4], [33.14875], 1
10, 11, [11], [10], [33.126106], 1
3, 9, [9 7], [5 3], [-10.061058  33.142677], 2

4, 12, [12 13], [8 4], [-10.064566  33.153484], 2
8, 1, [1 4], [6 8], [-10.124258  33.04341 ], 2
0, 3, [ 3 14], [6 0], [-10.06122   33.154285], 2
3, 5, [5 8], [3 3], [32.955166 33.186638], 2
5, 15, [15  7], [9 5], [-10.05616  33.14526], 2
0, 5, [ 5 13], [7 0], [-10.065893  33.153183], 2
0, 2, [2], [0], [33.143295], 1
0, 14, [14], [0], [33.154724], 1
4, 11, [11 14 11  7], [4 8 4 4], [19.83984  11.171892 25.02475  33.146744], 4
12, 8, [8], [12], [33.209385], 1
1, 7, [7], [1], [33.14325], 1
12, 7, [7], [12], [33.15129], 1
7, 5, [5 8], [7 7], [32.956284 33.190113], 2
0, 6, [ 6 14  8 15  7], [0 3 0 0 0], [17.216116  6.785126 17.721346 20.953793 33.143604], 5
11, 11, [11], [11], [33.1336], 1
2, 8, [8], [2], [33.150764], 1
13, 12, [12], [13], [33.042465], 1
4, 6, [ 6 11 15 14  2], [4 4 8 4 4], [20.295778  11.938205   4.6772118 21.03907   33.14627  ], 5
10, 1, [1], [10], [33.039284], 1
14, 12, [12  8 11  8  6  8 13], [12 12 12 12 12 12 12], [-42.98632  -21.752794 -29.935305 -36.751064 -41.599087 -43.07389
 -38.8038  ], 7
6, 9, [9 7], [5 6], [-10.060322  33.14513 ], 2
11, 11, [11], [11], [33.135025], 1
0, 11, [11], [0], [33.10845], 1
0, 5, [ 5 14], [6 0], [-10.065212  33.154285], 2
8, 11, [11], [8], [33.174957], 1
1, 4, [4], [1], [33.042267], 1
10, 2, [2], [10], [33.12124], 1
7, 1, [ 1 14], [6 7], [-10.03882   33.181618], 2
13, 11, [11], [13], [33.10636], 1
13, 14, [14], [13], [33.166298], 1
10, 3, [3], [10], [33.033615], 1
11, 11, [11], [11], [33.134727], 1

4, 2, [2], [4], [33.146236], 1
12, 9, [9 7], [12 12], [32.94181  33.151337], 2
4, 4, [ 4 13], [8 4], [-10.064484  33.154137], 2
5, 7, [7], [5], [33.14568], 1
11, 4, [4], [11], [33.03705], 1
10, 7, [7], [10], [33.127945], 1
8, 3, [ 3 13], [8 8], [32.936462 33.16458 ], 2
11, 1, [1], [11], [33.036396], 1
2, 15, [15 11], [2 2], [32.9352   33.108284], 2
14, 10, [10  5  8  6 16], [12 14 12 12 14], [-25.532852    7.3260245  -2.9306593   8.118061   33.137497 ], 5
4, 7, [7], [4], [33.146267], 1
7, 3, [ 3 15  4 16], [6 5 7 7], [-23.326248  11.046179  24.938602  33.160297], 4
8, 4, [ 4 11], [4 8], [-10.052088  33.17506 ], 2
6, 16, [16], [6], [33.107273], 1
12, 2, [2], [12], [33.140575], 1
6, 14, [14 13], [6 6], [33.03432  33.151703], 2
4, 10, [10 11  7], [4 4 4], [30.498077 29.023193 33.146152], 3
8, 2, [2], [8], [33.138584], 1
12, 6, [6], [12], [33.247124], 1
6, 6, [6], [6], [33.14296], 1
5, 4, [4 8], [5 5], [32.93345  33.150707], 2
1, 10, [10], [1], [33.07586], 1
1, 2, [2], [1], [33.147324], 1
8, 10, [10  4  8], [8 4 8], [22.653057 15.933881 33.151543], 3
3, 16, [16], [3], [33.11445], 1
5, 1, [1 7], [6 5], [-10.060215  33.14555 ], 2
12, 15, [15  7], [13 12], [-10.061422  33.146957], 2
8, 7, [7], [8], [33.155552], 1
9, 9, [9], [9], [33.04501], 1
3, 9, [ 9 14], [7 3], [-10.055113  33.15692 ], 2
2, 10, [10  7], [6 2], [-10.036869  33.14336 ], 2
6, 5, [ 5 16], [6 6], [32.906548 33.10698 ], 2

12, 16, [16], [12], [33.126316], 1
2, 6, [6], [2], [33.143166], 1
14, 14, [14  2], [12 14], [-9.860765 33.29418 ], 2
11, 5, [5], [11], [33.03572], 1
8, 9, [ 9 14], [4 8], [-10.047581  33.16574 ], 2
12, 10, [10], [12], [33.08185], 1
10, 13, [13], [10], [33.196617], 1
13, 5, [5], [13], [33.04083], 1
14, 13, [13], [14], [33.1904], 1
10, 7, [7], [10], [33.127968], 1
12, 10, [10], [12], [33.07708], 1
9, 5, [5 1], [9 9], [32.855324 33.034782], 2
3, 5, [ 5 11], [3 3], [32.907978 33.10706 ], 2
6, 5, [5 7], [6 6], [32.929363 33.145126], 2
1, 8, [8], [1], [33.14979], 1
6, 8, [8], [6], [33.127018], 1
8, 1, [1 8], [4 8], [-10.0649605  33.151676 ], 2
10, 2, [2], [10], [33.121246], 1
2, 2, [2], [2], [33.141357], 1
5, 11, [11  2], [7 5], [-9.985184 33.14037 ], 2
0, 15, [15 11], [6 0], [-10.062325  33.107925], 2
9, 6, [6 1], [3 9], [-10.032362  33.034668], 2
7, 16, [16], [7], [33.155357], 1
0, 7, [7], [0], [33.143776], 1
13, 5, [5], [13], [33.04083], 1
14, 5, [ 5  6  5 10  7 13  2], [12 12 12 12 12 14 14], [-38.68004  -14.537649 -17.967056 -16.68529   -7.93312   13.161942
  33.284492], 7
8, 6, [6], [8], [33.112755], 1
6, 7, [7], [6], [33.14788], 1
8, 2, [2], [8], [33.13873], 1
6, 16, [16], [6], [33.107372], 1
5, 11, [11 16  7], [5 9 5], [22.722855 16.015772 33.14528 ], 3
14, 8, [ 8  6 13], [12 12 14], [-20.10845  16.15223  33.19059], 3

8, 4, [4 8 6], [4 4 8], [-20.348557  16.014126  33.10528 ], 3
3, 11, [11], [3], [33.107197], 1
7, 14, [14 16], [7 7], [33.068325 33.162693], 2
13, 5, [5], [13], [33.040833], 1
11, 6, [6], [11], [33.14653], 1
14, 2, [2], [14], [33.27376], 1
0, 6, [6], [0], [33.144676], 1
2, 15, [15 14], [6 2], [-10.04513  33.13755], 2
14, 3, [ 3  6 16 14  6  8  6], [ 7 12 14 12 12 12 12], [-38.29819  -13.918199 -16.939077 -36.78636  -41.581432 -43.044464
 -38.754753], 7
2, 4, [4 8], [5 2], [-10.066868  33.149704], 2
13, 3, [3], [13], [33.035408], 1
11, 9, [9], [11], [33.04674], 1
8, 7, [7], [8], [33.15563], 1
11, 8, [8], [11], [33.164463], 1
9, 16, [16], [9], [33.13189], 1
5, 14, [14 13 14  8], [5 5 5 5], [27.669392 24.184849 25.049236 33.151257], 4
5, 4, [ 4 14], [5 5], [32.9319  33.14753], 2
6, 4, [4 7], [5 6], [-10.070066  33.145126], 2
14, 16, [16  2], [12 14], [-9.906544 33.269794], 2
8, 1, [1], [8], [33.04127], 1
14, 3, [3 2], [ 7 14], [-9.982218 33.26645 ], 2
7, 13, [13], [7], [33.168022], 1
6, 4, [ 4 13], [5 6], [-10.065197  33.15168 ], 2
7, 1, [1 8], [6 7], [-10.030359  33.196102], 2
7, 4, [ 4 13], [7 7], [32.943436 33.167877], 2
0, 8, [ 8 14], [0 0], [33.04386  33.154865], 2
2, 7, [7 6], [2 2], [33.03554 33.14644], 2
5, 4, [ 4 14], [5 5], [32.932705 33.1494  ], 2
12, 16, [16], [12], [33.12623], 1
0, 12, [12  8], [6 0], [-10.065268  33.152023], 2
2, 7, [7], [2], [33.143337], 1
2, 10, [10 11], [6 2], [-10.05764  33.10828], 2

1, 5, [5], [1], [33.043907], 1
9, 10, [10], [9], [33.0865], 1
7, 2, [ 2  8 13], [5 5 7], [-20.232283  16.058094  33.168503], 3
12, 1, [ 1 13], [12 12], [32.958225 33.20136 ], 2
11, 1, [1 6], [11 11], [32.9228   33.144444], 2
2, 1, [1], [2], [33.052593], 1
1, 1, [1], [1], [33.050426], 1
7, 5, [ 5 14], [6 7], [-10.046698  33.184685], 2
11, 3, [3 8], [11 11], [32.932766 33.164886], 2
6, 15, [15 11], [6 6], [32.947132 33.123756], 2
11, 3, [ 3 16], [11 11], [32.947186 33.188957], 2
3, 7, [7], [3], [33.143303], 1
0, 10, [10  8 14  2], [6 0 3 0], [-20.096958  16.375578  12.04158   33.14408 ], 4
13, 8, [8], [13], [33.182472], 1
10, 15, [15], [10], [33.049446], 1
9, 8, [8], [9], [33.208466], 1
7, 13, [13  7], [7 7], [33.053795 33.147205], 2
5, 9, [ 9 15], [2 5], [-10.102768  33.072243], 2
5, 9, [ 9 10  9 14], [5 6 5 5], [19.679174 11.042685 24.94174  33.146957], 4
8, 13, [13], [8], [33.16575], 1
10, 7, [7], [10], [33.12796], 1
3, 7, [7], [3], [33.143326], 1
5, 13, [13], [5], [33.156044], 1
11, 8, [8], [11], [33.164867], 1
13, 11, [11], [13], [33.10636], 1
1, 2, [2], [1], [33.14732], 1
3, 14, [14], [3], [33.157646], 1
6, 12, [12 10  8], [6 6 6], [30.415762 28.953823 33.126717], 3
13, 12, [12], [13], [33.042465], 1
1, 16, [16], [1], [33.121334], 1
3, 3, [ 3 13], [3 3], [32.93814 33.15348], 2
2, 11, [11], [2], [33.108513], 1

6, 7, [7 4], [6 6], [32.979134 33.04796 ], 2
6, 3, [ 3 11], [6 6], [32.92031  33.123783], 2
5, 3, [ 3 14], [5 5], [32.943092 33.156143], 2
8, 9, [9 2], [4 8], [-10.062458  33.13839 ], 2
0, 2, [2], [0], [33.143814], 1
3, 12, [12  4  6], [6 5 3], [-20.397625  15.931036  33.146236], 3
14, 10, [10 13  7  2], [12 14 12 14], [-20.040276  16.475492  12.140411  33.284492], 4
12, 1, [ 1 13], [12 12], [32.957733 33.197998], 2
5, 8, [8], [5], [33.150543], 1
0, 14, [14 13], [0 0], [33.04476  33.152935], 2
13, 10, [10], [13], [33.070477], 1
13, 10, [10], [13], [33.070473], 1
12, 4, [ 4 12], [12 12], [32.87896 33.05101], 2
10, 2, [2], [10], [33.121193], 1
3, 13, [13], [3], [33.153877], 1
13, 2, [2], [13], [33.16763], 1
8, 7, [ 7 13], [8 8], [33.052723 33.165234], 2
12, 13, [13], [12], [33.199394], 1
9, 15, [15], [9], [33.051273], 1
2, 14, [14], [2], [33.13929], 1
13, 11, [11], [13], [33.10638], 1
5, 3, [3], [5], [33.05334], 1
1, 6, [6], [1], [33.14515], 1
13, 6, [6], [13], [33.22754], 1
5, 7, [7], [5], [33.145782], 1
5, 3, [ 3 15  9  8], [6 6 5 5], [-23.329107  11.040481  24.945272  33.151314], 4
0, 12, [12  7  6], [0 0 0], [30.46257  29.030952 33.144394], 3
6, 9, [ 9 14 10 11], [5 2 6 6], [-23.28248   11.109024  24.951473  33.123745], 4
10, 14, [14], [10], [33.076206], 1
0, 10, [10  6], [6 0], [-10.036182  33.144394], 2
0, 14, [14], [0], [33.154224], 1
8, 1, [ 1 16 13], [8 8 8], [30.46958  29.045069 33.16412 ], 3

2, 12, [12  7], [6 2], [-10.070032  33.14336 ], 2
4, 9, [ 9 16  5  8 14], [4 4 8 4 4], [20.211737  11.929539   4.6633787 21.04004   33.14853  ], 5
9, 1, [1], [9], [33.035034], 1
2, 2, [2], [2], [33.14107], 1
9, 11, [11], [9], [33.1042], 1
5, 14, [14  9  6], [5 5 5], [30.533775 28.955328 33.16743 ], 3
4, 16, [16 13], [8 4], [-9.962727 33.15342 ], 2
11, 2, [2], [11], [33.12393], 1
11, 7, [7], [11], [33.130608], 1
12, 4, [4 6], [12 12], [32.99023  33.237106], 2
11, 2, [2], [11], [33.12384], 1
5, 4, [4 8], [5 5], [32.93345 33.15006], 2
0, 11, [11], [0], [33.110092], 1
14, 2, [2], [14], [33.267754], 1
2, 5, [5], [2], [33.04225], 1
0, 12, [12  8 11], [0 0 0], [30.453878 29.016727 33.108517], 3
4, 3, [ 3 13], [8 4], [-10.068924  33.15342 ], 2
3, 8, [8], [3], [33.186268], 1
0, 16, [16  8], [0 0], [33.03342  33.153442], 2
3, 10, [10  6], [6 3], [-10.034861  33.146206], 2
4, 3, [3 8], [8 4], [-10.071705  33.150787], 2
14, 4, [ 4  8 11  2], [12 12 12 14], [-27.875597    3.4573185  12.081549   33.27702  ], 4
12, 12, [12], [12], [33.041634], 1
12, 3, [3 8], [12 12], [32.961163 33.20941 ], 2
8, 8, [8], [8], [33.151707], 1
9, 14, [14], [9], [33.100952], 1
5, 11, [11 14  8], [7 5 5], [-12.436375  29.05168   33.150173], 3
5, 3, [ 3 15  1 12  8], [5 2 6 6 5], [ 9.543674  -5.8432026 -3.1875463  7.9332495 33.149395 ], 5
6, 12, [12 10  7], [6 6 6], [30.422401 28.964676 33.145126], 3
2, 7, [7], [2], [33.143333], 1
3, 12, [12  1 11], [6 6 3], [-20.406738  15.916093  33.107063], 3
9, 2, [2], [9], [33.124443], 1

0, 12, [12 15  8  4  7], [6 3 0 7 0], [-28.740866    2.0263588   9.908556    7.9293528  33.143574 ], 5
0, 5, [ 5  7 15  8], [0 0 5 0], [22.83936  16.32735  11.971724 33.15119 ], 4
11, 7, [7], [11], [33.1295], 1
5, 1, [ 1 16], [6 5], [-10.084488  33.106388], 2
8, 2, [2], [8], [33.138264], 1
1, 4, [4], [1], [33.04227], 1
12, 6, [6], [12], [33.23841], 1
13, 6, [6], [13], [33.22697], 1
13, 7, [7], [13], [33.155807], 1
7, 7, [ 7  3  7  6 14  3 13], [5 7 5 5 7 7 7], [-29.171831    1.1367574 -13.183772   -8.883142    4.941421   12.948351
  33.168884 ], 7
0, 6, [6], [0], [33.144535], 1
3, 12, [12 16], [0 3], [-10.087893  33.113518], 2
11, 9, [9], [11], [33.04642], 1
14, 14, [14  8  6 10 11  6  8], [12 12 12 12 12 12 12], [-42.901096 -21.763065 -29.92588  -36.933353 -41.714687 -43.050392
 -38.807537], 7
13, 2, [2], [13], [33.16763], 1
12, 14, [14 16], [12 12], [33.000904 33.126175], 2
10, 4, [4], [10], [33.04989], 1
1, 15, [15], [1], [33.064384], 1
7, 12, [12 14  9 12  7], [6 7 5 6 7], [-25.596802    7.266097   -3.1869922   7.9318514  33.147537 ], 5
6, 8, [8], [6], [33.12861], 1
4, 13, [13], [4], [33.15429], 1
9, 6, [6], [9], [33.218216], 1
12, 11, [11], [12], [33.120335], 1
8, 2, [2], [8], [33.13961], 1
5, 8, [8], [5], [33.14975], 1
5, 16, [16], [5], [33.109745], 1
0, 10, [10  8  1 16  8], [6 0 6 0 0], [-22.750643   11.952726    4.6696367  21.02475    33.152523 ], 5
5, 6, [6], [5], [33.172195], 1
7, 2, [ 2 12  8  7 14  8], [5 6 7 5 7 7], [-30.716257   -1.4208741   4.2272186  -1.6025     17.085644   33.18872  ], 6
5, 13, [13], [5], [33.15571], 1
2, 2, [2], [2], [33.145157], 1
13, 11, [11], [13], [33.106342], 1

3, 11, [11], [3], [33.10707], 1
0, 1, [ 1  5 10 14], [6 6 6 0], [-28.01345     3.2239237  11.969513   33.154285 ], 4
3, 10, [10  7], [3 3], [32.960804 33.142696], 2
13, 15, [15], [13], [33.051186], 1
0, 1, [ 1  9 14], [6 5 0], [-20.378616  15.946026  33.15463 ], 3
2, 3, [ 3 14], [7 2], [-10.071436  33.137444], 2
14, 2, [2], [14], [33.2771], 1
3, 6, [6], [3], [33.146717], 1
3, 7, [7], [3], [33.14367], 1
5, 12, [12 16], [6 5], [-10.09231   33.106796], 2
12, 3, [3 2], [12 12], [32.92315  33.145866], 2
8, 2, [2], [8], [33.13869], 1
4, 14, [14], [4], [33.14929], 1
3, 16, [16], [3], [33.115517], 1
4, 4, [ 4 14 11  8], [4 4 4 4], [27.541758 24.16462  25.021452 33.15072 ], 4
9, 8, [8], [9], [33.222946], 1
3, 5, [ 5 15 14], [3 6 3], [22.626495 15.972443 33.156967], 3
7, 16, [16  8], [7 7], [33.062233 33.194614], 2
8, 7, [7], [8], [33.15634], 1
9, 8, [8], [9], [33.22339], 1
8, 12, [12  2], [8 8], [32.927204 33.138596], 2
5, 1, [1 2], [9 5], [-10.068686  33.146145], 2
11, 7, [7], [11], [33.13086], 1
1, 16, [16 14], [14  1], [-9.973469 33.156704], 2
1, 3, [3], [1], [33.043976], 1
14, 10, [10  7  6  7 15  9], [12 12 12 12 12 14], [-37.044262  -11.899025  -13.438802   -9.473415    3.9369812  33.110348 ], 6
11, 4, [4], [11], [33.037086], 1
5, 14, [14], [5], [33.149406], 1
1, 11, [11], [1], [33.107643], 1
2, 10, [10], [2], [33.08034], 1
7, 2, [ 2  4 13], [5 7 7], [-12.501701  28.944122  33.169167], 3
5, 5, [ 5 14], [6 5], [-10.069147  33.146957], 2

2, 16, [16  8 15], [ 2 13  2], [22.719112 16.006939 33.068333], 3
0, 4, [ 4  3 11], [6 6 0], [-20.40831   15.91126   33.108032], 3
1, 1, [1], [1], [33.050426], 1
9, 6, [6], [9], [33.230904], 1
13, 12, [12], [13], [33.042465], 1
12, 7, [7], [12], [33.15298], 1
13, 10, [10], [13], [33.070477], 1
7, 1, [ 1 16  2 10 15  7 15], [6 7 5 5 7 5 7], [-32.99676    -5.0841017 -23.714943  -26.409092  -24.144176  -35.397346
 -25.90577  ], 7
5, 2, [2 8], [5 5], [33.029232 33.149208], 2
9, 5, [5 9], [11  9], [-10.137775  33.044952], 2
13, 14, [14], [13], [33.166275], 1
3, 1, [ 1  3 15  6], [6 6 6 3], [-28.012976    3.2252815  11.96526    33.146603 ], 4
2, 15, [15  8], [5 2], [-10.037388  33.14961 ], 2
1, 14, [14], [1], [33.15668], 1
5, 4, [ 4 14 12  7], [5 5 6 5], [22.833408 16.316872 11.930647 33.145546], 4
4, 16, [16  7], [4 4], [33.025215 33.146744], 2
10, 2, [2], [10], [33.121227], 1
3, 2, [ 2 11], [3 3], [33.00666  33.107094], 2
1, 13, [13], [1], [33.15319], 1
0, 8, [ 8 11], [0 0], [33.016727 33.108517], 2
10, 13, [13], [10], [33.19661], 1
0, 1, [ 1 13], [6 0], [-10.056372  33.15258 ], 2
2, 4, [ 4 10 11], [6 6 2], [-20.388414  15.943015  33.10828 ], 3
5, 9, [ 9  3 14], [5 5 5], [30.414864 28.939238 33.1494  ], 3
14, 7, [ 7 16  2], [12 12 14], [-20.174011  16.10152   33.28259 ], 3
6, 15, [15  7], [6 6], [32.957535 33.145126], 2
7, 9, [ 9 11  6 11  6  8], [5 7 0 7 0 7], [-26.518751    5.7133627  -5.708372    3.576707    4.0638666  33.1971   ], 6
11, 10, [10], [11], [33.127014], 1
5, 2, [ 2 14  7], [5 5 5], [30.568775 29.04581  33.145546], 3
10, 10, [10], [10], [33.070084], 1
12, 5, [ 5 13], [12 12], [32.958626 33.19966 ], 2
12, 2, [2], [12], [33.141273], 1

6, 11, [11], [6], [33.123875], 1
6, 11, [11], [6], [33.12416], 1
5, 3, [ 3 11], [6 5], [-10.086952  33.110832], 2
3, 10, [10  6], [3 3], [32.96379  33.146603], 2
9, 8, [8], [9], [33.223526], 1
2, 10, [10 15 13], [5 2 2], [-12.546431  28.960436  33.150345], 3
14, 8, [ 8 15 13], [14 12 14], [22.768824 15.983533 33.190754], 3
4, 13, [13], [4], [33.154263], 1
0, 12, [12 13], [0 0], [32.93572  33.153183], 2
2, 16, [16], [2], [33.1123], 1
11, 5, [5 7], [11 11], [32.91398  33.130722], 2
7, 13, [13  8], [0 7], [-9.927361 33.190113], 2
0, 2, [2], [0], [33.143394], 1
3, 13, [13], [3], [33.15397], 1
5, 11, [11 14], [9 5], [-10.006445  33.139656], 2
7, 1, [ 1 13], [6 7], [-10.047056  33.167866], 2
11, 15, [15  8], [ 9 11], [-10.050171  33.165535], 2
9, 1, [1], [9], [33.0347], 1
7, 10, [10  5  8], [6 6 7], [-20.347818  15.957695  33.192436], 3
9, 12, [12], [9], [33.046795], 1
4, 3, [ 3 13], [1 4], [-10.066853  33.153484], 2
1, 9, [9], [1], [33.074585], 1
12, 4, [ 4 13], [12 12], [32.96816  33.199684], 2
8, 15, [15 16  8 14], [4 4 8 8], [-23.243076  11.162775  25.051847  33.167477], 4
9, 7, [7], [9], [33.174828], 1
10, 6, [6], [10], [33.18874], 1
11, 3, [3], [11], [33.033848], 1
9, 11, [11], [9], [33.104645], 1
10, 10, [10], [10], [33.07013], 1
1, 12, [12], [1], [33.043808], 1
0, 14, [14], [0], [33.153923], 1
9, 7, [7], [9], [33.174877], 1

14, 10, [10  1 13], [14 14 14], [30.519787 29.002209 33.19059 ], 3
10, 14, [14], [10], [33.07771], 1
3, 3, [ 3 14], [6 3], [-10.059742  33.156887], 2
0, 12, [12  4  8], [6 5 0], [-20.396393  15.934225  33.152138], 3
0, 7, [ 7  1  9 15  8], [0 6 5 5 0], [ 9.636121  -5.8469934 -3.1649346  7.9717236 33.15119  ], 5
1, 16, [16  2], [14  1], [-9.976311 33.1474  ], 2
8, 14, [14], [8], [33.165504], 1
7, 5, [ 5 14  8], [6 7 7], [-12.50494   29.088043  33.192436], 3
8, 10, [10  1], [8 8], [32.9161  33.04102], 2
2, 13, [13], [2], [33.1509], 1
5, 10, [10  5 11], [6 6 5], [-20.377705  15.907763  33.108475], 3
1, 8, [8], [1], [33.149773], 1
3, 15, [15  5  3 10  8], [7 3 6 6 3], [-25.628971    7.1475754  -3.1602736   7.9891605  33.18637  ], 5
8, 15, [15 13], [4 8], [-10.043476  33.165367], 2
9, 10, [10], [9], [33.087082], 1
3, 16, [16], [3], [33.114014], 1
12, 13, [13], [12], [33.199623], 1
12, 15, [15 13], [13 12], [-10.028799  33.201355], 2
11, 1, [1], [11], [33.03679], 1
6, 6, [ 6 13], [2 6], [-9.961971 33.15168 ], 2
5, 14, [14], [5], [33.1476], 1
1, 9, [9], [1], [33.074806], 1
2, 4, [ 4 16], [5 2], [-10.092321  33.10757 ], 2
6, 16, [16], [6], [33.10849], 1
9, 16, [16], [9], [33.145374], 1
6, 5, [5 2 8], [5 6 6], [-12.544565  29.021027  33.12679 ], 3
0, 11, [11], [0], [33.108284], 1
1, 6, [6], [1], [33.145157], 1
10, 5, [5], [10], [33.035484], 1
2, 3, [3], [2], [33.046524], 1
11, 10, [10], [11], [33.12705], 1
5, 14, [14], [5], [33.14705], 1

0, 6, [6], [0], [33.14456], 1
14, 1, [ 1 11  6 10  7  2], [ 5 12 12 12 12 14], [-37.116535 -11.945285 -13.434778  -9.449262   4.122778  33.269794], 6
1, 12, [12], [1], [33.043808], 1
13, 4, [4], [13], [33.04564], 1
2, 8, [ 8 14], [13  2], [-9.952856 33.137127], 2
13, 8, [8], [13], [33.18255], 1
6, 13, [13], [6], [33.15804], 1
1, 16, [16 14], [14  1], [-9.969128 33.156715], 2
11, 14, [14], [11], [33.072235], 1
6, 6, [ 6 14  6 16], [6 2 6 6], [19.83277  11.144899 25.009954 33.106873], 4
10, 16, [16  8], [ 1 10], [-9.9717655 33.13516  ], 2
2, 12, [12  8], [6 2], [-10.066534  33.150005], 2
9, 7, [7], [9], [33.172676], 1
9, 2, [2], [9], [33.124786], 1
12, 1, [ 1 14  2], [12 12 12], [30.444191 29.008871 33.14058 ], 3
11, 8, [8], [11], [33.165016], 1
6, 14, [14  7], [6 6], [33.029594 33.145126], 2
1, 6, [6], [1], [33.14515], 1
14, 16, [16], [14], [33.13703], 1
7, 16, [16  8], [7 7], [33.06482  33.200333], 2
11, 10, [10], [11], [33.127743], 1
0, 2, [2], [0], [33.143208], 1
7, 13, [13], [7], [33.1683], 1
7, 15, [15  8], [5 7], [-10.001371  33.19609 ], 2
0, 14, [14], [0], [33.154335], 1
12, 11, [11], [12], [33.120354], 1
2, 2, [2], [2], [33.14116], 1
8, 8, [ 8 14], [4 8], [-9.948948 33.16683 ], 2
1, 4, [4], [1], [33.04227], 1
0, 5, [ 5  8 14], [5 0 0], [-12.531546  29.043863  33.154865], 3
4, 13, [13], [4], [33.154278], 1
5, 8, [8], [5], [33.150917], 1

14, 12, [12 14 16  2], [ 7 14 12 14], [-20.057     16.471386  12.093456  33.269794], 4
10, 2, [2], [10], [33.12116], 1
4, 15, [15 14  8], [8 4 4], [-12.519125  29.04218   33.15072 ], 3
8, 14, [14], [8], [33.16332], 1
3, 12, [12 14], [0 3], [-10.063601  33.154617], 2
1, 3, [3], [1], [33.043976], 1
7, 7, [ 7 16], [5 7], [-9.956663 33.162464], 2
6, 1, [1 8], [6 6], [32.927917 33.127174], 2
4, 5, [ 5 11  9 16  6 11 16], [8 4 8 4 4 4 4], [-29.205723    1.2563872 -13.13386    -8.643379  -16.300909  -22.380997
 -25.862831 ], 7
11, 13, [13], [11], [33.16346], 1
2, 11, [11], [2], [33.10847], 1
13, 3, [3], [13], [33.035416], 1
14, 14, [14  6  7 14  7  4  6], [12 12 12 12 12 12 12], [-42.895706 -21.740414 -29.959957 -36.898167 -41.743073 -43.20336
 -38.76444 ], 7
2, 13, [13], [2], [33.15073], 1
5, 16, [16  8], [9 5], [-9.98184  33.150074], 2
11, 9, [9], [11], [33.046776], 1
3, 14, [14], [3], [33.15702], 1
2, 15, [15  8], [6 2], [-10.037409  33.149837], 2
14, 5, [5 8 5 2], [ 5 12 14 14], [-23.211073  11.230446  25.063847  33.2947  ], 4
8, 12, [12  6], [8 8], [32.906723 33.10528 ], 2
0, 9, [ 9 14  8 14 13], [5 3 0 3 0], [-28.66184     2.1424336   9.978838    8.047015   33.153137 ], 5
3, 1, [ 1 13], [6 3], [-10.053791  33.15344 ], 2
6, 11, [11], [6], [33.133812], 1
1, 14, [14], [1], [33.156693], 1
7, 13, [13], [7], [33.168015], 1
3, 15, [15], [3], [33.067833], 1
13, 9, [9], [13], [33.04563], 1
11, 6, [6], [11], [33.146446], 1
9, 16, [16], [9], [33.146667], 1
1, 3, [3], [1], [33.043976], 1
7, 2, [ 2 12 11  6  8], [5 6 7 5 7], [-28.646664    2.0290675   9.978203    8.068755   33.19715  ], 5
3, 4, [ 4 10], [5 3], [-10.11179   33.075275], 2

5, 6, [6], [5], [33.171032], 1
3, 12, [12  8], [0 3], [-10.043995  33.186638], 2
4, 10, [10  8], [8 4], [-10.017286  33.15072 ], 2
8, 12, [12 10], [4 8], [-10.096519  33.097786], 2
12, 12, [12], [12], [33.043636], 1
11, 4, [4], [11], [33.037262], 1
9, 7, [7], [9], [33.176193], 1
6, 15, [15  7], [5 6], [-10.033739  33.145126], 2
4, 6, [6 7], [4 4], [33.021217 33.146744], 2
0, 4, [ 4 10 16  2], [5 6 7 0], [-27.980366    3.2945318  12.028917   33.143326 ], 4
6, 10, [10  8], [6 6], [32.954147 33.127174], 2
4, 8, [8], [4], [33.15095], 1
7, 8, [8], [7], [33.191666], 1
12, 2, [2], [12], [33.14672], 1
8, 12, [12  6], [4 8], [-10.087984  33.11221 ], 2
1, 7, [7], [1], [33.143196], 1
4, 11, [11  8  2], [4 8 4], [22.75887  16.038944 33.1461  ], 3
8, 4, [ 4  1 11], [8 4 8], [22.61095  15.946554 33.170868], 3
8, 12, [12], [8], [33.040405], 1
3, 10, [10  9 16], [6 7 3], [-20.371357  15.918844  33.113518], 3
6, 13, [13 14], [6 6], [33.041584 33.142563], 2
14, 13, [13], [14], [33.188232], 1
2, 11, [11], [2], [33.10853], 1
9, 13, [13], [9], [33.156], 1
11, 13, [13 11], [10 11], [-9.923906 33.135887], 2
6, 1, [ 1 15 14 15  7], [2 5 6 5 6], [-28.726412    2.0345223   9.923005    7.967798   33.14513  ], 5
13, 10, [10], [13], [33.070477], 1
13, 15, [15], [13], [33.05118], 1
6, 2, [ 2  6 13], [6 6 6], [30.568336 29.03684  33.151684], 3
0, 1, [ 1 14], [6 0], [-10.054127  33.15516 ], 2
14, 13, [13], [14], [33.190804], 1
11, 5, [ 5 11], [ 9 11], [-10.084244  33.136284], 2

0, 5, [ 5  9  8 13], [6 5 0 0], [-23.310593  11.078207  25.042513  33.153137], 4
10, 4, [4], [10], [33.049713], 1
12, 8, [8], [12], [33.20972], 1
10, 1, [1], [10], [33.03692], 1
2, 12, [12], [2], [33.04474], 1
4, 2, [2], [4], [33.144768], 1
14, 15, [15  8  6 13], [12 12 12 14], [-27.835838    3.4885976  12.150156   33.19099  ], 4
13, 15, [15], [13], [33.051186], 1
3, 8, [8], [3], [33.186058], 1
0, 3, [ 3 10 16  4 13], [6 6 0 7 0], [-28.745272    2.0138154   9.893537    7.9339666  33.153454 ], 5
7, 11, [11  8], [7 7], [33.044388 33.192493], 2
12, 3, [ 3 10], [12 12], [32.881786 33.07707 ], 2
9, 10, [10], [9], [33.086987], 1
6, 6, [6], [6], [33.143387], 1
11, 14, [14], [11], [33.070793], 1
4, 16, [16 13], [4 4], [33.023567 33.153423], 2
0, 15, [15  8], [5 0], [-10.035021  33.152145], 2
8, 9, [9 2 8], [4 8 8], [-12.528349  29.032173  33.151585], 3
12, 7, [7], [12], [33.154163], 1
11, 13, [13], [11], [33.164574], 1
9, 15, [15], [9], [33.051506], 1
0, 3, [ 3 14 16  6], [6 0 7 0], [-20.131214  16.370646  12.029409  33.144146], 4
10, 3, [3], [10], [33.03361], 1
8, 10, [10  6], [8 8], [32.953346 33.10528 ], 2
6, 4, [4 8], [6 6], [32.9222   33.127075], 2
6, 12, [12  8], [6 6], [32.919872 33.126995], 2
10, 15, [15], [10], [33.04899], 1
3, 1, [ 1 11], [6 3], [-10.082281  33.107094], 2
7, 5, [ 5 14], [0 7], [-10.048519  33.181618], 2
9, 3, [3], [9], [33.03411], 1
13, 3, [3], [13], [33.03541], 1
0, 1, [ 1 14], [6 0], [-10.054701  33.155556], 2

9, 1, [1], [9], [33.034706], 1
1, 9, [9], [1], [33.074806], 1
13, 16, [16], [13], [33.124123], 1
8, 3, [ 3 14], [8 8], [32.93778 33.16644], 2
6, 16, [16], [6], [33.10757], 1
13, 6, [6], [13], [33.227512], 1
14, 10, [10  8  6 14  2], [12 14 12 14 14], [-22.637146  12.143359   4.941093  21.177189  33.269794], 5
8, 14, [14 11], [1 8], [-9.936569 33.170574], 2
11, 15, [15], [11], [33.048496], 1
0, 16, [16], [0], [33.116325], 1
4, 4, [4], [4], [33.04291], 1
12, 12, [12], [12], [33.050972], 1
6, 3, [ 3 14  8], [6 6 6], [30.457481 29.018764 33.127075], 3
10, 5, [5], [10], [33.035507], 1
9, 1, [1], [9], [33.03489], 1
1, 9, [9], [1], [33.074707], 1
12, 13, [13], [12], [33.19965], 1
9, 16, [16], [9], [33.13221], 1
13, 9, [9], [13], [33.04563], 1
6, 9, [9 8], [7 6], [-10.071186  33.126717], 2
5, 16, [16], [5], [33.110092], 1
10, 3, [3], [10], [33.033806], 1
10, 1, [1], [10], [33.037075], 1
7, 9, [ 9 11], [7 7], [32.93704  33.141193], 2
10, 13, [13], [10], [33.19667], 1
5, 10, [10  8], [6 5], [-10.032034  33.150707], 2
8, 15, [15 14], [8 8], [32.955704 33.16644 ], 2
11, 16, [16], [11], [33.188705], 1
2, 10, [10 14], [2 2], [32.961514 33.137444], 2
1, 13, [13], [1], [33.153217], 1
3, 6, [6], [3], [33.14686], 1
13, 5, [5], [13], [33.040833], 1

5, 12, [12  7], [6 5], [-10.069294  33.145687], 2
6, 1, [1 7], [3 6], [-10.060598  33.145126], 2
5, 13, [13], [5], [33.15668], 1
7, 6, [6 8], [0 7], [-9.937773 33.194653], 2
6, 14, [14 13], [6 6], [33.033504 33.15168 ], 2
0, 7, [7], [0], [33.143555], 1
4, 7, [7], [4], [33.1473], 1
7, 6, [ 6  7 14  7  9  8], [7 5 5 5 7 7], [ 7.6427803 -9.157038  -8.838694  -1.6720438 16.969627  33.20158  ], 6
0, 4, [4 7], [5 0], [-10.070803  33.143757], 2
10, 13, [13], [10], [33.196377], 1
8, 16, [16  6], [8 8], [33.022667 33.11221 ], 2
9, 8, [8 3], [9 9], [33.011642 33.03405 ], 2
0, 4, [ 4 15  6], [7 5 0], [-20.380388  15.960883  33.1444  ], 3
2, 14, [14], [2], [33.137276], 1
6, 11, [11], [6], [33.12398], 1
8, 15, [15  2], [8 8], [32.93853  33.138634], 2
7, 8, [8], [7], [33.194004], 1
6, 14, [14  3  7], [6 6 6], [30.502712 28.933094 33.145126], 3
7, 15, [15  4  6 11 10  8], [5 7 6 7 5 7], [-26.55891     5.604812   -5.729169    3.5379274   3.9975414  33.199986 ], 6
13, 4, [4], [13], [33.04564], 1
1, 3, [3], [1], [33.043976], 1
7, 11, [11], [7], [33.141014], 1
5, 10, [10 15 14], [6 2 5], [-20.346867  15.958965  33.1494  ], 3
12, 4, [4 2], [13 12], [-10.07015  33.13905], 2
12, 11, [11], [12], [33.12038], 1
6, 15, [15 14  8], [7 6 6], [-12.503897  29.018764  33.127075], 3
1, 3, [3], [1], [33.043976], 1
3, 12, [12  1  8], [9 6 3], [-20.373714  15.967582  33.186783], 3
11, 3, [ 3 11], [11 11], [32.914974 33.135254], 2
13, 2, [2], [13], [33.167633], 1
0, 15, [15 11], [0 0], [32.940685 33.108135], 2
1, 2, [2], [1], [33.14731], 1

8, 10, [10 11], [8 8], [32.99518  33.170868], 2
9, 12, [12], [9], [33.04888], 1
14, 4, [4 6 1], [12 12 14], [-20.2944    16.092308  33.09588 ], 3
0, 10, [10 11], [6 0], [-10.058304  33.107925], 2
12, 6, [6], [12], [33.240738], 1
8, 15, [15 11], [8 8], [32.95588  33.170868], 2
5, 12, [12  8], [6 5], [-10.065641  33.151314], 2
12, 9, [ 9 16], [12 12], [32.926674 33.12623 ], 2
7, 7, [7], [7], [33.147297], 1
9, 4, [4], [9], [33.037483], 1
14, 6, [ 6 11  2], [12 12 14], [-20.110798  16.085545  33.28259 ], 3
4, 7, [7], [4], [33.146835], 1
4, 6, [6 7], [4 4], [33.015617 33.14619 ], 2
0, 13, [13], [0], [33.15291], 1
7, 8, [8 7], [5 7], [-9.95484  33.147392], 2
10, 9, [9], [10], [33.044064], 1
4, 9, [9 8], [8 4], [-10.057344  33.15081 ], 2
1, 15, [15], [1], [33.0644], 1
10, 10, [10], [10], [33.070084], 1
6, 13, [13], [6], [33.152847], 1
7, 8, [8], [7], [33.193474], 1
0, 3, [3 2], [6 0], [-10.067387  33.14396 ], 2
2, 1, [1], [2], [33.052544], 1
11, 2, [2], [11], [33.12397], 1
6, 10, [10 12 14  2  8], [5 6 6 6 6], [-18.103758  19.696804  17.755539  21.021027  33.12679 ], 5
13, 1, [1], [13], [33.037823], 1
6, 15, [15  8], [5 6], [-10.057232  33.12667 ], 2
3, 16, [16], [3], [33.114113], 1
5, 9, [ 9 13], [5 5], [32.9477 33.156 ], 2
2, 2, [2], [2], [33.141018], 1
7, 3, [3 7], [6 7], [-10.065495  33.147205], 2
5, 6, [6], [5], [33.167347], 1

----------------------train at epoch 3-----------------------------
4, 6, [ 6 12  8  7], [4 8 4 4], [19.768402 11.067502 25.038635 33.14619 ], 4
10, 13, [13], [10], [33.19667], 1
6, 14, [14  1  7], [2 6 6], [-12.494631  28.944069  33.14512 ], 3
1, 4, [4], [1], [33.04227], 1
10, 12, [12], [10], [33.037727], 1
3, 15, [15 14], [6 3], [-10.02857   33.156887], 2
9, 11, [11], [9], [33.104744], 1
9, 7, [7], [9], [33.174046], 1
13, 1, [1], [13], [33.037823], 1
6, 4, [ 4 13], [7 6], [-10.066187  33.151703], 2
10, 11, [11], [10], [33.125965], 1
9, 9, [9], [9], [33.045036], 1
14, 14, [14 15  1 15  8  7 13], [12 12 12 12 12 12 14], [-39.687668   -16.407352   -20.791317   -21.38647    -15.756514
   0.08503723  33.18859   ], 7
2, 5, [5], [2], [33.04225], 1
4, 2, [2], [4], [33.146267], 1
7, 7, [7], [7], [33.147232], 1
8, 1, [ 1 15 14], [8 4 8], [22.617725 15.958645 33.16574 ], 3
10, 12, [12], [10], [33.037716], 1
2, 1, [1], [2], [33.052544], 1
5, 11, [11], [5], [33.110172], 1
3, 5, [ 5 13], [3 3], [32.93489 33.15348], 2
4, 10, [10  8], [4 4], [32.97501 33.15081], 2
0, 15, [15 13], [5 0], [-10.028324  33.152954], 2
2, 5, [ 5 14], [0 2], [-10.074932  33.137455], 2
8, 3, [ 3 16 10  7], [1 8 8 8], [-15.478543  24.135479  24.987005  33.15724 ], 4
9, 8, [8], [9], [33.218536], 1
2, 10, [10  2], [6 2], [-10.037357  33.140995], 2
11, 9, [9], [11], [33.046707], 1
10, 8, [8 6], [10 10], [33.05609 33.18906], 2
0, 3, [3 8], [6 0], [-10.062885  33.15119 ], 2
11, 5, [5], [11], [33.035637], 1
10, 11, [11], [10], [33.126106], 1

14, 2, [2], [14], [33.275642], 1
3, 4, [ 4 16], [5 3], [-10.088703  33.113518], 2
8, 2, [ 2 13], [8 8], [33.040424 33.165337], 2
11, 9, [9], [11], [33.046776], 1
10, 3, [3], [10], [33.033638], 1
2, 5, [5 7], [7 2], [-10.071741  33.143364], 2
10, 6, [6], [10], [33.18164], 1
9, 16, [16], [9], [33.13189], 1
13, 5, [5], [13], [33.040833], 1
3, 3, [ 3 13], [6 3], [-10.061707  33.15344 ], 2
11, 15, [15], [11], [33.04847], 1
3, 8, [8], [3], [33.186146], 1
7, 5, [ 5  2 11  8], [7 7 5 7], [22.85261  16.350655 12.048436 33.20158 ], 4
11, 7, [7], [11], [33.130608], 1
13, 7, [7], [13], [33.155807], 1
7, 16, [16  6 14  8], [7 5 7 7], [19.877155 11.212369 25.094337 33.197296], 4
7, 13, [13], [7], [33.1683], 1
13, 11, [11], [13], [33.106342], 1
9, 4, [4], [9], [33.037468], 1
8, 4, [ 4  2 13], [8 8 8], [30.467312 29.040424 33.165337], 3
7, 7, [ 7 14 16], [5 7 7], [-12.40941   29.075014  33.16367 ], 3
2, 6, [6], [2], [33.143166], 1
3, 4, [4 7], [5 3], [-10.071066  33.14273 ], 2
9, 9, [9], [9], [33.04529], 1
14, 11, [11  6 13  2], [12 12 12 14], [-27.759047    3.5426965  12.162414   33.27702  ], 4
14, 8, [ 8 15 16  6  7 16  8], [12 12 12 12 12 12 12], [-42.947586 -21.900084 -29.951885 -36.799217 -41.722244 -43.156876
 -38.807537], 7
14, 1, [ 1  6 16], [12 12 14], [-20.279442  16.125025  33.137398], 3
1, 8, [8], [1], [33.149773], 1
6, 11, [11], [6], [33.12416], 1
6, 16, [16], [6], [33.10849], 1
9, 2, [2], [9], [33.125984], 1
7, 10, [10  5  8], [5 6 7], [-20.346447  15.959909  33.196102], 3

3, 9, [ 9 14], [7 3], [-10.053602  33.15689 ], 2
6, 9, [ 9 14 12  6 16], [7 6 6 2 6], [-20.916357  15.053262   9.851273   8.011142  33.106865], 5
2, 9, [ 9 14], [7 2], [-10.06572   33.137444], 2
11, 6, [6], [11], [33.14483], 1
14, 3, [3 2], [ 7 14], [-9.982229 33.27507 ], 2
4, 11, [11], [4], [33.12781], 1
12, 10, [10], [12], [33.081127], 1
9, 2, [2], [9], [33.124573], 1
12, 13, [13], [12], [33.199394], 1
2, 11, [11], [2], [33.1085], 1
7, 1, [ 1 13 14 13 10  6], [6 0 5 7 6 7], [-34.30879    -7.270156   -5.714544    3.5373545   3.9587336  33.13457  ], 6
4, 9, [ 9 13], [8 4], [-10.055788  33.154408], 2
12, 3, [3 6], [12 12], [32.979736 33.24044 ], 2
10, 15, [15], [10], [33.04915], 1
14, 11, [11  7 13  8 13 14  8], [12 12 12 12 12 12 12], [-42.946033 -21.769691 -29.892738 -36.814327 -41.67744  -43.12216
 -38.80786 ], 7
2, 12, [12  2], [0 2], [-10.071569  33.140995], 2
9, 4, [4], [9], [33.037483], 1
13, 11, [11], [13], [33.106358], 1
9, 12, [12], [9], [33.04892], 1
14, 14, [14  7 13  9], [12 12 14 14], [-23.130745  11.200251  25.050892  33.099407], 4
11, 1, [1], [11], [33.036503], 1
1, 4, [4], [1], [33.042274], 1
7, 2, [ 2 16], [5 7], [-9.973883 33.155426], 2
2, 4, [4 7], [5 2], [-10.070721  33.143364], 2
9, 1, [1], [9], [33.034706], 1
5, 12, [12 13  7], [6 5 5], [-12.531057  29.042286  33.14554 ], 3
7, 4, [ 4 14  8], [7 7 7], [30.500006 29.095215 33.198967], 3
5, 15, [15 14], [2 5], [-10.041035  33.1494  ], 2
6, 6, [ 6 14 16], [6 6 6], [30.551413 29.006905 33.10731 ], 3
8, 15, [15  3  1  7], [4 8 8 8], [-15.540684  24.000097  24.936527  33.155922], 4
5, 7, [7], [5], [33.14569], 1
10, 12, [12], [10], [33.03772], 1

14, 16, [16], [14], [33.13703], 1
8, 7, [7], [8], [33.15634], 1
3, 8, [8 7], [3 3], [33.059036 33.142685], 2
11, 5, [5 6], [11 11], [32.922424 33.1448  ], 2
8, 14, [14], [8], [33.165195], 1
10, 16, [16 14], [10 10], [32.98878 33.07566], 2
4, 9, [ 9 14  9  7], [4 4 4 4], [27.524147 24.116333 24.942495 33.14691 ], 4
4, 6, [ 6 14], [4 4], [33.017456 33.14881 ], 2
1, 9, [9], [1], [33.074806], 1
6, 15, [15 16], [5 6], [-10.056681  33.10689 ], 2
5, 14, [14  2], [5 5], [33.045544 33.141613], 2
9, 15, [15], [9], [33.050594], 1
0, 6, [6], [0], [33.144676], 1
11, 10, [10], [11], [33.12705], 1
14, 15, [15  6  1], [12 12 14], [-20.274166  16.091385  33.093037], 3
3, 12, [12  8], [0 3], [-10.044584  33.18651 ], 2
3, 16, [16  8], [2 3], [-9.9793625 33.18645  ], 2
5, 14, [14], [5], [33.156155], 1
8, 16, [16 14  7], [8 1 8], [22.777472 16.056993 33.15722 ], 3
11, 4, [4], [11], [33.037262], 1
13, 9, [9], [13], [33.045628], 1
9, 6, [6], [9], [33.224083], 1
1, 11, [11], [1], [33.107628], 1
3, 11, [11], [3], [33.107212], 1
6, 11, [11], [6], [33.123917], 1
1, 12, [12], [1], [33.043808], 1
2, 3, [3 8], [6 2], [-10.063719  33.149837], 2
7, 12, [12  2 11 13], [6 5 7 7], [-23.26504   11.152365  25.032507  33.169243], 4
10, 1, [1], [10], [33.037094], 1
0, 1, [ 1 14], [6 0], [-10.055233  33.154285], 2
4, 6, [ 6  8 13], [4 4 4], [30.558805 29.04293  33.153484], 3
5, 14, [14], [5], [33.14705], 1

13, 12, [12], [13], [33.042465], 1
3, 2, [ 2 13], [3 3], [33.034958 33.153473], 2
14, 11, [11 14 12], [12 12 14], [-20.27406   16.017319  33.101685], 3
8, 6, [6], [8], [33.112984], 1
4, 15, [15 16], [8 4], [-10.0714855  33.124573 ], 2
2, 16, [16], [2], [33.112083], 1
12, 5, [5 2], [12 12], [32.927788 33.146774], 2
13, 16, [16], [13], [33.124123], 1
0, 12, [12  8  5 14 13], [6 0 6 3 0], [-25.592579    7.2730446  -3.1293073   8.047015   33.153137 ], 5
5, 12, [12  1  6], [5 6 5], [22.615417 15.952942 33.167786], 3
13, 10, [10], [13], [33.070473], 1
10, 7, [7], [10], [33.12805], 1
13, 10, [10], [13], [33.070477], 1
6, 2, [2 8], [6 6], [33.022278 33.12748 ], 2
1, 1, [1], [1], [33.050426], 1
11, 8, [8], [11], [33.164867], 1
13, 4, [4], [13], [33.04564], 1
3, 9, [9 7], [7 3], [-10.062105  33.14274 ], 2
13, 7, [7], [13], [33.155807], 1
7, 1, [ 1 13 16 12  2 10  3], [6 7 7 0 5 5 7], [-29.998285   -0.0828886 -15.413928  -34.254414  -37.162483  -35.49125
 -25.951324 ], 7
12, 3, [ 3 12  2], [12 12 12], [30.411722 28.960295 33.141285], 3
2, 12, [12  6], [6 2], [-10.069593  33.144905], 2
11, 16, [16 10], [ 1 11], [-9.987576 33.129253], 2
10, 6, [6 8], [ 1 10], [-9.970123 33.13418 ], 2
5, 16, [16 13], [9 5], [-9.979773 33.15352 ], 2
8, 11, [11], [8], [33.17461], 1
11, 10, [10], [11], [33.128536], 1
13, 1, [1], [13], [33.037823], 1
6, 8, [8], [6], [33.126945], 1
3, 9, [9 8], [5 3], [-10.033981  33.186638], 2
4, 3, [3 7], [8 4], [-10.074472  33.146152], 2
9, 14, [14], [9], [33.100952], 1

11, 4, [4], [11], [33.037125], 1
9, 13, [13], [9], [33.15584], 1
9, 13, [13], [9], [33.156006], 1
10, 7, [7], [10], [33.12794], 1
10, 6, [6], [10], [33.188484], 1
10, 14, [14], [10], [33.076206], 1
0, 13, [13], [0], [33.15286], 1
11, 7, [7], [11], [33.13334], 1
11, 13, [13], [11], [33.16346], 1
9, 7, [7], [9], [33.172676], 1
6, 14, [14  6], [6 6], [33.029274 33.14329 ], 2
12, 10, [10], [12], [33.08012], 1
9, 8, [8], [9], [33.208466], 1
13, 8, [8], [13], [33.182487], 1
9, 16, [16], [9], [33.136395], 1
10, 2, [2], [10], [33.12117], 1
9, 9, [9], [9], [33.04503], 1
13, 9, [9], [13], [33.04563], 1
13, 4, [4], [13], [33.04564], 1
7, 4, [ 4 16  1 16  6 16 13], [6 7 5 7 7 7 7], [-26.445696    5.8474407  -5.4854665   4.11868     4.966599   13.038916
  33.166992 ], 7
6, 13, [13], [6], [33.15804], 1
8, 8, [ 8 12 14], [8 8 8], [30.517239 28.943382 33.16574 ], 3
12, 7, [7], [12], [33.15298], 1
9, 8, [8], [9], [33.223526], 1
0, 14, [14], [0], [33.155037], 1
12, 3, [3 6], [12 12], [32.977768 33.23713 ], 2
0, 7, [7 6], [0 0], [33.030952 33.144394], 2
6, 10, [10 15  5 13], [6 7 6 6], [19.704666 11.044906 24.933434 33.15191 ], 4
10, 9, [9], [10], [33.044044], 1
6, 3, [ 3 14  7], [6 6 6], [30.463978 29.029594 33.145126], 3
2, 2, [2], [2], [33.14107], 1
14, 9, [ 9 13  2], [ 5 14 14], [-12.446859  29.161942  33.284492], 3

7, 11, [11 14], [7 7], [33.04589  33.182556], 2
5, 14, [14], [5], [33.1476], 1
3, 16, [16], [3], [33.114014], 1
1, 1, [1], [1], [33.050426], 1
14, 4, [ 4  6  7  6 15  2], [12 12 12 12 12 14], [-37.03949   -11.815837  -13.435141   -9.332561    4.0369854  33.27702  ], 6
14, 8, [ 8 13  2], [12 14 14], [-12.30411   29.161942  33.284492], 3
3, 11, [11], [3], [33.106934], 1
11, 15, [15], [11], [33.048702], 1
8, 16, [16  2 13], [8 8 8], [30.57787  29.040424 33.165337], 3
0, 3, [ 3 11], [6 0], [-10.088377  33.10795 ], 2
1, 7, [7], [1], [33.14319], 1
11, 6, [6], [11], [33.14653], 1
3, 15, [15  7], [6 3], [-10.036131  33.142677], 2
1, 16, [16 15], [14  1], [-10.026075  33.06446 ], 2
5, 16, [16 13], [9 5], [-9.975971 33.15604 ], 2
8, 9, [9 2], [4 8], [-10.063328  33.139496], 2
9, 6, [6], [9], [33.230904], 1
2, 11, [11], [2], [33.10853], 1
13, 14, [14], [13], [33.166267], 1
3, 6, [6], [3], [33.14686], 1
3, 12, [12  7], [6 3], [-10.070745  33.142746], 2
12, 8, [8], [12], [33.21054], 1
7, 9, [ 9  2  5 11  8], [5 5 6 7 7], [-30.585167   -1.0620971   4.6748247  21.05524    33.19715  ], 5
14, 5, [ 5  6 15 11 13 11  2], [12 12 12 12 14 12 14], [-37.992508  -13.3917675 -16.057255  -13.538683   -2.7570188   0.0862236
  33.284492 ], 7
11, 9, [9], [11], [33.04642], 1
10, 13, [13], [10], [33.196415], 1
5, 4, [4 7], [5 5], [32.93061 33.14554], 2
8, 9, [ 9  3  1  8 14], [4 8 8 4 8], [-20.970772  14.961233   9.872534   8.051053  33.16683 ], 5
5, 2, [ 2  1 14], [5 6 5], [22.701046 15.942919 33.149387], 3
6, 12, [12 16], [6 6], [32.90773 33.10689], 2
13, 3, [3], [13], [33.035416], 1
6, 16, [16], [6], [33.108067], 1

12, 11, [11], [12], [33.120354], 1
2, 4, [4 8], [5 2], [-10.06699   33.149796], 2
8, 10, [10 14], [8 8], [32.990273 33.16683 ], 2
14, 4, [4 2], [12 14], [-9.983568 33.277817], 2
8, 9, [9 1 2], [8 8 8], [30.407127 28.92596  33.138313], 3
0, 9, [ 9 13], [5 0], [-10.054649  33.153503], 2
6, 16, [16], [6], [33.10725], 1
0, 3, [ 3  8 14  8 14 11], [6 0 3 0 3 0], [-26.517815    5.726244   -5.707309    3.5626001   4.019952   33.108032 ], 6
13, 6, [6], [13], [33.226097], 1
7, 16, [16], [7], [33.156036], 1
8, 13, [13], [8], [33.16575], 1
2, 13, [13], [2], [33.150524], 1
5, 5, [5 7], [6 5], [-10.070044  33.14555 ], 2
6, 6, [6], [6], [33.14303], 1
2, 1, [1], [2], [33.052593], 1
14, 2, [2], [14], [33.2771], 1
6, 13, [13], [6], [33.15181], 1
0, 10, [10  2], [6 0], [-10.036783  33.14339 ], 2
12, 4, [4 3 5 2], [12 12 12 12], [27.440197 23.989658 24.923523 33.141285], 4
13, 1, [1], [13], [33.037827], 1
1, 10, [10], [1], [33.07585], 1
6, 5, [ 5 13], [6 6], [32.933365 33.15168 ], 2
3, 13, [13], [3], [33.153778], 1
9, 13, [13], [9], [33.15582], 1
4, 7, [7], [4], [33.1473], 1
0, 15, [15 14], [0 0], [32.9689  33.15516], 2
5, 8, [8], [5], [33.14975], 1
0, 8, [8], [0], [33.152107], 1
11, 12, [12], [11], [33.038765], 1
4, 8, [8], [4], [33.150837], 1
3, 1, [ 1 14], [6 3], [-10.053768  33.154617], 2
8, 7, [7], [8], [33.157207], 1

4, 14, [14 13], [8 4], [-9.949133 33.156376], 2
9, 14, [14], [9], [33.095955], 1
1, 3, [3], [1], [33.043976], 1
10, 2, [2], [10], [33.12116], 1
1, 2, [2], [1], [33.14732], 1
3, 10, [10 14], [6 3], [-10.028509  33.15692 ], 2
2, 15, [15  2], [11  2], [-10.057861  33.140713], 2
7, 2, [ 2 11  8], [5 6 7], [-20.242252  16.040709  33.19584 ], 3
10, 12, [12], [10], [33.037727], 1
3, 14, [14], [3], [33.157074], 1
9, 8, [8], [9], [33.217323], 1
4, 5, [5 6 2], [8 4 4], [-12.551119  29.015827  33.1461  ], 3
6, 5, [5 6 3 6 8], [6 6 6 6 6], [24.888367 19.743465 17.66033  21.023514 33.127075], 5
1, 11, [11], [1], [33.107643], 1
3, 10, [10], [3], [33.076355], 1
8, 11, [11], [8], [33.173435], 1
1, 7, [7], [1], [33.143196], 1
12, 16, [16], [12], [33.126183], 1
0, 2, [2], [0], [33.143814], 1
12, 5, [ 5 13], [12 12], [32.958626 33.19966 ], 2
9, 3, [3 6 2], [9 9 9], [30.480764 29.078047 33.12434 ], 3
7, 4, [ 4  8 14 15 16], [5 5 7 2 7], [-28.677055    2.1328914   9.960278    7.9699755  33.162083 ], 5
4, 11, [11 13], [4 4], [33.029778 33.154408], 2
11, 6, [6], [11], [33.145817], 1
14, 3, [ 3  5 11], [ 5 14 14], [-12.590544  28.930862  33.100605], 3
1, 3, [3], [1], [33.043976], 1
12, 5, [ 5 13], [12 12], [32.958557 33.201355], 2
5, 3, [3], [5], [33.05334], 1
4, 10, [10 16], [4 4], [32.95852  33.124573], 2
4, 14, [14  8 14 12  2], [4 4 4 8 4], [22.208757 15.096537  9.909495  7.9311   33.14626 ], 5
0, 6, [6], [0], [33.14462], 1
8, 15, [15  8], [4 8], [-10.0515785  33.151863 ], 2

0, 13, [13], [0], [33.153313], 1
3, 2, [ 2 15  8], [3 6 3], [22.735964  15.9892025 33.18651  ], 3
5, 3, [3 8], [5 5], [32.939957 33.149986], 2
9, 10, [10], [9], [33.08712], 1
1, 12, [12], [1], [33.043808], 1
14, 16, [16 14  2], [12 12 14], [-20.197187  16.125278  33.281616], 3
4, 16, [16  8], [4 4], [33.016594 33.15069 ], 2
10, 2, [2], [10], [33.121246], 1
6, 11, [11], [6], [33.123875], 1
12, 11, [11], [12], [33.120335], 1
8, 10, [10], [8], [33.09573], 1
4, 8, [8], [4], [33.150936], 1
13, 14, [14], [13], [33.166298], 1
4, 11, [11  8], [4 4], [33.021454 33.15072 ], 2
14, 16, [16 13 16  8  9], [12 12 12 12 14], [-33.246292   -5.6261425  -3.0366688   8.056563   33.107376 ], 5
7, 3, [ 3  5 11 13], [6 6 7 7], [-23.316954  11.060793  25.03088   33.167458], 4
9, 15, [15], [9], [33.050842], 1
14, 15, [15 13], [12 14], [-10.019371  33.19075 ], 2
13, 11, [11], [13], [33.10636], 1
13, 2, [2], [13], [33.16763], 1
12, 9, [ 9  3 13], [12 12 12], [30.423775 28.955208 33.199436], 3
6, 12, [12 15  8], [6 6 6], [30.413666 28.950212 33.1268  ], 3
5, 4, [ 4 14  8], [5 5 5], [30.473764 29.050587 33.150017], 3
10, 4, [4], [10], [33.049904], 1
9, 12, [12], [9], [33.046795], 1
2, 8, [8], [2], [33.15057], 1
13, 15, [15], [13], [33.05118], 1
3, 13, [13], [3], [33.153908], 1
0, 3, [3 8], [6 0], [-10.064671  33.148872], 2
9, 14, [14], [9], [33.107292], 1
13, 2, [2], [13], [33.167633], 1
0, 7, [7], [0], [33.143787], 1

0, 13, [13], [0], [33.15348], 1
14, 1, [ 1  6  7 13 16 15  6], [14 12 12 12 12 12 12], [ 2.1442413e-02 -2.1746737e+01 -2.9958084e+01 -3.6873394e+01
 -4.1782085e+01 -4.3185795e+01 -3.8771885e+01], 7
0, 2, [2], [0], [33.143703], 1
14, 13, [13  4  6  7  2], [12 12 12 12 14], [-33.210476   -5.6772227  -2.88622     8.142776   33.2947   ], 5
3, 11, [11], [3], [33.107307], 1
14, 6, [6 5], [12 14], [-9.908306 33.09355 ], 2
1, 7, [7], [1], [33.14321], 1
7, 3, [3 8], [6 7], [-10.039761  33.190113], 2
4, 1, [ 1  9  8 14], [8 4 4 4], [-15.51055   24.078037  25.04004   33.14853 ], 4
1, 8, [8], [1], [33.14979], 1
6, 4, [4 8], [5 6], [-10.080788  33.12679 ], 2
5, 15, [15  8], [6 5], [-10.0392475  33.149986 ], 2
13, 4, [4], [13], [33.04564], 1
5, 4, [4 3 7], [5 5 5], [30.405201 28.936893 33.145493], 3
13, 16, [16], [13], [33.124073], 1
1, 16, [16 14], [14  1], [-9.973469 33.156704], 2
5, 13, [13], [5], [33.156044], 1
4, 15, [15  6 15  7], [4 4 4 4], [27.51964  24.101265 24.94703  33.14691 ], 4
6, 13, [13], [6], [33.161667], 1
6, 2, [ 2 15  8], [6 7 6], [22.722347 15.96109  33.127075], 3
7, 5, [ 5 14], [0 7], [-10.048519  33.181618], 2
5, 1, [ 1 11], [6 5], [-10.083237  33.108475], 2
7, 6, [6 8], [0 7], [-9.937099 33.196102], 2
14, 4, [ 4 13], [12 14], [-10.036301  33.19056 ], 2
9, 11, [11], [9], [33.104645], 1
11, 10, [10], [11], [33.127014], 1
12, 15, [15 14 13], [13 12 12], [-12.526695  29.038439  33.20136 ], 3
5, 1, [1 8], [6 5], [-10.058678  33.14931 ], 2
10, 11, [11], [10], [33.12601], 1
13, 13, [13], [13], [33.189278], 1
8, 15, [15  8 13], [4 8 8], [-12.51099   29.049683  33.16412 ], 3
2, 10, [10 16], [2 2], [32.943596 33.107582], 2

0, 14, [14], [0], [33.154224], 1
1, 2, [2], [1], [33.1473], 1
12, 16, [16], [12], [33.12623], 1
6, 7, [7], [6], [33.14544], 1
14, 7, [ 7 13 14 12  1 13 15], [12 12 12 12 14 12 12], [-41.249752 -19.02592  -25.36963  -29.220314 -28.81152  -43.157738
 -38.92266 ], 7
1, 6, [6], [1], [33.144512], 1
3, 9, [ 9 12 14], [5 6 3], [-20.384401  15.937737  33.156887], 3
7, 14, [14], [7], [33.18392], 1
12, 12, [12], [12], [33.057194], 1
8, 10, [10  4 11], [4 4 8], [-20.343033  15.947912  33.17506 ], 3
9, 15, [15], [9], [33.051388], 1
12, 13, [13], [12], [33.199554], 1
11, 6, [6], [11], [33.146862], 1
13, 13, [13], [13], [33.189354], 1
6, 12, [12  3 14  2  7], [6 6 6 6 6], [24.865498 19.70353  17.76218  21.03277  33.145126], 5
2, 10, [10], [2], [33.08034], 1
14, 11, [11 14  8  6 10  5], [12 12 12 12 12 14], [-37.036633  -11.920031  -13.446182   -9.40781     3.9277134  33.09355  ], 6
7, 11, [11  8], [6 7], [-9.960495 33.19353 ], 2
14, 13, [13], [14], [33.190804], 1
8, 3, [ 3 11], [8 8], [32.945595 33.178726], 2
10, 2, [2], [10], [33.12124], 1
10, 2, [2], [10], [33.12149], 1
13, 5, [5], [13], [33.040833], 1
10, 1, [1], [10], [33.03702], 1
13, 3, [3], [13], [33.035408], 1
3, 1, [ 1 15  8], [6 6 3], [-20.350788  15.991538  33.18686 ], 3
2, 11, [11], [2], [33.10847], 1
0, 7, [7], [0], [33.143787], 1
0, 14, [14], [0], [33.154335], 1
2, 9, [ 9 13], [5 2], [-10.055792  33.15035 ], 2
8, 9, [ 9 16  4 11], [4 8 8 8], [-15.474671  24.121635  24.947374  33.173862], 4
7, 11, [11  2 11 16], [7 7 7 7], [27.617462 24.147615 25.033363 33.1623  ], 4

12, 4, [4 8], [12 12], [32.97145  33.208496], 2
4, 16, [16 12  2], [8 8 4], [-20.2957    15.931099  33.14626 ], 3
11, 15, [15], [11], [33.048195], 1
10, 3, [3], [10], [33.03361], 1
2, 15, [15 13], [5 2], [-10.036951  33.150337], 2
11, 2, [ 2 13], [11 11], [33.02123  33.164566], 2
9, 4, [4], [9], [33.037506], 1
12, 2, [2], [12], [33.13905], 1
11, 12, [12], [11], [33.037365], 1
8, 4, [ 4 14], [4 8], [-10.056934  33.16683 ], 2
7, 14, [14 15 10 14  8 13], [7 2 6 7 7 7], [10.43211   -4.5643277 -1.0674133 11.424737  17.09005   33.168884 ], 6
0, 11, [11], [0], [33.10834], 1
5, 6, [6], [5], [33.167347], 1
4, 6, [ 6 11 14  9 13], [4 4 4 4 4], [24.984745 19.762672 17.71942  20.94612  33.15342 ], 5
11, 5, [5 6], [ 9 11], [-10.078705  33.145515], 2
10, 8, [8], [10], [33.13534], 1
6, 9, [ 9 14 13], [5 2 6], [-20.330412  16.029139  33.151665], 3
9, 13, [13], [9], [33.15583], 1
3, 14, [14], [3], [33.157402], 1
14, 9, [ 9 14], [ 5 14], [-9.960005 33.311245], 2
6, 10, [10 15  8], [6 6 6], [30.447012 28.949076 33.126995], 3
4, 1, [ 1 13], [8 4], [-10.064718  33.154408], 2
11, 7, [7], [11], [33.13172], 1
12, 2, [2], [12], [33.138386], 1
8, 13, [13], [8], [33.164364], 1
2, 12, [12], [2], [33.04474], 1
8, 1, [1], [8], [33.04127], 1
12, 1, [ 1 13], [12 12], [32.95727 33.19734], 2
12, 10, [10], [12], [33.08094], 1
7, 1, [ 1 16 13], [6 7 7], [-12.518568  29.048681  33.16874 ], 3
3, 7, [7], [3], [33.143326], 1
12, 11, [11], [12], [33.120163], 1

11, 1, [1], [11], [33.036396], 1
12, 12, [12], [12], [33.044144], 1
10, 12, [12], [10], [33.04111], 1
11, 3, [ 3 11], [11 11], [32.9155   33.136112], 2
13, 5, [5], [13], [33.040833], 1
11, 12, [12], [11], [33.037598], 1
5, 8, [8], [5], [33.15095], 1
12, 14, [14  6], [13 12], [-9.91748  33.247215], 2
6, 4, [4 8], [7 6], [-10.080889  33.12748 ], 2
5, 13, [13], [5], [33.155373], 1
9, 11, [11], [9], [33.104523], 1
3, 12, [12  6], [6 3], [-10.068523  33.146206], 2
8, 5, [5], [8], [33.036926], 1
5, 2, [ 2 14], [5 5], [33.025166 33.156143], 2
12, 7, [7], [12], [33.15143], 1
13, 10, [10], [13], [33.070477], 1
12, 2, [2], [12], [33.14672], 1
1, 3, [3], [1], [33.043976], 1
3, 16, [16], [3], [33.115517], 1
10, 13, [13], [10], [33.19642], 1
6, 8, [8], [6], [33.127327], 1
11, 10, [10], [11], [33.127354], 1
10, 3, [3], [10], [33.033615], 1
13, 4, [4], [13], [33.04564], 1
10, 5, [5], [10], [33.03557], 1
11, 2, [2], [11], [33.12397], 1
5, 7, [7], [5], [33.145695], 1
5, 16, [16], [5], [33.110092], 1
0, 16, [16 15  8], [0 7 0], [22.73043  15.993387 33.153137], 3
2, 16, [16], [2], [33.112915], 1
13, 3, [3], [13], [33.03541], 1
1, 10, [10], [1], [33.07585], 1

11, 11, [11], [11], [33.13344], 1
5, 8, [8], [5], [33.15072], 1
9, 7, [7], [9], [33.174828], 1
12, 12, [12 16], [12 12], [32.9502   33.126186], 2
9, 5, [5 2], [11  9], [-10.090145  33.124336], 2
11, 1, [1 7], [11 11], [32.91459  33.130768], 2
14, 1, [ 1 15 11  6  7  8  6], [ 5 12 12 12 12 12 12], [-43.083473 -21.891262 -29.942131 -36.763535 -41.669014 -43.05706
 -38.762123], 7
2, 5, [ 5 15  8], [6 2 2], [-12.581661  28.96009   33.149796], 3
2, 13, [13], [2], [33.15056], 1
14, 3, [ 3 16  6  7  8  6  8], [12 12 12 12 12 12 12], [-43.030777 -21.788631 -29.863373 -36.819145 -41.641827 -43.056602
 -38.80786 ], 7
0, 9, [9 8], [7 0], [-10.058165  33.148872], 2
4, 16, [16  6  8], [8 4 4], [-12.444233  29.017574  33.15072 ], 3
0, 12, [12 14], [6 0], [-10.063601  33.1548  ], 2
7, 6, [6 8], [7 7], [33.050797 33.18966 ], 2
7, 3, [3 7], [6 7], [-10.065479  33.14733 ], 2
5, 6, [6 8], [10  5], [-9.929035 33.151573], 2
10, 4, [4], [10], [33.04966], 1
5, 10, [10  8], [2 5], [-10.030161  33.149216], 2
12, 13, [13], [12], [33.19794], 1
2, 10, [10  9  6], [6 5 2], [-20.357769  15.941401  33.144928], 3
9, 5, [5 8], [9 9], [32.968773 33.223866], 2
8, 16, [16  4  8], [8 4 8], [22.715668 15.933881 33.151543], 3
4, 13, [13], [4], [33.15429], 1
5, 12, [12 13], [5 5], [32.936253 33.154255], 2
11, 11, [11], [11], [33.134727], 1
7, 14, [14 15 13], [7 5 7], [22.757656 15.975127 33.168205], 3
7, 7, [ 7 11], [5 7], [-9.968134 33.142918], 2
0, 1, [ 1 13], [6 0], [-10.056593  33.153137], 2
4, 10, [10  6  9 13], [4 4 8 4], [22.864716 16.2997   11.944212 33.154408], 4
14, 1, [1 4 7 2], [14 12 12 14], [15.066765   3.3281543 12.130235  33.27663  ], 4
12, 16, [16], [12], [33.12635], 1
4, 5, [ 5 12 14  2], [8 8 4 4], [-23.320225  11.066498  25.038591  33.14626 ], 4

11, 12, [12], [11], [33.037487], 1
3, 11, [11], [3], [33.107224], 1
1, 14, [14], [1], [33.15668], 1
9, 8, [8], [9], [33.22339], 1
4, 6, [ 6 14  8], [4 8 4], [22.756207 16.04753  33.15081 ], 3
10, 4, [4], [10], [33.049797], 1
0, 12, [12  8  6], [6 0 0], [-12.53454   29.0369    33.143257], 3
6, 1, [1 6], [6 6], [32.937366 33.142925], 2
8, 4, [ 4 16  7], [8 8 8], [30.46583  29.038021 33.15724 ], 3
6, 11, [11], [6], [33.12397], 1
8, 1, [1 8], [4 8], [-10.0649605  33.151676 ], 2
14, 12, [12  5  7  6  7  8  9], [12  7 12 12 12 12 14], [-39.706154   -16.285849   -20.5733     -21.22926    -15.790845
   0.07459831  33.110348  ], 7
11, 1, [1], [11], [33.03679], 1
8, 5, [ 5 16 11], [8 4 8], [22.662304 16.036703 33.17506 ], 3
11, 9, [9], [11], [33.046764], 1
13, 6, [6], [13], [33.22754], 1
12, 2, [2], [12], [33.138912], 1
8, 9, [ 9 13], [4 8], [-10.048773  33.164192], 2
5, 13, [13], [5], [33.156036], 1
13, 5, [5], [13], [33.04083], 1
9, 1, [1], [9], [33.0347], 1
6, 2, [ 2 11], [6 6], [33.01964  33.123783], 2
6, 4, [4 8], [5 6], [-10.080839  33.127174], 2
3, 2, [ 2 16], [6 3], [-9.987791 33.11428 ], 2
7, 9, [9 6 8], [2 7 7], [-12.509537  29.06043   33.1953  ], 3
0, 13, [13], [0], [33.153572], 1
9, 9, [9], [9], [33.04551], 1
6, 6, [6], [6], [33.143387], 1
8, 4, [ 4 14], [4 8], [-10.057182  33.16644 ], 2
13, 11, [11], [13], [33.10638], 1
12, 7, [7], [12], [33.159218], 1
0, 6, [6], [0], [33.144535], 1

14, 2, [2], [14], [33.28426], 1
0, 4, [ 4 14], [7 0], [-10.063889  33.15516 ], 2
2, 7, [7], [2], [33.143333], 1
13, 16, [16], [13], [33.124046], 1
9, 3, [3], [9], [33.034107], 1
5, 14, [14], [5], [33.149406], 1
12, 14, [14 16], [12 12], [33.000904 33.126175], 2
1, 11, [11], [1], [33.107693], 1
6, 2, [2 1 8], [6 6 6], [30.504679 28.930492 33.127045], 3
10, 1, [1], [10], [33.037075], 1
1, 13, [13], [1], [33.15329], 1
8, 10, [10  6], [8 8], [32.960052 33.11221 ], 2
10, 9, [9], [10], [33.04411], 1
11, 13, [13  7], [10 11], [-9.928333 33.12851 ], 2
8, 11, [11], [8], [33.170395], 1
8, 3, [3 8], [8 8], [32.92884  33.151543], 2
0, 4, [ 4  2 14], [7 0 0], [-12.536488  29.034256  33.15463 ], 3
5, 9, [ 9 11 10  7], [7 6 6 5], [-27.974266    3.2908883  11.963747   33.145218 ], 4
5, 7, [7], [5], [33.145782], 1
3, 14, [14], [3], [33.157646], 1
8, 14, [14], [8], [33.165504], 1
14, 7, [ 7  6 14 12], [12 12 14 14], [-23.071224  11.279957  25.075294  33.099968], 4
7, 5, [ 5 11 14 16 11  7], [6 7 7 7 7 7], [-20.16487   16.321497  11.987673  11.358121  17.017807  33.147453], 6
5, 5, [5 8], [6 5], [-10.067333  33.149982], 2
1, 11, [11], [1], [33.107628], 1
5, 12, [12  8], [5 5], [32.934032 33.150528], 2
9, 11, [11], [9], [33.104515], 1
13, 7, [7], [13], [33.15581], 1
13, 8, [8], [13], [33.18255], 1
2, 3, [ 3 15  5], [6 2 2], [-12.616379  28.895594  33.042274], 3
9, 7, [7], [9], [33.176193], 1
1, 14, [14], [1], [33.156693], 1

13, 12, [12], [13], [33.042465], 1
5, 9, [ 9 10  8], [5 6 5], [22.634735 15.967725 33.150093], 3
4, 11, [11 10 11  5  6  2], [4 4 4 8 4 4], [20.056538  11.535059   4.08483   -1.7511187 17.015827  33.1461   ], 6
4, 1, [ 1 11  8], [8 4 4], [-12.544085  29.02235   33.150787], 3
13, 13, [13], [13], [33.189293], 1
10, 4, [4], [10], [33.0499], 1
4, 7, [7], [4], [33.14684], 1
9, 2, [2], [9], [33.12535], 1
1, 3, [3], [1], [33.043976], 1
2, 9, [ 9 14], [5 2], [-10.063671  33.137455], 2
9, 2, [2], [9], [33.124443], 1
5, 8, [8], [5], [33.151577], 1
5, 3, [ 3 14], [5 5], [32.939236 33.1494  ], 2
7, 2, [2 8], [7 7], [33.04869 33.19586], 2
3, 16, [16], [3], [33.114628], 1
14, 2, [2], [14], [33.267754], 1
4, 3, [3 2], [8 4], [-10.074152  33.146126], 2
1, 14, [14], [1], [33.156677], 1
10, 8, [8], [10], [33.13457], 1
2, 7, [7], [2], [33.143337], 1
3, 16, [16], [3], [33.11445], 1
11, 3, [ 3 10], [11 11], [32.91121  33.128975], 2
4, 5, [ 5 15 11  8], [8 4 4 4], [-15.514302  24.07542   25.027191  33.15081 ], 4
12, 10, [10], [12], [33.085297], 1
2, 3, [ 3 14], [6 2], [-10.071217  33.137505], 2
8, 8, [8], [8], [33.15177], 1
6, 8, [8], [6], [33.127327], 1
14, 16, [16  6  2], [12 12 14], [-20.150427  16.196657  33.269794], 3
13, 14, [14], [13], [33.166245], 1
0, 14, [14], [0], [33.153923], 1
12, 12, [12], [12], [33.043636], 1
2, 6, [6], [2], [33.14589], 1

2, 1, [1 6], [6 2], [-10.059042  33.14482 ], 2
5, 2, [ 2 13], [5 5], [33.032757 33.156025], 2
14, 14, [14 13], [12 14], [-9.936863 33.19099 ], 2
7, 11, [11  6], [5 7], [-9.991905 33.134342], 2
6, 14, [14 15  2 13], [2 6 6 6], [-15.407117  24.091238  25.03695   33.151665], 4
11, 13, [13 16], [11 11], [33.07918  33.183086], 2
5, 8, [8], [5], [33.149647], 1
13, 2, [2], [13], [33.16763], 1
13, 2, [2], [13], [33.16763], 1
10, 14, [14], [10], [33.076096], 1
7, 8, [8], [7], [33.191666], 1
2, 6, [6], [2], [33.146126], 1
5, 16, [16 11 14], [9 9 5], [-20.279263  15.992827  33.139603], 3
11, 10, [10], [11], [33.11766], 1
14, 15, [15 14  8 12 13  7 11], [12 12 12 12 12 12 12], [-43.021576 -21.825844 -29.980944 -36.955135 -41.70289  -43.164577
 -38.884216], 7
3, 6, [6], [3], [33.146587], 1
1, 8, [8], [1], [33.149784], 1
1, 12, [12], [1], [33.043808], 1
2, 2, [2], [2], [33.141018], 1
4, 15, [15  9 16  8], [4 8 4 4], [19.70036  11.06876  25.027655 33.15081 ], 4
2, 8, [8], [2], [33.149956], 1
6, 10, [10  7], [6 6], [32.96425  33.145126], 2
3, 3, [3 8], [6 3], [-10.041969  33.18651 ], 2
1, 15, [15], [1], [33.064392], 1
5, 7, [7], [5], [33.14572], 1
1, 1, [1], [1], [33.050426], 1
10, 11, [11], [10], [33.125717], 1
2, 10, [10 13], [6 2], [-10.032537  33.15035 ], 2
11, 3, [3], [11], [33.033848], 1
5, 1, [ 1 13], [6 5], [-10.053946  33.156   ], 2
14, 8, [8 2], [14 14], [33.14058  33.269794], 2
2, 4, [4 8], [5 2], [-10.066864  33.15    ], 2

0, 2, [2], [0], [33.143208], 1
9, 6, [6], [9], [33.218216], 1
8, 15, [15  8], [8 8], [32.944363 33.151676], 2
1, 12, [12], [1], [33.043808], 1
10, 6, [ 6 16], [10 10], [33.10972  33.181187], 2
7, 2, [ 2 13], [5 7], [-9.966675 33.169167], 2
3, 6, [6], [3], [33.147114], 1
0, 5, [ 5 14 13], [0 0 0], [30.469807 29.044762 33.152935], 3
5, 6, [6], [5], [33.172195], 1
13, 6, [6], [13], [33.226135], 1
2, 15, [15 16], [2 2], [32.934715 33.107502], 2
6, 5, [ 5 14 12 11], [2 6 6 6], [-15.50141   24.093557  24.91784   33.12374 ], 4
12, 6, [6], [12], [33.23841], 1
10, 7, [7], [10], [33.12796], 1
9, 13, [13], [9], [33.155827], 1
0, 16, [16  8], [0 0], [33.034225 33.152428], 2
10, 15, [15], [10], [33.051025], 1
8, 1, [ 1 16], [8 8], [32.939236 33.16222 ], 2
12, 5, [ 5 11], [12 12], [32.91162 33.12351], 2
6, 6, [6], [6], [33.141975], 1
11, 5, [ 5 14], [11 11], [32.87838 33.07212], 2
8, 15, [15  8], [8 8], [32.946766 33.151543], 2
8, 6, [6], [8], [33.110683], 1
3, 14, [14], [3], [33.154865], 1
10, 9, [9], [10], [33.044323], 1
7, 13, [13  7 14 16], [0 5 5 7], [-27.812082    3.3822453  12.060177   33.16085  ], 4
1, 5, [5], [1], [33.043907], 1
4, 3, [3 8], [8 4], [-10.071705  33.150787], 2
4, 6, [ 6 11 13], [4 4 4], [30.547535 29.024467 33.154316], 3
4, 4, [ 4 14  8], [4 4 4], [30.468292 29.04218  33.15072 ], 3
8, 6, [6 4 8], [4 8 8], [-12.511175  28.934023  33.151676], 3
8, 7, [7], [8], [33.15709], 1

1, 6, [6], [1], [33.145157], 1
0, 16, [16], [0], [33.116325], 1
7, 3, [ 3 14], [6 7], [-10.043007  33.184685], 2
6, 10, [10  6], [5 6], [-10.035866  33.14329 ], 2
5, 3, [ 3 11 16], [5 6 5], [22.634836 15.975714 33.10512 ], 3
7, 12, [12  3  9  1  8], [6 6 5 6 7], [-33.468437   -5.8534594  -3.165969    7.9676857  33.192436 ], 5
8, 15, [15  9 16], [8 4 8], [22.62524  15.949821 33.16222 ], 3
7, 8, [ 8 11 16 15], [5 7 0 7], [-20.047192  16.326805  11.993998  33.111687], 4
6, 11, [11], [6], [33.123985], 1
4, 5, [ 5 10 11  4  8], [8 8 4 4 4], [-25.936762    6.7069235  17.69107    20.933418   33.15072  ], 5
6, 9, [ 9  6 14 13], [5 6 6 6], [-15.446082  24.167469  25.033665  33.15191 ], 4
12, 8, [8], [12], [33.20847], 1
10, 15, [15], [10], [33.04932], 1
14, 9, [ 9 10], [ 5 14], [-10.045572  33.168533], 2
10, 10, [10], [10], [33.07009], 1
4, 16, [16], [4], [33.124603], 1
7, 6, [6], [7], [33.135853], 1
11, 7, [7], [11], [33.13086], 1
9, 15, [15], [9], [33.051273], 1
0, 6, [6], [0], [33.1448], 1
4, 16, [16  4  7], [8 8 4], [-20.29185   15.930725  33.146152], 3
3, 14, [14], [3], [33.15711], 1
7, 4, [ 4 16], [5 7], [-10.06427   33.154655], 2
1, 5, [5], [1], [33.043907], 1
12, 12, [12], [12], [33.050972], 1
11, 6, [6], [11], [33.145847], 1
9, 4, [4], [9], [33.03749], 1
5, 3, [3 8], [6 5], [-10.063866  33.14931 ], 2
8, 2, [2], [8], [33.13961], 1
2, 8, [8], [2], [33.150764], 1
8, 10, [10  2], [4 8], [-10.03141   33.139496], 2
1, 13, [13], [1], [33.153217], 1

2, 1, [1 8], [6 2], [-10.053429  33.14965 ], 2
14, 2, [2], [14], [33.26523], 1
9, 14, [14], [9], [33.093796], 1
0, 1, [ 1 10 13], [6 6 0], [-20.365788  15.96906   33.153183], 3
14, 16, [16  2], [12 14], [-9.898479 33.28259 ], 2
13, 2, [2], [13], [33.16765], 1
2, 14, [14 16], [13  2], [-9.972002 33.111317], 2
10, 16, [16], [10], [33.16784], 1
10, 9, [9], [10], [33.044125], 1
12, 11, [11], [12], [33.120316], 1
3, 12, [12  8 14], [0 3 3], [-12.516714  29.066093  33.154446], 3
4, 15, [15  7], [4 4], [32.94707  33.146152], 2
13, 15, [15], [13], [33.051186], 1
11, 2, [2], [11], [33.12384], 1
8, 5, [ 5 16  1  2], [8 8 8 8], [27.50168  24.102339 24.926235 33.139496], 4
6, 10, [10  3 14  8], [6 6 2 6], [22.831154 16.2556   12.015761 33.126717], 4
10, 10, [10], [10], [33.07013], 1
0, 14, [14  8], [0 0], [33.043724 33.151207], 2
12, 11, [11], [12], [33.12038], 1
10, 5, [5], [10], [33.03553], 1
13, 9, [9], [13], [33.045624], 1
1, 2, [2], [1], [33.14731], 1
0, 9, [ 9 14 11], [5 0 0], [-12.5367985  29.018616   33.10936  ], 3
5, 9, [9 7], [5 5], [32.941807 33.14554 ], 2
14, 7, [ 7 13 15 14  2], [12 14 12 12 14], [-25.418098    7.3536415  -3.062674    8.118952   33.284492 ], 5
8, 12, [12  7], [8 8], [32.938072 33.15689 ], 2
8, 2, [2], [8], [33.138584], 1
4, 9, [ 9 14  3 12  4  6 11], [4 4 8 8 4 4 4], [ 10.971481   -3.4709778 -21.037874  -21.79277   -16.393566  -22.394249
 -25.86898  ], 7
13, 8, [8], [13], [33.18254], 1
1, 3, [3], [1], [33.043976], 1
4, 10, [10  8], [8 4], [-10.017286  33.15072 ], 2
11, 7, [7], [11], [33.132683], 1

2, 5, [ 5 13], [6 2], [-10.067114  33.15035 ], 2
2, 1, [ 1 11], [6 2], [-10.080742  33.10829 ], 2
0, 4, [4 2], [5 0], [-10.071049  33.14339 ], 2
5, 5, [5 1 9 6], [5 6 2 5], [14.977147   3.2244709 11.954559  33.167786 ], 4
5, 2, [ 2 11  8], [5 7 5], [22.75422  16.021553 33.151596], 3
3, 5, [ 5 16], [3 3], [32.911205 33.113625], 2
13, 16, [16], [13], [33.12407], 1
10, 4, [4], [10], [33.0499], 1
9, 7, [7], [9], [33.174877], 1
11, 9, [9], [11], [33.04677], 1
0, 8, [8], [0], [33.152218], 1
6, 7, [ 7 13], [8 6], [-9.96121  33.151886], 2
0, 8, [ 8 14  8], [0 0 0], [30.576199 29.042646 33.150608], 3
8, 2, [2], [8], [33.138264], 1
3, 11, [11], [3], [33.107254], 1
14, 10, [10  6 13], [12 12 14], [-20.238373  16.150156  33.19099 ], 3
5, 11, [11], [5], [33.108433], 1
11, 16, [16], [11], [33.18856], 1
9, 12, [12 13], [11  9], [-10.064882  33.155777], 2
8, 3, [3 8 7], [8 4 8], [22.664936 16.045372 33.15736 ], 3
9, 4, [ 4 13], [11  9], [-10.069361  33.155785], 2
7, 11, [11], [7], [33.141014], 1
12, 4, [4 6], [12 12], [32.991627 33.23851 ], 2
13, 12, [12], [13], [33.042465], 1
7, 9, [ 9 16  8], [5 7 7], [-12.508385  29.063658  33.193703], 3
12, 11, [11], [12], [33.120262], 1
3, 5, [ 5 14], [5 3], [-10.063477  33.156887], 2
9, 15, [15], [9], [33.051506], 1
6, 2, [ 2 15 11], [6 6 6], [30.513372 28.947132 33.123756], 3
3, 16, [16], [3], [33.114113], 1
0, 8, [ 8 10 14], [0 6 0], [22.73399  15.970623 33.155872], 3
14, 14, [14  2], [14 14], [33.17719  33.269794], 2

11, 4, [4], [11], [33.037056], 1
1, 9, [9], [1], [33.07481], 1
6, 10, [10  3  8], [6 6 6], [30.431103 28.922504 33.12748 ], 3
14, 1, [ 1 13], [ 5 14], [-10.032763  33.190945], 2
0, 9, [ 9 11], [7 0], [-10.082098  33.10795 ], 2
8, 8, [ 8 16 14], [8 8 8], [30.584278 29.055202 33.16644 ], 3
1, 2, [2], [1], [33.147324], 1
14, 12, [12  2], [14 14], [33.04342  33.279324], 2
9, 5, [5], [9], [33.03359], 1
6, 13, [13], [6], [33.15268], 1
12, 3, [ 3 16], [12 12], [32.911438 33.12632 ], 2
3, 1, [1 8], [6 3], [-10.034672  33.186584], 2
13, 6, [6], [13], [33.22697], 1
8, 11, [11], [8], [33.174957], 1
14, 7, [7 9], [12 14], [-9.965822 33.103825], 2
13, 2, [2], [13], [33.167633], 1
6, 8, [8], [6], [33.12749], 1
5, 13, [13], [5], [33.15571], 1
11, 12, [12], [11], [33.037224], 1
8, 12, [12  8  3  2], [4 8 8 8], [-15.49265   24.104065  24.92117   33.138313], 4
7, 13, [13 15 14], [7 2 7], [22.75409  15.981034 33.18539 ], 3
7, 3, [ 3  8 13], [7 7 7], [30.49963  29.089325 33.168694], 3
4, 12, [12 11 10], [8 4 4], [-12.568069  28.98098   33.083466], 3
8, 1, [ 1 12 11], [8 4 8], [22.612942 15.949947 33.17506 ], 3
13, 12, [12], [13], [33.042465], 1
5, 12, [12  7], [6 5], [-10.069294  33.145687], 2
12, 4, [4 6], [13 12], [-10.0093155  33.24044  ], 2
14, 11, [11  6 11 10  2], [12 12 12 14 14], [-30.424322    -0.90052223   4.7693367   21.08891     33.28259   ], 5
14, 13, [13 12  7 14  8  7 16], [14 14 12 12 12 12 14], [ 11.227563    -3.2728062  -20.618526   -21.313734   -15.769983
   0.05215454  33.137398  ], 7
1, 8, [8], [1], [33.149773], 1
7, 5, [ 5  8 14 15 14  6  8], [6 7 7 7 7 5 7], [-22.707878    12.083174     4.825109    -0.57883525  -2.7884479
   0.06523705  33.18872   ], 7
6, 1, [ 1  3 16], [5 6 6], [-12.601553  28.910416  33.106968], 3

4, 14, [14  2], [4 4], [33.03907 33.14627], 2
11, 14, [14], [11], [33.070793], 1
12, 15, [15  6], [13 12], [-9.996693 33.254864], 2
6, 5, [ 5 15 11], [6 2 6], [22.608667 15.943882 33.123737], 3
11, 14, [14], [11], [33.070206], 1
5, 10, [10 13], [6 5], [-10.02873  33.156  ], 2
13, 6, [6], [13], [33.227512], 1
0, 6, [6], [0], [33.144688], 1
11, 14, [14], [11], [33.070824], 1
7, 12, [12  2  5 13], [6 5 6 7], [-27.978062    3.2979288  11.943506   33.169167 ], 4
14, 8, [8 2], [12 14], [-9.830233 33.28259 ], 2
3, 6, [6], [3], [33.146942], 1
12, 14, [14 11], [13 12], [-9.997883 33.12038 ], 2
2, 8, [8], [2], [33.149754], 1
12, 12, [12], [12], [33.041634], 1
0, 5, [ 5 14], [5 0], [-10.065086  33.15463 ], 2
5, 1, [ 1 14], [6 5], [-10.057856  33.1494  ], 2
6, 6, [6], [6], [33.14296], 1
0, 10, [10  7], [6 0], [-10.036634  33.143692], 2
12, 8, [8], [12], [33.209385], 1
12, 6, [6], [12], [33.231525], 1
9, 1, [1], [9], [33.035034], 1
7, 15, [15 16], [2 7], [-10.029602  33.16059 ], 2
0, 1, [1 7], [6 0], [-10.061825  33.14368 ], 2
7, 3, [ 3 12  6 11  2  7 14], [6 0 0 7 5 5 7], [-36.96218    -11.680378   -12.873241    -8.36446    -15.834697
   0.05559921  33.182903  ], 7
6, 3, [ 3 14 13], [6 6 6], [30.46634  29.03387  33.151695], 3
14, 6, [6 7 6 2], [12 12 12 14], [-27.659986    3.4912734  12.211461   33.27702  ], 4
0, 15, [15 13], [3 0], [-10.026672  33.153503], 2
8, 5, [ 5 16  8], [8 8 8], [30.46846  29.046265 33.151543], 3
0, 9, [ 9 11], [5 0], [-10.0824795  33.108032 ], 2
2, 14, [14], [2], [33.13929], 1
5, 14, [14  8], [5 5], [33.032093 33.15005 ], 2

13, 8, [8], [13], [33.18213], 1
10, 4, [4], [10], [33.049713], 1
11, 1, [1], [11], [33.036404], 1
12, 1, [ 1 16], [12 12], [32.919285 33.1262  ], 2
11, 11, [11 12], [10 11], [-10.047667  33.03714 ], 2
14, 15, [15 14  1 14  2], [12 12 12 12 14], [-33.357407   -5.7005033  -3.0826807   8.119461   33.283924 ], 5
3, 4, [ 4 14], [5 3], [-10.063099  33.156143], 2
5, 4, [ 4 14], [5 5], [32.936707 33.156143], 2
8, 6, [6], [8], [33.109886], 1
12, 9, [ 9 13], [12 12], [32.970383 33.19968 ], 2
2, 1, [ 1 14], [6 2], [-10.06459   33.137966], 2
12, 6, [6], [12], [33.237], 1
1, 3, [3], [1], [33.043976], 1
10, 10, [10], [10], [33.07008], 1
2, 6, [6], [2], [33.14501], 1
10, 9, [9], [10], [33.04407], 1
13, 7, [7], [13], [33.155807], 1
4, 11, [11 15  8], [4 4 4], [30.50646  28.949593 33.15081 ], 3
4, 3, [ 3 13], [8 4], [-10.069294  33.154408], 2
1, 11, [11], [1], [33.10769], 1
13, 15, [15], [13], [33.05118], 1
7, 10, [10 14 16], [6 5 7], [-20.286934  16.05938   33.160557], 3
0, 2, [2], [0], [33.143394], 1
11, 6, [6], [11], [33.145958], 1
10, 10, [10], [10], [33.070084], 1
7, 7, [7], [7], [33.147266], 1
0, 1, [1 8], [6 0], [-10.057316  33.15119 ], 2
4, 1, [1 8], [4 4], [32.9343  33.15072], 2
7, 12, [12  8], [6 7], [-10.042345  33.190113], 2
9, 8, [ 8 15], [9 9], [33.02193 33.0512 ], 2
5, 4, [ 4 11], [5 5], [32.908054 33.108475], 2
5, 7, [7], [5], [33.14583], 1

0, 4, [ 4 14], [5 0], [-10.064486  33.154285], 2
6, 16, [16], [6], [33.10757], 1
1, 5, [5], [1], [33.043915], 1
4, 9, [ 9  6 14  8], [8 4 8 4], [-20.134108  16.356207  12.047529  33.15081 ], 4
12, 16, [16], [12], [33.126316], 1
8, 12, [12], [8], [33.040405], 1
12, 3, [ 3 10], [12 12], [32.884354 33.081398], 2
5, 15, [15  7], [9 5], [-10.060247  33.145267], 2
13, 10, [10], [13], [33.070473], 1
5, 1, [1 6], [9 5], [-10.054808  33.169273], 2
9, 2, [2], [9], [33.124542], 1
14, 15, [15  6 13  6  3  8  7], [12 12 12 12 14 12 12], [-41.26396  -18.885262 -25.217514 -29.022858 -28.780172 -43.09297
 -38.8356  ], 7
3, 2, [2], [3], [33.14143], 1
14, 8, [ 8 16 14  2], [12 14 12 14], [-19.94563   16.40997   12.128714  33.27702 ], 4
5, 6, [6], [5], [33.169693], 1
0, 11, [11], [0], [33.10845], 1
4, 5, [5 8], [4 4], [32.931503 33.15069 ], 2
7, 15, [15 13], [2 7], [-10.027494  33.171135], 2
7, 10, [10 13 14 10 14  8  7], [6 7 7 6 7 5 7], [-25.495651     7.3782873   -2.9804392  -13.597885    -2.7943988
   0.04551506  33.147537  ], 7
1, 8, [8], [1], [33.149773], 1
11, 13, [13], [11], [33.164574], 1
13, 14, [14], [13], [33.166275], 1
11, 15, [15], [11], [33.048496], 1
2, 13, [13], [2], [33.150703], 1
3, 11, [11], [3], [33.107197], 1
0, 3, [ 3  8 14], [6 0 0], [-12.5276165  29.043863   33.154865 ], 3
8, 8, [8], [8], [33.15158], 1
6, 13, [13], [6], [33.15191], 1
11, 3, [3], [11], [33.033833], 1
3, 1, [1 7], [6 3], [-10.059372  33.1427  ], 2
4, 4, [ 4  8 13], [8 8 4], [-20.330708  16.043766  33.154137], 3
5, 10, [10 14], [5 5], [32.965492 33.14753 ], 2

14, 10, [10  6 12], [12 12 14], [-20.266306  16.09476   33.099968], 3
6, 13, [13], [6], [33.152847], 1
11, 3, [3 9], [11 11], [32.861683 33.04673 ], 2
0, 4, [ 4 13], [6 0], [-10.063179  33.153145], 2
14, 6, [ 6  3 11  5  6  4 13], [12 12 12 14 12 12 12], [-40.153786 -17.303165 -22.247128 -23.938179 -41.70867  -43.227974
 -38.804142], 7
13, 3, [3], [13], [33.035305], 1
1, 15, [15], [1], [33.064384], 1
9, 11, [11], [9], [33.104263], 1
14, 12, [12  7  8  6 13], [14 12 12 12 14], [ 9.7181225 -5.579994  -2.9084496  8.15223   33.19059  ], 5
4, 7, [7], [4], [33.14699], 1
7, 10, [10 16  2  3  7], [6 7 7 5 7], [-20.874323   15.080187    9.8879175   7.9378767  33.14754  ], 5
3, 8, [8], [3], [33.186268], 1
6, 12, [12  7], [6 6], [32.930607 33.144882], 2
8, 15, [15  8], [8 8], [32.947018 33.151585], 2
8, 7, [ 7 15  8 11], [8 4 8 8], [19.80944  11.093097 25.056398 33.17506 ], 4
7, 16, [16], [7], [33.155357], 1
3, 3, [3 8], [6 3], [-10.041687  33.186726], 2
11, 16, [16], [11], [33.188705], 1
11, 2, [2], [11], [33.12384], 1
6, 5, [ 5 10  8], [6 6 6], [30.414125 28.95332  33.12691 ], 3
7, 15, [15 10 16], [5 6 7], [-20.334251   15.9746275  33.160297 ], 3
13, 8, [8], [13], [33.18245], 1
7, 8, [8 9 7 8], [7 7 5 7], [22.962288 16.288948 12.066381 33.2004  ], 4
8, 12, [12  7], [4 8], [-10.061338  33.15642 ], 2
4, 9, [9 7], [4 4], [32.941727 33.14619 ], 2
12, 7, [7], [12], [33.15666], 1
10, 4, [4], [10], [33.04989], 1
0, 15, [15  8 14], [6 0 0], [-12.498829  29.04514   33.155872], 3
0, 10, [10  7], [6 0], [-10.036789  33.14368 ], 2
13, 1, [1], [13], [33.037823], 1
1, 10, [10], [1], [33.07589], 1
5, 11, [11  8], [5 5], [33.002373 33.1483  ], 2

3, 1, [ 1  4  1 15  8], [6 5 6 6 3], [-33.457443   -5.848833   -3.1535473   7.9903097  33.18669  ], 5
6, 7, [7], [6], [33.147987], 1
10, 3, [3], [10], [33.033592], 1
6, 9, [9 5 8], [7 6 6], [-12.596195  28.918367  33.126717], 3
4, 14, [14], [4], [33.14929], 1
7, 16, [16 14], [7 7], [33.063263 33.197746], 2
13, 14, [14], [13], [33.16631], 1
4, 13, [13], [4], [33.154278], 1
11, 7, [7], [11], [33.13053], 1
9, 10, [10], [9], [33.08753], 1
3, 1, [ 1 11], [6 3], [-10.080982  33.107113], 2
11, 7, [7], [11], [33.1295], 1
11, 15, [15], [11], [33.04836], 1
14, 6, [6 2], [12 14], [-9.803343 33.269794], 2
5, 6, [6], [5], [33.168385], 1
1, 13, [13], [1], [33.15319], 1
5, 16, [16  7], [9 5], [-9.982334 33.14527 ], 2
11, 16, [16], [11], [33.182716], 1
11, 8, [8], [11], [33.164967], 1
9, 15, [15  1], [9 9], [32.870983 33.0347  ], 2
11, 5, [5], [11], [33.036064], 1
10, 14, [14], [10], [33.07802], 1
1, 3, [3], [1], [33.043976], 1
11, 10, [10], [11], [33.12813], 1
6, 14, [14  8], [6 6], [33.018593 33.126827], 2
10, 5, [5], [10], [33.035507], 1
13, 6, [6], [13], [33.226204], 1
9, 1, [1], [9], [33.03484], 1
7, 10, [10 11  1  7], [6 6 6 7], [-27.950605    3.2860851  11.939774   33.147205 ], 4
1, 9, [9], [1], [33.074806], 1
5, 14, [14 16], [5 5], [33.022118 33.106056], 2
8, 14, [14], [8], [33.166084], 1

10, 8, [8], [10], [33.13498], 1
11, 12, [12], [11], [33.037556], 1
9, 16, [16], [9], [33.145374], 1
2, 4, [ 4 14], [6 2], [-10.07172   33.137505], 2
6, 12, [12  8], [6 6], [32.91984 33.12691], 2
2, 6, [6], [2], [33.14549], 1
2, 14, [14], [2], [33.137276], 1
8, 14, [14], [8], [33.16332], 1
3, 12, [12  8], [0 3], [-10.043995  33.186638], 2
1, 12, [12], [1], [33.043808], 1
12, 13, [13], [12], [33.199623], 1
13, 11, [11], [13], [33.106358], 1
8, 3, [3 8], [8 8], [32.929173 33.151585], 2
2, 6, [6], [2], [33.150223], 1
14, 10, [10  5  8 14  6 13  7], [12 12 12 12 12 14 12], [-42.05169  -20.210197 -27.088089 -32.144688 -33.82157  -30.106926
 -38.830284], 7
4, 15, [15  8], [8 4], [-10.054001  33.15072 ], 2
4, 13, [13], [4], [33.15406], 1
5, 11, [11], [5], [33.111244], 1
14, 3, [3 7 6 8 6 2], [ 7 12 12 12 12 14], [-37.041546 -11.831318 -13.327322  -9.275329   4.207431  33.28259 ], 6
10, 5, [5], [10], [33.03554], 1
3, 3, [ 3 13], [3 3], [32.93814 33.15348], 2
12, 13, [13], [12], [33.197273], 1
7, 16, [16 14 13], [7 7 7], [30.592113 29.073742 33.168884], 3
1, 4, [4], [1], [33.04227], 1
10, 1, [1], [10], [33.03692], 1
13, 15, [15], [13], [33.051186], 1
8, 12, [12 14], [4 8], [-10.055447  33.16644 ], 2
1, 4, [4], [1], [33.04227], 1
5, 10, [10  3 10 11  8], [5 6 5 7 5], [14.265463   1.9806182  9.890024   8.021553  33.151596 ], 5
11, 4, [4], [11], [33.037113], 1
3, 4, [4 7], [7 3], [-10.071724  33.1427  ], 2
4, 4, [4 2], [4 4], [32.92979 33.14469], 2

13, 2, [2], [13], [33.167637], 1
0, 16, [16 11], [7 0], [-9.984327 33.107265], 2
14, 8, [ 8  7  8 13], [12 12 12 14], [-27.733416    3.4468024  12.113098   33.19099  ], 4
10, 6, [6], [10], [33.18874], 1
1, 11, [11], [1], [33.10771], 1
12, 2, [2], [12], [33.141273], 1
10, 12, [12], [10], [33.038822], 1
0, 8, [ 8  3 16 11], [0 6 0 0], [19.777294 11.043919 24.997751 33.107525], 4
4, 12, [12 14  2], [8 4 4], [-12.5328865  29.039574   33.146374 ], 3
9, 7, [7], [9], [33.176464], 1
2, 10, [10 12], [5 2], [-10.095774  33.044865], 2
7, 7, [7 8], [5 7], [-9.933619 33.2004  ], 2
11, 4, [4], [11], [33.037086], 1
12, 9, [ 9 14  6], [12 12 12], [30.49268  29.06832  33.238533], 3
10, 2, [2], [10], [33.121227], 1
4, 2, [2], [4], [33.144768], 1
9, 16, [16], [9], [33.146667], 1
2, 7, [7], [2], [33.143337], 1
3, 1, [1 7], [6 3], [-10.060226  33.14271 ], 2
13, 1, [1], [13], [33.037823], 1
0, 8, [8], [0], [33.149487], 1
6, 7, [7 9], [6 6], [32.9888   33.064114], 2
5, 15, [15], [5], [33.07213], 1
12, 9, [ 9 11], [12 12], [32.922985 33.12017 ], 2
12, 11, [11], [12], [33.120224], 1
1, 12, [12], [1], [33.043808], 1
1, 14, [14], [1], [33.156673], 1
13, 7, [7], [13], [33.155807], 1
13, 3, [3], [13], [33.035408], 1
14, 5, [ 5  8 13 14  6 13  6], [ 5 12 12 12 12 12 12], [-42.993385 -21.740074 -29.88702  -36.804794 -41.61225  -43.067276
 -38.771885], 7
4, 12, [12 13], [4 4], [32.937447 33.154408], 2
9, 16, [16], [9], [33.13148], 1

0, 16, [16  6], [0 0], [33.027813 33.144096], 2
8, 4, [ 4 15  7], [4 4 8], [-20.386633  15.950666  33.155605], 3
3, 4, [4 8], [5 3], [-10.044634  33.186787], 2
4, 3, [ 3 11  8], [8 4 4], [-12.548103  29.021452  33.15072 ], 3
8, 1, [1 7], [6 8], [-10.054989  33.15886 ], 2
1, 2, [2], [1], [33.147316], 1
12, 1, [ 1 13], [12 12], [32.96051 33.19966], 2
0, 11, [11], [0], [33.108265], 1
7, 6, [ 6 16 14  8], [5 7 7 7], [-15.3308    24.196777  25.085644  33.18872 ], 4
7, 12, [12  8 11], [6 7 7], [-12.512592  29.073072  33.141605], 3
4, 14, [14], [4], [33.14875], 1
0, 5, [ 5 14], [0 0], [32.935925 33.155556], 2
10, 3, [3], [10], [33.034378], 1
6, 10, [10 13], [6 6], [32.968864 33.151703], 2
1, 16, [16], [1], [33.121326], 1
14, 6, [ 6 11  2], [12 12 14], [-20.105679  16.086224  33.284492], 3
11, 6, [6], [11], [33.146446], 1
12, 9, [ 9 13], [12 12], [32.9708  33.19965], 2
12, 6, [6], [12], [33.247124], 1
4, 1, [1 2], [4 4], [32.9313 33.1461], 2
3, 4, [4 7], [5 3], [-10.071339  33.142693], 2
2, 7, [7], [2], [33.14334], 1
9, 10, [10], [9], [33.087082], 1
6, 13, [13  7  6], [6 6 6], [30.577477 29.035717 33.142303], 3
8, 11, [11], [8], [33.17395], 1
4, 2, [2], [4], [33.14661], 1
11, 15, [15], [11], [33.048183], 1
3, 8, [8], [3], [33.185738], 1
13, 8, [8], [13], [33.182472], 1
12, 8, [8], [12], [33.20972], 1
8, 9, [9 6 8], [4 4 8], [-20.333841  16.019417  33.151676], 3
4, 15, [15], [4], [33.062466], 1

3, 10, [10 11], [6 3], [-10.058435  33.106915], 2
3, 15, [15  6], [7 3], [-10.029589  33.146545], 2
2, 15, [15  5 15  9 11], [6 5 6 5 2], [-33.445183   -5.862539   -3.1753063   7.9195385  33.10828  ], 5
7, 8, [8], [7], [33.195], 1
5, 11, [11  7], [9 5], [-10.00309  33.14525], 2
8, 3, [ 3  1 11], [8 8 8], [30.406986 28.94801  33.17506 ], 3
13, 8, [8], [13], [33.18212], 1
0, 1, [ 1 13], [6 0], [-10.054129  33.153503], 2
7, 6, [ 6 14], [7 7], [33.054535 33.18547 ], 2
13, 11, [11], [13], [33.10636], 1
13, 9, [9], [13], [33.04563], 1
0, 5, [5 8], [6 0], [-10.066563  33.152023], 2
8, 4, [ 4  8 14], [4 8 8], [-12.526642  29.050655  33.16574 ], 3
13, 5, [5], [13], [33.040833], 1
7, 1, [1 8], [6 7], [-10.030359  33.196102], 2
0, 5, [5 9 8], [6 7 0], [-20.391575  15.943684  33.152138], 3
1, 10, [10], [1], [33.075867], 1
5, 9, [ 9  3 14], [5 5 5], [30.416449 28.93814  33.146957], 3
11, 16, [16], [11], [33.188454], 1
11, 8, [8], [11], [33.165016], 1
9, 10, [10], [9], [33.0865], 1
4, 12, [12  7], [8 4], [-10.067965  33.14619 ], 2
6, 3, [ 3 12 16], [6 6 6], [30.390709 28.90761  33.106903], 3
3, 15, [15  7], [5 3], [-10.038509  33.142696], 2
9, 14, [14], [9], [33.10222], 1
13, 9, [9], [13], [33.045643], 1
1, 4, [4], [1], [33.04227], 1
4, 2, [2], [4], [33.146145], 1
6, 12, [12  1  8], [6 6 6], [30.402773 28.932177 33.126717], 3
2, 9, [9 8], [5 2], [-10.057003  33.14965 ], 2
14, 12, [12  6  2], [12 12 14], [-20.213882  16.204937  33.2947  ], 3
0, 16, [16  7], [0 0], [33.029167 33.143368], 2

14, 3, [ 3 13], [12 14], [-10.041672  33.190952], 2
10, 7, [7], [10], [33.12796], 1
9, 5, [5 2], [11  9], [-10.089777  33.124336], 2
1, 13, [13], [1], [33.153282], 1
13, 10, [10], [13], [33.070477], 1
13, 15, [15], [13], [33.051186], 1
14, 9, [ 9  3 14], [ 5 14 14], [-12.515841  29.051416  33.310272], 3
1, 7, [7], [1], [33.14319], 1
9, 10, [10], [9], [33.089005], 1
9, 13, [13], [9], [33.15583], 1
1, 1, [1], [1], [33.050426], 1
7, 9, [9 7], [5 7], [-10.057554  33.147503], 2
9, 5, [5], [9], [33.034172], 1
13, 15, [15], [13], [33.051186], 1
1, 6, [6], [1], [33.14515], 1
1, 4, [4], [1], [33.042267], 1
3, 10, [10 15 11], [3 6 3], [22.640753 15.941536 33.107063], 3
2, 1, [ 1 14], [6 2], [-10.063417  33.137444], 2
3, 13, [13], [3], [33.153915], 1
1, 10, [10], [1], [33.07586], 1
9, 3, [3], [9], [33.03468], 1
14, 6, [ 6 10  8 14], [12 14 12 14], [-19.912899  16.415375  12.16003   33.26636 ], 4
8, 10, [10 14], [8 8], [32.991844 33.167255], 2
4, 8, [ 8  6 14  8 14  8  2], [4 4 4 4 4 4 4], [21.378181  13.712234   7.631977   4.1352363  4.973994  13.038597
 33.14626  ], 7
3, 11, [11], [3], [33.10707], 1
2, 7, [7], [2], [33.143333], 1
11, 11, [11], [11], [33.13514], 1
5, 10, [10 13], [6 5], [-10.029257  33.155334], 2
12, 16, [16], [12], [33.12619], 1
1, 9, [9], [1], [33.07479], 1
3, 12, [12 13], [9 3], [-10.062292  33.153286], 2
8, 7, [7], [8], [33.15679], 1

6, 8, [8], [6], [33.126884], 1
11, 8, [8], [11], [33.161526], 1
1, 16, [16], [1], [33.121918], 1
7, 15, [15  7  8], [2 5 7], [-20.289032  16.059345  33.18872 ], 3
1, 14, [14], [1], [33.156693], 1
3, 14, [14], [3], [33.156113], 1
7, 2, [ 2 16], [5 7], [-9.967365 33.16123 ], 2
6, 3, [ 3 14  7], [6 6 6], [30.464376 29.030376 33.145126], 3
2, 2, [2], [2], [33.14119], 1
6, 9, [ 9 10  8], [5 6 6], [-12.574656  28.95415   33.127174], 3
6, 7, [7], [6], [33.14788], 1
10, 5, [5], [10], [33.03554], 1
3, 3, [3 8], [6 3], [-10.041973  33.186638], 2
2, 9, [ 9 11], [5 2], [-10.0810795  33.108284 ], 2
2, 16, [16  8  2], [ 2 13  2], [22.745426 16.050797 33.141426], 3
3, 7, [7], [3], [33.143303], 1
7, 13, [13], [7], [33.167812], 1
11, 10, [10], [11], [33.127743], 1
13, 3, [3], [13], [33.035408], 1
3, 7, [7], [3], [33.143307], 1
3, 7, [7], [3], [33.14367], 1
2, 16, [16], [2], [33.11232], 1
0, 12, [12 16], [0 0], [32.91285  33.115067], 2
5, 12, [12 14], [6 5], [-10.06254   33.156143], 2
9, 12, [12], [9], [33.048935], 1
12, 9, [9 7], [12 12], [32.94273  33.152985], 2
11, 13, [13], [11], [33.163128], 1
6, 1, [ 1 14 16], [2 6 6], [-12.543249  29.006458  33.106888], 3
14, 5, [ 5 14  9], [ 7 12 14], [-20.326069  16.027716  33.108437], 3
4, 2, [2], [4], [33.146236], 1
1, 14, [14], [1], [33.15677], 1
7, 8, [ 8  4  9 14  7 16], [7 7 7 7 5 7], [21.208061  13.366587   7.2090235  3.5989723  4.0442705 33.163593 ], 6

14, 7, [7 6 9], [12 12 14], [-20.168869  16.111458  33.110348], 3
5, 6, [6], [5], [33.174786], 1
4, 15, [15], [4], [33.062344], 1
1, 12, [12], [1], [33.043808], 1
0, 11, [11], [0], [33.110092], 1
8, 16, [16], [8], [33.161568], 1
4, 14, [14  8], [4 4], [33.04218 33.15072], 2
12, 15, [15 14  6], [13 12 12], [-12.507952  29.069408  33.25488 ], 3
14, 5, [ 5  7 11 10 13], [ 7 12 12 12 14], [-33.34822    -5.6768007  -3.092907    7.9861755  33.19099  ], 5
5, 9, [9 5], [5 5], [32.877357 33.043396], 2
8, 7, [7], [8], [33.155552], 1
6, 15, [15  2  6  5 14  8], [2 6 6 6 2 6], [-21.844229   13.476887    7.216907    3.4516325   4.0145636  33.12668  ], 6
8, 14, [14], [8], [33.166145], 1
1, 6, [6], [1], [33.145172], 1
12, 7, [7], [12], [33.154163], 1
4, 8, [8], [4], [33.150856], 1
9, 1, [ 1 16], [11  9], [-10.0842   33.13282], 2
4, 1, [ 1 13], [8 4], [-10.066378  33.153484], 2
4, 8, [8], [4], [33.15095], 1
1, 13, [13], [1], [33.15319], 1
11, 8, [8], [11], [33.164463], 1
5, 10, [10 15 14], [6 6 5], [-20.347     15.958937  33.146957], 3
2, 4, [ 4 14], [5 2], [-10.074329  33.137455], 2
2, 4, [ 4 14], [5 2], [-10.074753  33.137432], 2
8, 8, [8 2], [8 8], [33.034348 33.138313], 2
5, 4, [ 4 10  8], [5 6 5], [22.624184 15.968075 33.150093], 3
8, 8, [8], [8], [33.151707], 1
2, 10, [10  2], [6 2], [-10.038286  33.141   ], 2
1, 15, [15], [1], [33.0644], 1
3, 10, [10  8 11], [3 3 3], [30.497753 29.03761  33.10697 ], 3
13, 11, [11], [13], [33.10639], 1
10, 14, [14], [10], [33.07771], 1

12, 5, [5 6], [12 12], [32.984467 33.24286 ], 2
0, 6, [6], [0], [33.14456], 1
9, 9, [9], [9], [33.04509], 1
14, 5, [ 5 16  2], [12 12 14], [-20.297565  16.10152   33.28259 ], 3
3, 10, [10 14], [6 3], [-10.028366  33.156113], 2
10, 10, [10], [10], [33.070084], 1
4, 4, [4 8 3 6 2], [8 4 8 4 4], [-22.79253    11.940689    4.6497483  21.020803   33.14626  ], 5
9, 4, [4], [9], [33.037468], 1
2, 3, [3 8], [7 2], [-10.0639    33.150005], 2
3, 5, [ 5 11], [3 3], [32.907978 33.10706 ], 2
6, 1, [1 8], [6 6], [32.932175 33.126717], 2
13, 13, [13], [13], [33.189354], 1
14, 3, [ 3 13], [ 7 14], [-10.027651  33.190727], 2
0, 3, [ 3 11], [6 0], [-10.089037  33.107925], 2
5, 6, [6], [5], [33.171032], 1
10, 9, [9], [10], [33.044064], 1
14, 5, [5 2], [14 14], [33.01687 33.26645], 2
11, 4, [4], [11], [33.03705], 1
2, 2, [2], [2], [33.145157], 1
0, 7, [7], [0], [33.143776], 1
1, 5, [5], [1], [33.043907], 1
11, 3, [3], [11], [33.03383], 1
0, 13, [13], [0], [33.152958], 1
5, 15, [15 14], [9 5], [-10.059828  33.13957 ], 2
8, 6, [6], [8], [33.112755], 1
1, 5, [5], [1], [33.043907], 1
12, 7, [7], [12], [33.15133], 1
0, 7, [7], [0], [33.143555], 1
1, 9, [9], [1], [33.074707], 1
3, 2, [ 2 15  7], [3 5 3], [22.7193   15.961491 33.142696], 3
13, 13, [13], [13], [33.18935], 1
8, 5, [ 5 16], [8 8], [32.935474 33.15971 ], 2

2, 2, [2], [2], [33.141357], 1
4, 9, [ 9 12 16], [4 8 4], [22.60452  15.918565 33.124573], 3
2, 12, [12  7], [0 2], [-10.070574  33.143364], 2
4, 7, [7], [4], [33.146267], 1
4, 2, [2], [4], [33.146416], 1
14, 9, [9 8], [ 5 14], [-10.057205  33.146194], 2
11, 5, [5], [11], [33.03572], 1
4, 7, [7], [4], [33.146297], 1
6, 1, [ 1 16], [3 6], [-10.08353   33.106907], 2
1, 13, [13], [1], [33.153206], 1
4, 13, [13], [4], [33.154675], 1
4, 6, [6 8], [4 4], [33.023586 33.15069 ], 2
14, 16, [16], [14], [33.13693], 1
3, 7, [7], [3], [33.14333], 1
1, 15, [15], [1], [33.064384], 1
2, 12, [12  7], [6 2], [-10.070326  33.14338 ], 2
2, 3, [3], [2], [33.046524], 1
2, 15, [15  2], [6 2], [-10.04266   33.141018], 2
2, 8, [8], [2], [33.149857], 1
14, 12, [12 14  2], [14 12 14], [22.741283 16.113262 33.274532], 3
11, 1, [1], [11], [33.036415], 1
11, 2, [2], [11], [33.12393], 1
2, 14, [14], [2], [33.13724], 1
0, 4, [ 4  9 14], [7 7 0], [-20.389309  15.946014  33.1548  ], 3
3, 13, [13], [3], [33.153915], 1
7, 1, [ 1 11  7], [2 7 7], [-12.535509  29.019516  33.14759 ], 3
9, 13, [13], [9], [33.156], 1
3, 8, [8], [3], [33.186058], 1
9, 3, [3], [9], [33.034985], 1
2, 3, [ 3 15 13], [6 6 2], [-20.37608   15.962938  33.15035 ], 3
1, 5, [5], [1], [33.043907], 1
0, 13, [13], [0], [33.15291], 1

6, 16, [16], [6], [33.107273], 1
13, 4, [4], [13], [33.04564], 1
12, 8, [8], [12], [33.21041], 1
8, 16, [16  8  2], [8 8 8], [30.567543 29.034908 33.139496], 3
11, 14, [14], [11], [33.07254], 1
1, 7, [7], [1], [33.14325], 1
8, 6, [6], [8], [33.11383], 1
4, 10, [10 16  9 13], [4 8 8 4], [15.073991   3.3163834 11.944447  33.154137 ], 4
14, 12, [12  4 13], [ 7 12 14], [-20.368694  15.962869  33.18854 ], 3
1, 9, [9], [1], [33.074757], 1
0, 9, [ 9 13], [5 0], [-10.056    33.15255], 2
0, 16, [16 13], [7 0], [-9.959703 33.152966], 2
7, 1, [1 8], [6 7], [-10.031     33.194653], 2
14, 8, [ 8 11  2], [12 12 14], [-20.152298  16.092604  33.2947  ], 3
12, 5, [5 7], [12 12], [32.929573 33.151344], 2
7, 5, [5 8], [6 7], [-10.040091  33.196102], 2
5, 15, [15 14  7], [6 5 5], [-12.499197  29.04581   33.145546], 3
10, 12, [12], [10], [33.037712], 1
2, 5, [ 5 11], [6 2], [-10.092857  33.10828 ], 2
13, 4, [4], [13], [33.04564], 1
14, 6, [ 6 15 14 11  7  4 13], [12 12 12 12 12 12 14], [-3.9567894e+01 -1.6336708e+01 -2.0679594e+01 -2.1393169e+01
 -1.5847862e+01 -3.2909393e-02  3.3188591e+01], 7
0, 2, [ 2 11], [0 0], [33.006268 33.10798 ], 2
9, 8, [8], [9], [33.222946], 1
6, 15, [15 14 11], [6 2 6], [22.680311 16.012388 33.123745], 3
8, 1, [1], [8], [33.0412], 1
10, 8, [8], [10], [33.134445], 1
9, 3, [3], [9], [33.03454], 1
14, 5, [5 8 2], [ 7 12 14], [-20.25562   16.161434  33.281616], 3
1, 5, [5], [1], [33.043907], 1
2, 14, [14], [2], [33.1373], 1
1, 8, [8], [1], [33.149788], 1
5, 2, [2], [5], [33.14289], 1

6, 8, [8], [6], [33.12861], 1
2, 4, [ 4 15  8], [5 6 2], [-20.379393  15.962164  33.149704], 3
13, 12, [12], [13], [33.042465], 1
7, 7, [7], [7], [33.147297], 1
5, 16, [16], [5], [33.106327], 1
10, 14, [14], [10], [33.076283], 1
12, 14, [14  2], [12 12], [33.06608  33.138382], 2
7, 15, [15 11 14], [2 6 7], [-20.309727  16.034126  33.18539 ], 3
10, 3, [3], [10], [33.033806], 1
8, 13, [13], [8], [33.165367], 1
8, 16, [16], [8], [33.1596], 1
14, 1, [1 7 2], [12 12 14], [-20.27492   16.140854  33.281616], 3
1, 6, [6], [1], [33.145115], 1
0, 3, [ 3 11], [6 0], [-10.088655  33.10851 ], 2
11, 3, [3 2], [11 11], [32.90797 33.1236 ], 2
2, 13, [13], [2], [33.1509], 1
13, 14, [14], [13], [33.166187], 1
3, 5, [ 5 10 14], [3 6 3], [22.626163 15.971634 33.156113], 3
7, 10, [10  6  7 12  5 14 13], [6 5 5 7 7 7 7], [-34.201714   -7.131542   -5.4711246   3.97127     4.8853116  13.073742
  33.168884 ], 7
6, 5, [5 8], [5 6], [-10.081108  33.12679 ], 2
10, 10, [10], [10], [33.070126], 1
2, 8, [8], [2], [33.150932], 1
3, 13, [13], [3], [33.153877], 1
5, 5, [ 5 13 14 11 15 14  8], [6 5 5 7 5 5 5], [-24.534452     9.038751    -0.19368696  -8.920282     4.915206
  13.050085    33.151596  ], 7
1, 16, [16], [1], [33.121334], 1
14, 16, [16  8 13 16 13  6  4], [14 12 12 14 12 12 12], [  2.8917408 -17.06833   -22.127865  -23.87344   -41.676964  -43.121937
 -38.94531  ], 7
5, 2, [2 7], [5 5], [33.019833 33.14559 ], 2
3, 15, [15], [3], [33.067833], 1
8, 11, [11], [8], [33.169064], 1
13, 10, [10], [13], [33.070477], 1
9, 14, [14], [9], [33.09831], 1
6, 3, [ 3 16], [6 6], [32.910408 33.10698 ], 2

7, 9, [ 9  8  7 14  8], [7 7 5 7 7], [20.292288  12.066608   4.7975006 21.085644  33.18872  ], 5
2, 14, [14], [2], [33.137672], 1
12, 15, [15  6], [13 12], [-9.9966755 33.25488  ], 2
1, 15, [15], [1], [33.06439], 1
9, 12, [12], [9], [33.04888], 1
9, 14, [14], [9], [33.101658], 1
12, 1, [ 1 11], [12 12], [32.911716 33.12384 ], 2
12, 6, [6], [12], [33.242752], 1
12, 6, [6], [12], [33.240738], 1
6, 7, [7], [6], [33.145226], 1
13, 1, [1], [13], [33.037823], 1
12, 6, [6], [12], [33.240322], 1
4, 8, [8 4], [4 4], [32.97663 33.04285], 2
4, 4, [4 2], [4 4], [32.930664 33.14627 ], 2
13, 9, [9], [13], [33.04563], 1
1, 10, [10], [1], [33.075863], 1
2, 16, [16], [2], [33.11243], 1
6, 11, [11], [6], [33.12398], 1
14, 13, [13], [14], [33.1904], 1
10, 10, [10], [10], [33.070103], 1
0, 1, [1 7], [6 0], [-10.061689  33.143715], 2
11, 14, [14], [11], [33.07068], 1
5, 7, [7], [5], [33.14568], 1
1, 7, [7], [1], [33.1432], 1
5, 1, [1 5 7], [2 6 5], [-20.390411  15.929542  33.14554 ], 3
0, 11, [11], [0], [33.108772], 1
7, 6, [ 6 16], [5 7], [-9.946995 33.16284 ], 2
5, 5, [ 5 13], [6 5], [-10.064499  33.155334], 2
5, 11, [11  8], [7 5], [-9.978447 33.151596], 2
6, 6, [ 6 15  8], [2 5 6], [-20.285324  15.946093  33.126568], 3
4, 5, [ 5  6 10  6  2], [8 4 4 4 4], [-18.114246  19.744     17.693497  21.015505  33.146004], 5
7, 4, [ 4 10 13], [5 6 7], [-20.369656  15.978285  33.167866], 3

11, 13, [13], [11], [33.161156], 1
4, 3, [ 3 10  6  7], [8 4 4 4], [-15.505997  24.093563  25.015615  33.14619 ], 4
9, 16, [16], [9], [33.13227], 1
10, 7, [7], [10], [33.127968], 1
3, 10, [10 14], [3 3], [32.971447 33.157784], 2
12, 16, [16], [12], [33.126198], 1
10, 5, [5], [10], [33.035534], 1
5, 2, [ 2 14], [5 5], [33.02831 33.14767], 2
14, 11, [11  6 16  5 14 13], [12 12 12 14 14 14], [-32.523937   -4.3991995  -1.0566301  11.352984   17.129765   33.190754 ], 6
6, 14, [14  4 14 13], [6 5 6 6], [19.781258 11.0634   25.034239 33.151703], 4
6, 3, [ 3 16], [3 6], [-10.089851  33.1069  ], 2
3, 3, [3 8], [3 3], [32.95796 33.18651], 2
11, 16, [16], [11], [33.187107], 1
4, 3, [ 3  8 16 11  6 14  1], [1 4 8 4 4 4 8], [-29.772568     0.31062794 -14.733686   -11.470002   -21.001501
 -30.224247   -38.95847   ], 7
5, 11, [11  7], [7 5], [-9.979958 33.14571 ], 2
4, 11, [11  8], [4 4], [33.02235  33.150787], 2
10, 6, [6], [10], [33.18902], 1
10, 11, [11], [10], [33.125877], 1
7, 16, [16 15  7], [0 2 7], [-20.295507  15.961199  33.14787 ], 3
8, 2, [2], [8], [33.13848], 1
4, 12, [12 14], [4 4], [32.934967 33.14881 ], 2
3, 2, [ 2  3 11], [3 6 3], [22.688549 15.910313 33.107113], 3
10, 1, [1], [10], [33.036938], 1
3, 13, [13], [3], [33.153774], 1
12, 2, [2], [12], [33.140575], 1
13, 13, [13], [13], [33.189354], 1
10, 14, [14], [10], [33.076027], 1
2, 8, [8 6], [13  2], [-9.944378 33.151257], 2
7, 10, [10 14], [6 7], [-10.013351  33.181618], 2
7, 11, [11  8 13], [7 5 7], [22.76482  16.057356 33.167458], 3
11, 9, [9], [11], [33.046753], 1
1, 8, [8], [1], [33.149776], 1

9, 16, [16], [9], [33.13221], 1
6, 15, [15 14  1  8], [7 6 6 6], [-15.45367   24.102476  24.933262  33.127075], 4
4, 16, [16 14 16  7], [4 8 4 4], [19.84047  11.17217  25.025213 33.146744], 4
5, 8, [8], [5], [33.150917], 1
0, 6, [ 6 14 13], [0 3 0], [22.771076 16.043394 33.15179 ], 3
2, 11, [11], [2], [33.108437], 1
12, 1, [ 1 12  2], [12 12 12], [30.415108 28.960295 33.141285], 3
0, 4, [4 7], [5 0], [-10.07056  33.14368], 2
0, 2, [2], [0], [33.14327], 1
4, 11, [11 15  7], [4 4 4], [30.499117 28.94703  33.14691 ], 3
7, 14, [14 13], [7 7], [33.084377 33.16912 ], 2
3, 4, [ 4 11], [5 3], [-10.092302  33.10723 ], 2
5, 13, [13], [5], [33.15435], 1
4, 4, [4], [4], [33.04291], 1
2, 6, [6], [2], [33.146244], 1
2, 13, [13], [2], [33.15064], 1
14, 10, [10 14], [14 14], [33.077778 33.265526], 2
2, 2, [2], [2], [33.14116], 1
11, 12, [12], [11], [33.03915], 1
14, 13, [13 16  8  1 13 15  7], [12 14 12 14 12 12 12], [-32.304054  -4.167094 -22.16639  -23.957962 -41.742157 -43.23059
 -38.8356  ], 7
12, 10, [10], [12], [33.08139], 1
12, 1, [1 7], [12 12], [32.934498 33.15925 ], 2
12, 16, [16], [12], [33.12617], 1
10, 15, [15], [10], [33.04904], 1
12, 5, [5 6], [12 12], [32.99067  33.254864], 2
10, 13, [13], [10], [33.196377], 1
13, 12, [12], [13], [33.042465], 1
14, 14, [14  4  6 13  6  7 13], [12 12 12 12 12 12 12], [-42.94293  -21.842636 -29.822208 -36.77909  -41.62548  -43.11788
 -38.8038  ], 7
10, 7, [7], [10], [33.127945], 1
5, 12, [12  9  7], [6 5 5], [-12.593218  28.938618  33.145493], 3
8, 9, [ 9  3 11], [4 8 8], [-12.582823  28.940813  33.170135], 3
14, 4, [4 6 2], [12 12 14], [-20.227058  16.204937  33.2947  ], 3

13, 13, [13], [13], [33.18935], 1
7, 1, [ 1  2 13], [6 5 7], [-20.326664  16.032722  33.16821 ], 3
5, 3, [3 8], [6 5], [-10.062607  33.151314], 2
3, 2, [2], [3], [33.141212], 1
10, 11, [11  7], [ 6 10], [-9.999691 33.127834], 2
2, 13, [13], [2], [33.150955], 1
13, 1, [1], [13], [33.037823], 1
12, 1, [ 1 11], [12 12], [32.911144 33.120354], 2
4, 13, [13], [4], [33.154263], 1
0, 10, [10  4  6  9  8 14  5], [6 6 0 5 0 3 6], [-36.753597 -11.385483 -12.38424  -29.215466 -28.784018 -43.221813
 -38.956886], 7
8, 14, [14], [8], [33.165016], 1
14, 4, [4 2], [12 14], [-9.987726 33.26993 ], 2
7, 16, [16  9 13], [7 5 7], [22.715973 15.950846 33.166992], 3
1, 11, [11], [1], [33.107574], 1
6, 15, [15  3  5 13], [5 6 6 6], [-15.529752  24.005804  24.9326    33.151703], 4
6, 1, [ 1 13], [6 6], [32.948162 33.15191 ], 2
0, 7, [7], [0], [33.143654], 1
7, 5, [ 5 13  8 15  8], [6 7 5 2 7], [-25.555218    7.33753    -3.0483675   7.9915133  33.19798  ], 5
3, 3, [ 3 11], [6 3], [-10.089579  33.106915], 2
12, 12, [12], [12], [33.04377], 1
9, 2, [2], [9], [33.124786], 1
0, 2, [2], [0], [33.143295], 1
3, 12, [12 11], [0 3], [-10.091766  33.10706 ], 2
12, 4, [ 4 13], [12 12], [32.966362 33.197327], 2
4, 13, [13], [4], [33.154602], 1
9, 1, [ 1 11], [11  9], [-10.100977  33.104637], 2
4, 8, [ 8 16  8  5  8  6 13], [8 8 8 8 8 4 4], [-38.60943  -14.601183 -17.918163 -16.78241   -8.036325  13.020649
  33.154137], 7
3, 14, [14], [3], [33.15702], 1
10, 2, [2], [10], [33.121193], 1
9, 6, [6], [9], [33.228832], 1
1, 1, [1], [1], [33.050426], 1
7, 4, [4 8], [7 7], [32.959473 33.194653], 2

6, 2, [2 8], [6 6], [33.02231  33.126797], 2
13, 4, [4], [13], [33.04564], 1
2, 12, [12], [2], [33.044777], 1
7, 8, [8], [7], [33.193474], 1
6, 1, [ 1 11], [6 6], [32.92618  33.123783], 2
9, 6, [6], [9], [33.22605], 1
12, 4, [4 6], [12 12], [32.996674 33.247192], 2
1, 7, [7], [1], [33.14321], 1
12, 15, [15 13], [13 12], [-10.028799  33.201355], 2
14, 13, [13], [14], [33.190567], 1
1, 9, [9], [1], [33.074585], 1
6, 11, [11], [6], [33.133812], 1
14, 1, [ 1  7  6  7  4  8 13], [ 5 12 12 12 12 14 14], [-38.65387  -14.507509 -17.780682 -16.692432  -8.088886  13.093157
  33.190754], 7
11, 4, [4], [11], [33.03715], 1
4, 12, [12 10  8], [8 4 4], [-12.57058  28.97501  33.15081], 3
3, 15, [15  8], [3 3], [32.98481  33.185966], 2
11, 15, [15  8], [ 9 11], [-10.050171  33.165535], 2
6, 7, [7 4], [6 6], [32.979134 33.04796 ], 2
9, 1, [1], [9], [33.03489], 1
3, 8, [8], [3], [33.185642], 1
10, 3, [3], [10], [33.033722], 1
9, 9, [9], [9], [33.04501], 1
2, 11, [11], [2], [33.108448], 1
2, 12, [12 15  7], [6 6 2], [-20.380825  15.958704  33.14336 ], 3
5, 1, [ 1 14], [6 5], [-10.053951  33.156143], 2
0, 8, [ 8 11], [0 0], [33.01545  33.108032], 2
9, 11, [11], [9], [33.104385], 1
12, 14, [14  6], [12 12], [33.066803 33.23713 ], 2
14, 7, [7 6 1], [12 12 14], [-20.166225  16.091385  33.093037], 3
6, 2, [2 8], [6 6], [33.021053 33.1268  ], 2
6, 14, [14 13], [6 6], [33.033665 33.15191 ], 2
8, 12, [12 11], [8 8], [32.94818 33.17438], 2

1, 4, [4], [1], [33.04227], 1
4, 13, [13], [4], [33.156513], 1
10, 16, [16  7], [ 0 10], [-9.978182 33.1278  ], 2
7, 4, [ 4 14  7  8], [7 7 5 7], [22.886497 16.406315 12.059346 33.18872 ], 4
12, 8, [8], [12], [33.21088], 1
12, 10, [10], [12], [33.08185], 1
0, 15, [15  8], [5 0], [-10.035021  33.152145], 2
7, 3, [ 3 14  8], [6 7 7], [-12.496496  29.095215  33.198967], 3
10, 16, [16  7], [ 0 10], [-9.977928 33.127796], 2
0, 15, [15  8], [6 0], [-10.035797  33.152138], 2
4, 1, [ 1 11  1  2], [8 4 8 4], [-20.18039   16.294909  11.930342  33.146126], 4
0, 12, [12 16  8], [6 0 0], [-12.54003   29.028162  33.15429 ], 3
14, 2, [2], [14], [33.27376], 1
12, 14, [14 15  6], [12 13 12], [22.728317 16.00328  33.254837], 3
11, 13, [13], [11], [33.162437], 1
9, 6, [6 7], [3 9], [-9.946938 33.17704 ], 2
13, 7, [7], [13], [33.155807], 1
2, 5, [ 5 14], [5 2], [-10.074842  33.13752 ], 2
4, 16, [16  7], [4 4], [33.019226 33.14619 ], 2
6, 4, [4 8], [5 6], [-10.080008  33.126995], 2
7, 12, [12  8], [0 7], [-10.03964   33.194653], 2
8, 13, [13], [8], [33.16552], 1
7, 8, [8], [7], [33.194004], 1
14, 4, [ 4 16], [ 7 14], [-10.058798  33.13733 ], 2
8, 6, [6], [8], [33.116016], 1
4, 12, [12 14  9 13], [8 4 4 4], [-15.484847  24.118889  24.945972  33.154316], 4
2, 9, [9 7], [5 2], [-10.060268  33.14336 ], 2
9, 7, [7], [9], [33.176464], 1
10, 5, [5], [10], [33.035484], 1
4, 9, [ 9 14], [8 4], [-10.058748  33.14881 ], 2
0, 10, [10  7], [6 0], [-10.036598  33.143715], 2
10, 8, [8 7], [ 1 10], [-9.979376 33.12783 ], 2

8, 10, [10 15 16  7], [8 8 8 8], [27.53836  24.07617  25.038021 33.15724 ], 4
9, 5, [5], [9], [33.033623], 1
13, 10, [10], [13], [33.070473], 1
9, 3, [3], [9], [33.03411], 1
2, 7, [7 2], [2 2], [33.032402 33.141205], 2
12, 14, [14  6], [12 12], [33.0701  33.24044], 2
10, 13, [13], [10], [33.196617], 1
6, 4, [4 8], [5 6], [-10.08054   33.126717], 2
7, 2, [ 2 13], [5 7], [-9.962784 33.168247], 2
0, 11, [11], [0], [33.108284], 1
9, 4, [4], [9], [33.03749], 1
6, 16, [16], [6], [33.10727], 1
1, 16, [16], [1], [33.12525], 1
3, 6, [6], [3], [33.146957], 1
13, 16, [16], [13], [33.124104], 1
1, 14, [14], [1], [33.156677], 1
1, 16, [16  2], [14  1], [-9.974716 33.1474  ], 2
7, 6, [ 6  4 14], [0 7 7], [-12.483572  28.951653  33.181618], 3
11, 2, [2], [11], [33.123756], 1
13, 14, [14], [13], [33.16628], 1
0, 10, [10 14], [6 0], [-10.030487  33.154285], 2
0, 7, [7], [0], [33.14351], 1
13, 7, [7], [13], [33.155807], 1
13, 16, [16], [13], [33.12406], 1
13, 6, [6], [13], [33.22749], 1
1, 15, [15], [1], [33.064384], 1
8, 14, [14  3  2], [1 1 8], [-20.284988  15.92321   33.1384  ], 3
12, 9, [9 7], [12 12], [32.94593  33.159225], 2
5, 4, [ 4 13], [5 5], [32.936974 33.155987], 2
12, 8, [8], [12], [33.21002], 1
9, 11, [11], [9], [33.1042], 1
9, 10, [10], [9], [33.086987], 1

14, 7, [ 7  6 14], [12 12 14], [-20.116308  16.197693  33.26636 ], 3
0, 12, [12 13], [0 0], [32.935402 33.1526  ], 2
5, 15, [15 13], [9 5], [-10.051224  33.15349 ], 2
7, 5, [5 8], [6 7], [-10.040987  33.194202], 2
0, 12, [12 14  7], [0 0 0], [30.467731 29.03955  33.14425 ], 3
4, 10, [10 14  3 14 16  3 10], [4 4 8 4 8 8 4], [ 13.892826     1.3489304  -13.003174    -8.400732   -15.919277
  -0.11265373  33.083466  ], 7
7, 2, [ 2 11  8], [7 5 7], [22.750656 16.048437 33.20158 ], 3
10, 7, [7], [10], [33.128113], 1
14, 9, [ 9  7 14  2], [ 5 12 14 14], [-23.18383   11.267214  25.177189  33.269794], 4
6, 14, [14  7], [6 6], [33.02993  33.145126], 2
11, 11, [11  7], [11 11], [33.010014 33.130363], 2
1, 13, [13], [1], [33.15343], 1
14, 13, [13], [14], [33.188232], 1
3, 8, [8], [3], [33.186142], 1
2, 3, [ 3 14], [6 2], [-10.071239  33.13755 ], 2
2, 11, [11], [2], [33.108513], 1
3, 5, [5 8], [3 3], [32.959457 33.186497], 2
10, 13, [13], [10], [33.19661], 1
10, 1, [1], [10], [33.039284], 1
7, 13, [13  7], [7 7], [33.054966 33.147358], 2
5, 8, [8], [5], [33.150543], 1
5, 16, [16], [5], [33.109745], 1
13, 16, [16], [13], [33.124073], 1
14, 15, [15  6  2], [12 12 14], [-20.210026  16.203104  33.281616], 3
8, 11, [11], [8], [33.177547], 1
0, 13, [13], [0], [33.153885], 1
8, 2, [2], [8], [33.13869], 1
14, 12, [12  1 11 13], [ 7  5 12 14], [-27.978636   3.268658  12.030035  33.190754], 4
6, 16, [16], [6], [33.107372], 1
5, 5, [ 5  9 11  6], [6 5 7 5], [-20.192509  16.275257  12.034359  33.16957 ], 4
3, 6, [6], [3], [33.146717], 1
8, 12, [12 13], [8 8], [32.943268 33.165367], 2

11, 1, [1], [11], [33.0368], 1
13, 15, [15], [13], [33.05118], 1
12, 7, [7], [12], [33.15129], 1
8, 8, [8 6], [4 8], [-9.985874 33.10528 ], 2
2, 2, [2], [2], [33.141144], 1
7, 14, [14 11 14 16], [7 7 7 7], [27.686731 24.184828 25.075708 33.16387 ], 4
2, 9, [ 9 16], [5 2], [-10.081039  33.10753 ], 2
1, 2, [2], [1], [33.147293], 1
1, 2, [2], [1], [33.147324], 1
13, 3, [3], [13], [33.035408], 1
8, 4, [ 4 13], [4 8], [-10.057978  33.165245], 2
6, 15, [15  2 14 13], [6 6 6 6], [27.570312 24.16642  25.034239 33.151703], 4
10, 16, [16 14], [ 7 10], [-10.01124   33.075836], 2
4, 4, [4 7], [4 4], [32.93093  33.146744], 2
12, 13, [13], [12], [33.199623], 1
7, 9, [9 8], [7 7], [32.96377  33.190113], 2
5, 9, [ 9 14], [2 5], [-10.057594  33.14753 ], 2
5, 5, [5], [5], [33.04339], 1
2, 14, [14], [2], [33.137222], 1
7, 12, [12 14], [0 7], [-10.045635  33.184685], 2
3, 5, [5 8], [6 3], [-10.045755  33.18651 ], 2
14, 2, [2], [14], [33.27572], 1
5, 13, [13], [5], [33.15668], 1
8, 13, [13], [8], [33.164707], 1
9, 2, [2], [9], [33.125397], 1
3, 16, [16], [3], [33.11694], 1
9, 12, [12], [9], [33.04884], 1
4, 7, [7], [4], [33.146835], 1
10, 13, [13], [10], [33.196644], 1
11, 2, [ 2 15], [10 11], [-10.049246  33.04803 ], 2
6, 15, [15  3 13], [6 6 6], [30.436436 28.937172 33.151703], 3
5, 7, [7], [5], [33.14574], 1

0, 5, [ 5 13], [7 0], [-10.065893  33.153183], 2
3, 9, [ 9 14], [3 3], [32.94983 33.15629], 2
13, 12, [12], [13], [33.042465], 1
10, 6, [6], [10], [33.174072], 1
0, 14, [14], [0], [33.154724], 1
11, 11, [11], [11], [33.1336], 1
3, 13, [13], [3], [33.15397], 1
2, 13, [13], [2], [33.15073], 1
6, 12, [12  7], [0 6], [-10.06916   33.145126], 2
7, 13, [13], [7], [33.168022], 1
2, 15, [15 14], [2 2], [32.95301  33.137966], 2
8, 13, [13], [8], [33.165585], 1
7, 7, [ 7 12], [5 7], [-10.030836  33.038845], 2
10, 1, [1], [10], [33.037045], 1
8, 5, [5], [8], [33.037212], 1
7, 14, [14  3  7 11 15  8], [5 6 5 5 7 7], [-35.395847  -9.26482   -8.851986  -1.663518  17.01499   33.20158 ], 6
7, 13, [13], [7], [33.168015], 1
13, 9, [9], [13], [33.04564], 1
8, 13, [13], [8], [33.164238], 1
5, 3, [ 3 15], [6 5], [-10.110748  33.071728], 2
8, 7, [7], [8], [33.15563], 1
9, 9, [9], [9], [33.045033], 1
14, 10, [10 13 16  6 12  6  8], [12 12 14 12 12 12 12], [-38.288864 -13.973363 -16.949272 -36.803352 -41.747665 -43.029716
 -38.79161 ], 7
10, 15, [15], [10], [33.04899], 1
14, 3, [3 8], [ 7 14], [-10.05938   33.146194], 2
14, 14, [14 10], [12 14], [-9.94635 33.15154], 2
1, 10, [10], [1], [33.07586], 1
12, 13, [13], [12], [33.19965], 1
7, 15, [15 13], [5 7], [-10.0196705  33.170208 ], 2
14, 14, [14], [14], [33.262383], 1
2, 16, [16], [2], [33.1123], 1
1, 6, [6], [1], [33.14517], 1

12, 4, [ 4 13], [12 12], [32.96816  33.199684], 2
13, 5, [5], [13], [33.04083], 1
14, 10, [10  6], [10 14], [-10.0114765  33.15946  ], 2
0, 9, [9 7], [7 0], [-10.061344  33.143757], 2
7, 9, [ 9  6 14  8], [5 0 7 7], [-23.225348  11.202369  25.095215  33.198967], 4
6, 9, [ 9 11], [2 6], [-10.071802  33.12375 ], 2
6, 8, [8], [6], [33.127018], 1
10, 8, [8], [10], [33.135155], 1
4, 2, [2], [4], [33.146435], 1
1, 1, [1], [1], [33.050426], 1
6, 3, [ 3 13], [6 6], [32.93706  33.151703], 2
9, 3, [3 7], [9 9], [32.940487 33.176655], 2
12, 15, [15  7], [13 12], [-10.062778  33.14474 ], 2
13, 5, [5], [13], [33.040833], 1
10, 9, [9], [10], [33.044106], 1
7, 15, [15 14  6  8], [5 7 5 7], [-20.07608   16.41709   12.073322  33.1967  ], 4
11, 8, [8], [11], [33.165016], 1
2, 7, [7], [2], [33.143333], 1
11, 14, [14], [11], [33.072235], 1
8, 5, [ 5 13], [8 8], [32.93591  33.164574], 2
11, 14, [14], [11], [33.07197], 1
2, 15, [15  8], [6 2], [-10.037409  33.149837], 2
3, 15, [15  7], [6 3], [-10.035442  33.14274 ], 2
12, 10, [10], [12], [33.07708], 1
8, 3, [ 3 16], [8 8], [32.93466  33.159683], 2
5, 10, [10 14], [6 5], [-10.032604  33.1494  ], 2
0, 5, [ 5 15 14 15  8 13], [6 0 3 0 0 0], [-24.892735    8.441304   -1.0623398  11.304215   17.042513   33.153137 ], 6
11, 9, [9], [11], [33.04674], 1
2, 16, [16  2], [2 2], [32.997025 33.141136], 2
3, 7, [7], [3], [33.143265], 1
2, 11, [11], [2], [33.108444], 1
4, 10, [10 14], [4 4], [32.973312 33.14853 ], 2

10, 16, [16 14], [ 1 10], [-10.007469  33.075653], 2
6, 5, [5 6], [6 6], [32.928288 33.142925], 2
11, 16, [16], [11], [33.186607], 1
6, 9, [ 9  5 14  8], [5 5 6 6], [-23.31487   11.054216  25.018997  33.12679 ], 4
9, 15, [15], [9], [33.05137], 1
7, 14, [14 15 14], [7 2 7], [22.77273  15.990729 33.196674], 3
1, 6, [6], [1], [33.14515], 1
10, 15, [15], [10], [33.048897], 1
12, 2, [2], [12], [33.145824], 1
3, 7, [7], [3], [33.143356], 1
8, 2, [2], [8], [33.13873], 1
1, 15, [15], [1], [33.064384], 1
6, 6, [ 6 14  2 13], [6 2 6 6], [19.842768 11.161562 25.037724 33.151684], 4
12, 3, [3 8], [12 12], [32.96148  33.209747], 2
3, 9, [9 8], [7 3], [-10.037443  33.18637 ], 2
12, 3, [3 6], [12 12], [32.978626 33.238533], 2
10, 14, [14], [10], [33.0832], 1
3, 9, [9 2], [5 3], [-10.0624485  33.140358 ], 2
11, 8, [8], [11], [33.161945], 1
4, 14, [14], [4], [33.148415], 1
14, 9, [9 8], [ 5 14], [-10.058859  33.146194], 2
9, 12, [12], [9], [33.048733], 1
5, 9, [9 8], [5 5], [32.94493 33.1509 ], 2
4, 7, [7], [4], [33.146805], 1
1, 1, [1], [1], [33.050426], 1
10, 11, [11], [10], [33.126007], 1
14, 15, [15  7  6  7  2], [12 12 12 12 14], [-33.268284   -5.5636783  -2.8812566   8.134779   33.28259  ], 5
4, 5, [ 5 14 11 14 11  2], [8 4 4 4 4 4], [-20.166586   16.321144   11.949732   11.3630905  17.019642   33.14627  ], 6
14, 11, [11  1  6  7 13  2], [12 12 12 12 14 14], [-35.379604   -9.158553   -8.677286   -1.5331202  17.161942   33.284492 ], 6
9, 5, [5], [9], [33.033737], 1
0, 10, [10 13], [6 0], [-10.030176  33.153503], 2
6, 4, [ 4 16], [6 6], [32.910343 33.10731 ], 2

----------------------train at epoch 4-----------------------------
6, 12, [12 14  7], [0 6 6], [-12.538061  29.030293  33.145126], 3
8, 10, [10 16  6 11], [8 8 4 8], [22.91      16.362234  12.0309305 33.170868 ], 4
12, 1, [1 6], [12 12], [32.987278 33.247215], 2
10, 14, [14], [10], [33.076096], 1
7, 8, [ 8  1 11  8 15], [5 2 7 5 7], [-28.631607    2.0194483   9.944448    8.022478   33.10886  ], 5
12, 15, [15  6], [13 12], [-9.9966755 33.25488  ], 2
4, 14, [14  8], [4 4], [33.04178  33.150787], 2
3, 13, [13], [3], [33.15397], 1
0, 1, [ 1 13], [6 0], [-10.056593  33.153137], 2
10, 8, [8 6], [10 10], [33.05609 33.18906], 2
14, 11, [11 13 14  3], [12 14 12 14], [-20.046885  16.395979  12.007887  33.099384], 4
2, 3, [ 3 14], [6 2], [-10.071373  33.137447], 2
12, 16, [16], [12], [33.12617], 1
12, 12, [12], [12], [33.041634], 1
8, 11, [11], [8], [33.17461], 1
11, 1, [1], [11], [33.036415], 1
9, 16, [16], [9], [33.13221], 1
11, 10, [10], [11], [33.11766], 1
11, 6, [6], [11], [33.145847], 1
12, 15, [15 13], [13 12], [-10.028795  33.20136 ], 2
4, 2, [2], [4], [33.146236], 1
13, 14, [14], [13], [33.166245], 1
3, 13, [13], [3], [33.153915], 1
11, 2, [2], [11], [33.12384], 1
13, 16, [16], [13], [33.124104], 1
7, 11, [11 13  8], [6 7 7], [-12.427418  29.081991  33.194202], 3
8, 12, [12 16], [8 8], [32.940887 33.16222 ], 2
14, 1, [ 1  7 15  8 16  1  8], [12 12 12 12 12 12 12], [-43.08078  -21.868908 -30.067982 -36.898384 -41.81808  -43.242874
 -38.807537], 7
9, 16, [16], [9], [33.145374], 1
11, 8, [8], [11], [33.165016], 1
11, 12, [12], [11], [33.037556], 1
4, 14, [14], [4], [33.148415], 1

12, 3, [ 3 13], [12 12], [32.95389 33.19734], 2
1, 16, [16], [1], [33.121326], 1
14, 5, [ 5  6  7  6 13 16], [12 12 12 12 14 14], [-35.35765    -9.000338   -8.738206   -1.5132027  17.073685   33.137398 ], 6
4, 1, [1 7], [8 4], [-10.069658  33.14619 ], 2
11, 16, [16], [11], [33.182716], 1
5, 3, [3], [5], [33.05334], 1
0, 12, [12  2 14], [6 0 0], [-12.536125  29.034256  33.15463 ], 3
14, 14, [14  6 12 13  6  4 13], [12 12 12 12 12 12 12], [-42.897755 -21.767345 -30.020988 -36.818584 -41.691307 -43.22759
 -38.8038  ], 7
2, 8, [ 8 14], [13  2], [-9.952856 33.137127], 2
4, 2, [2], [4], [33.146435], 1
11, 9, [9], [11], [33.046764], 1
9, 16, [16], [9], [33.13227], 1
4, 4, [ 4 13], [4 4], [32.935036 33.15342 ], 2
6, 13, [13], [6], [33.15181], 1
9, 9, [9], [9], [33.045036], 1
3, 6, [6], [3], [33.147114], 1
3, 3, [ 3  2 13], [3 3 3], [30.466751 29.034494 33.15348 ], 3
5, 14, [14 11], [5 5], [33.008167 33.110172], 2
0, 13, [13], [0], [33.15348], 1
14, 7, [ 7 14 13], [12 12 14], [-20.183691  16.062275  33.19099 ], 3
7, 4, [ 4  5  1 13], [7 0 6 7], [14.971299   3.214366  11.9530945 33.168144 ], 4
1, 7, [7], [1], [33.14321], 1
0, 15, [15 11], [5 0], [-10.0615425  33.107944 ], 2
6, 13, [13], [6], [33.15268], 1
8, 16, [16 13], [8 8], [33.045067 33.16412 ], 2
10, 3, [3], [10], [33.033592], 1
4, 2, [2], [4], [33.146267], 1
9, 8, [8], [9], [33.208466], 1
8, 5, [5 1], [8 8], [32.865417 33.04119 ], 2
14, 11, [11  8 13  2], [12 12 12 14], [-27.781162    3.5058377  12.162414   33.27702  ], 4
7, 4, [ 4  3 15  7], [6 6 2 7], [-28.021519   3.221069  11.958148  33.147247], 4
2, 1, [ 1 14], [6 2], [-10.06459   33.137966], 2

7, 15, [15 13], [2 7], [-10.027494  33.171135], 2
12, 12, [12], [12], [33.050972], 1
4, 6, [ 6 14], [4 4], [33.01702 33.14853], 2
5, 11, [11 13], [7 5], [-9.975119 33.157143], 2
4, 8, [8], [4], [33.15095], 1
12, 6, [6], [12], [33.240322], 1
5, 2, [2 6], [5 5], [33.037422 33.17021 ], 2
12, 10, [10], [12], [33.08139], 1
10, 11, [11 14], [ 6 10], [-10.030827  33.075943], 2
10, 2, [2], [10], [33.12117], 1
9, 4, [4], [9], [33.03749], 1
3, 13, [13], [3], [33.153908], 1
8, 13, [13], [8], [33.16575], 1
5, 14, [14], [5], [33.149406], 1
4, 1, [ 1 11 15  7], [8 4 4 4], [-15.494338  24.104994  24.94715   33.146744], 4
9, 12, [12], [9], [33.048733], 1
12, 6, [6], [12], [33.247124], 1
10, 11, [11], [10], [33.125965], 1
5, 4, [ 4 16], [5 5], [32.90806  33.107864], 2
14, 14, [14  7 13  6  8 11  8], [12 12 12 12 12 12 12], [-42.89553  -21.763758 -29.882595 -36.79742  -41.709225 -43.168938
 -38.80786 ], 7
7, 7, [7], [7], [33.147232], 1
12, 7, [7], [12], [33.154163], 1
9, 11, [11], [9], [33.104645], 1
8, 16, [16  7], [8 8], [33.03761 33.15722], 2
1, 10, [10], [1], [33.075863], 1
1, 16, [16  6], [14  1], [-9.9759655 33.145317 ], 2
10, 8, [8], [10], [33.13498], 1
3, 14, [14], [3], [33.15702], 1
9, 15, [15], [9], [33.051388], 1
5, 9, [ 9 14], [7 5], [-10.055113  33.156143], 2
2, 13, [13], [2], [33.150955], 1
11, 3, [3 6], [11 11], [32.920525 33.144485], 2

3, 14, [14], [3], [33.157402], 1
2, 15, [15 14], [6 2], [-10.04513  33.13755], 2
2, 5, [5 8], [6 2], [-10.068035  33.14965 ], 2
7, 1, [ 1 14], [6 7], [-10.03882   33.181618], 2
3, 6, [6], [3], [33.146957], 1
12, 8, [8], [12], [33.21088], 1
10, 4, [4], [10], [33.0499], 1
3, 12, [12 16], [0 3], [-10.087893  33.113518], 2
5, 4, [ 4 13], [5 5], [32.936974 33.155987], 2
6, 14, [14  6  8], [2 6 6], [-12.447966  29.021843  33.126686], 3
6, 7, [7], [6], [33.14788], 1
14, 13, [13], [14], [33.190567], 1
7, 6, [ 6 11 14], [7 5 7], [22.7631   16.033083 33.18547 ], 3
10, 4, [4], [10], [33.0499], 1
0, 6, [6], [0], [33.14462], 1
6, 2, [ 2 16], [6 6], [33.010536 33.10717 ], 2
14, 16, [16  6  7 13], [12 12 12 14], [-27.77666     3.4856231  12.079578   33.19059  ], 4
12, 5, [ 5  1 13], [12 12 12], [30.412666 28.958197 33.20136 ], 3
12, 12, [12], [12], [33.043636], 1
3, 11, [11], [3], [33.107307], 1
2, 14, [14 10], [13  2], [-9.990305 33.08081 ], 2
10, 15, [15], [10], [33.04904], 1
7, 3, [ 3 10  8], [6 6 7], [-20.357273  15.994469  33.194653], 3
1, 1, [1], [1], [33.050426], 1
12, 4, [ 4 11], [12 12], [32.920067 33.12017 ], 2
3, 9, [9 6], [7 3], [-10.059778  33.146595], 2
2, 8, [8], [2], [33.150932], 1
9, 7, [7], [9], [33.174877], 1
9, 11, [11], [9], [33.104263], 1
1, 4, [4], [1], [33.042274], 1
5, 1, [ 1 13], [6 5], [-10.055771  33.15425 ], 2
8, 10, [10], [8], [33.09573], 1

12, 1, [ 1 13], [12 12], [32.958595 33.199436], 2
14, 2, [2], [14], [33.28426], 1
13, 9, [9], [13], [33.04564], 1
8, 6, [6], [8], [33.112984], 1
14, 11, [11  6 13], [12 12 14], [-20.194878  16.149233  33.190754], 3
3, 7, [7], [3], [33.143265], 1
12, 4, [ 4 13], [12 12], [32.968273 33.19959 ], 2
0, 7, [7], [0], [33.143555], 1
13, 8, [8], [13], [33.182472], 1
8, 6, [6], [8], [33.110683], 1
14, 9, [ 9 16], [ 5 14], [-10.0639   33.13799], 2
13, 5, [5], [13], [33.04083], 1
6, 16, [16], [6], [33.10757], 1
9, 5, [5 2], [11  9], [-10.089777  33.124336], 2
8, 6, [6], [8], [33.11383], 1
3, 9, [9 8], [3 3], [32.96307 33.17836], 2
13, 6, [6], [13], [33.226204], 1
9, 13, [13], [9], [33.15583], 1
9, 10, [10], [9], [33.08753], 1
9, 1, [ 1 10], [11  9], [-10.111803  33.086594], 2
7, 12, [12  7], [6 7], [-10.068043  33.147358], 2
5, 6, [ 6 14  8], [10  5  5], [-12.390219  29.0496    33.151268], 3
11, 15, [15], [11], [33.04836], 1
1, 14, [14], [1], [33.156693], 1
14, 10, [10  6 13  8 13  6 16], [12 12 12 12 12 12 14], [-42.30522  -20.667286 -28.187557 -33.97293  -36.968864 -35.27511
 -25.86726 ], 7
6, 14, [14  5 16], [6 6 6], [30.48724  28.906708 33.106956], 3
8, 7, [7], [8], [33.157207], 1
0, 4, [ 4 14], [7 0], [-10.063889  33.15516 ], 2
4, 13, [13], [4], [33.15429], 1
13, 6, [6], [13], [33.227512], 1
13, 8, [8], [13], [33.18255], 1
10, 6, [6], [10], [33.188484], 1

10, 16, [16 11], [ 7 10], [-9.981321 33.1257  ], 2
1, 8, [8], [1], [33.149773], 1
3, 1, [1 8], [6 3], [-10.03624  33.18651], 2
10, 14, [14], [10], [33.076206], 1
0, 10, [10 11], [6 0], [-10.057968  33.108135], 2
2, 12, [12], [2], [33.044777], 1
1, 3, [3], [1], [33.043976], 1
12, 7, [7], [12], [33.159218], 1
8, 12, [12 14], [8 8], [32.943382 33.16574 ], 2
9, 8, [ 8 13], [9 9], [33.08471  33.155827], 2
2, 15, [15  8], [2 2], [32.96009  33.149796], 2
12, 14, [14 13], [12 12], [33.102844 33.19966 ], 2
2, 11, [11], [2], [33.108513], 1
1, 14, [14], [1], [33.15668], 1
4, 2, [2], [4], [33.144768], 1
10, 13, [13], [10], [33.196644], 1
9, 11, [11], [9], [33.104385], 1
1, 7, [7], [1], [33.1432], 1
13, 7, [7], [13], [33.155807], 1
6, 5, [5 8], [6 6], [32.91828 33.12691], 2
5, 14, [14], [5], [33.156155], 1
7, 9, [ 9  2 13  7  8], [7 7 7 5 7], [22.123672 15.123283 10.002817  8.066381 33.2004  ], 5
8, 15, [15  2], [4 8], [-10.057102  33.139496], 2
13, 3, [3], [13], [33.035408], 1
2, 11, [11], [2], [33.10847], 1
7, 16, [16 11 10 16  6], [0 7 0 0 7], [-25.516422    7.2596755  -3.1182327   8.007821   33.134727 ], 5
11, 6, [6], [11], [33.14653], 1
0, 2, [2], [0], [33.143703], 1
3, 4, [4 6], [7 3], [-10.06954  33.14634], 2
1, 6, [6], [1], [33.145172], 1
13, 9, [9], [13], [33.04563], 1
11, 3, [3 2], [11 11], [32.90796  33.123566], 2

3, 4, [4 1 8], [5 6 3], [-20.377338  15.965614  33.186787], 3
1, 5, [5], [1], [33.043907], 1
2, 3, [ 3 11], [6 2], [-10.0888   33.10828], 2
0, 3, [ 3  8 14], [6 0 0], [-12.5276165  29.043863   33.154865 ], 3
0, 12, [12 15  7], [0 0 0], [30.421017 28.962017 33.143692], 3
14, 13, [13 14  8  6  1 16 10], [12 12 12 12 14 14 12], [-40.17691  -17.28852  -22.418365 -24.377926 -21.03862  -30.20992
 -38.904434], 7
9, 4, [4], [9], [33.037483], 1
6, 14, [14  8], [6 6], [33.019382 33.1268  ], 2
7, 14, [14  8], [5 7], [-9.917101 33.199757], 2
1, 7, [7], [1], [33.14319], 1
1, 7, [7], [1], [33.14319], 1
4, 14, [14], [4], [33.14929], 1
11, 3, [3], [11], [33.033848], 1
4, 11, [11], [4], [33.12781], 1
7, 2, [2 8], [5 7], [-9.946419 33.19614 ], 2
14, 8, [ 8  6 14  8  6 13], [12 12 12 12 12 14], [-36.89826  -11.827937 -13.439163  -9.311403   4.150156  33.19099 ], 6
8, 8, [ 8 14], [8 8], [33.05185  33.167477], 2
10, 5, [5], [10], [33.035484], 1
7, 7, [7], [7], [33.147297], 1
8, 14, [14], [8], [33.165195], 1
9, 4, [4], [9], [33.03749], 1
6, 1, [ 1 10 14  1 11], [5 6 2 5 6], [-25.618557    7.2154093  -3.104628    7.9287195  33.123745 ], 5
9, 6, [ 6 13], [3 9], [-9.959738 33.15571 ], 2
13, 12, [12], [13], [33.042465], 1
8, 9, [ 9 14], [4 8], [-10.044636  33.16809 ], 2
14, 7, [7 8 2], [12 14 14], [-12.354849  29.140581  33.269794], 3
9, 8, [8], [9], [33.222946], 1
9, 5, [5], [9], [33.033737], 1
8, 7, [ 7 14], [8 8], [33.05405  33.167442], 2
7, 1, [ 1 14 13], [6 7 7], [-12.503319  29.071632  33.16821 ], 3
7, 11, [11], [7], [33.141014], 1
13, 3, [3], [13], [33.035416], 1

14, 14, [14 16], [12 14], [-9.968967 33.13748 ], 2
13, 16, [16], [13], [33.124073], 1
3, 3, [3 8], [6 3], [-10.041973  33.186638], 2
10, 1, [1], [10], [33.037075], 1
3, 13, [13], [3], [33.153774], 1
4, 15, [15  7], [4 4], [32.94707  33.146152], 2
1, 10, [10], [1], [33.07586], 1
8, 3, [3 6], [8 8], [32.90689  33.113403], 2
7, 15, [15  6  8  6 15  3 11], [2 5 7 5 7 7 7], [-32.29581     -3.9519536   -0.17267513  -8.935657     4.8538966
  12.932772    33.142918  ], 7
8, 2, [2], [8], [33.13961], 1
3, 3, [ 3 14], [3 3], [32.940334 33.157135], 2
14, 2, [2], [14], [33.2771], 1
3, 13, [13], [3], [33.153778], 1
2, 3, [3 8], [6 2], [-10.063858  33.149796], 2
0, 13, [13], [0], [33.153572], 1
12, 16, [16], [12], [33.12619], 1
7, 3, [ 3 13  7], [6 7 7], [-12.5215435  29.053793   33.147205 ], 3
3, 1, [ 1 13], [6 3], [-10.053587  33.153538], 2
10, 13, [13], [10], [33.196377], 1
0, 15, [15  8], [5 0], [-10.029274  33.15137 ], 2
9, 11, [11], [9], [33.104515], 1
2, 16, [16  7], [2 2], [33.00097  33.143368], 2
14, 16, [16], [14], [33.13693], 1
6, 15, [15  8], [5 6], [-10.057232  33.12667 ], 2
8, 13, [13], [8], [33.16552], 1
1, 4, [4], [1], [33.04227], 1
11, 16, [16], [11], [33.188454], 1
3, 12, [12 13], [0 3], [-10.064405  33.153473], 2
5, 1, [ 1 16], [2 5], [-10.084492  33.10607 ], 2
14, 1, [ 1  6 11 13  2], [12 12 12 14 14], [-30.476336   -0.8697977   4.812694   21.161942   33.284492 ], 5
7, 3, [3 7], [6 7], [-10.065479  33.14733 ], 2
12, 4, [4 2], [12 12], [32.93585  33.145832], 2

11, 5, [5], [11], [33.036064], 1
12, 4, [4 6], [12 12], [32.990868 33.240852], 2
2, 3, [ 3 16], [6 2], [-10.08906   33.107605], 2
5, 15, [15], [5], [33.07213], 1
10, 7, [7], [10], [33.12796], 1
1, 12, [12], [1], [33.043808], 1
8, 4, [ 4 11], [4 8], [-10.0524025  33.17438  ], 2
14, 7, [ 7  6  5 14 13 15 13], [12 12 14 12 12 12 12], [-38.23074  -13.994234 -17.037247 -36.873783 -41.72723  -43.205147
 -38.804142], 7
12, 16, [16], [12], [33.126183], 1
5, 1, [ 1  9 11 12  7], [6 5 5 6 5], [-20.962872  14.974373   9.871752   7.93153   33.14522 ], 5
14, 15, [15 13], [12 14], [-10.014404  33.190987], 2
5, 16, [16  6], [9 5], [-9.963743 33.176254], 2
6, 6, [6 7], [2 6], [-9.965906 33.145123], 2
1, 8, [8], [1], [33.149784], 1
5, 16, [16  8], [9 5], [-9.98184  33.150074], 2
2, 14, [14], [2], [33.1373], 1
6, 5, [ 5  3 14  2 14  8], [6 6 6 6 6 6], [22.774427 16.220234 11.95669  11.356952 17.018764 33.127075], 6
3, 4, [4 8], [5 3], [-10.044605  33.186726], 2
10, 8, [8], [10], [33.134445], 1
5, 10, [10 11 12 11 15], [6 6 6 6 5], [-33.400818   -5.797263   -3.1831713   7.9546175  33.06996  ], 5
3, 7, [7], [3], [33.143356], 1
2, 2, [2], [2], [33.141018], 1
10, 14, [14], [10], [33.076027], 1
8, 7, [7], [8], [33.15634], 1
9, 4, [4 6], [11  9], [-10.024147  33.23114 ], 2
4, 14, [14  6 13], [4 4 4], [30.563263 29.019192 33.15342 ], 3
14, 6, [ 6 16  6 13], [12 12 12 14], [-27.71255     3.4211187  12.149233   33.190754 ], 4
14, 14, [14], [14], [33.262383], 1
3, 1, [1 7], [6 3], [-10.06098  33.14274], 2
11, 2, [ 2 13], [10 11], [-9.976469 33.169327], 2
5, 3, [ 3  1 14  8], [6 5 5 5], [-15.504317  24.082445  25.050587  33.150017], 4
13, 12, [12], [13], [33.042465], 1

10, 14, [14], [10], [33.07771], 1
1, 10, [10], [1], [33.07585], 1
10, 1, [1], [10], [33.037094], 1
13, 1, [1], [13], [33.037823], 1
12, 16, [16], [12], [33.12623], 1
4, 6, [ 6 13], [4 4], [33.025818 33.154408], 2
0, 6, [6], [0], [33.144535], 1
8, 1, [ 1 15 11], [8 4 8], [22.6224   15.966436 33.178726], 3
6, 7, [7], [6], [33.145226], 1
1, 15, [15], [1], [33.064384], 1
6, 11, [11], [6], [33.12398], 1
0, 2, [2], [0], [33.143295], 1
10, 6, [6], [10], [33.18902], 1
0, 14, [14], [0], [33.153923], 1
6, 13, [13], [6], [33.15804], 1
3, 4, [4 8], [5 3], [-10.044991  33.18637 ], 2
7, 13, [13  8  1  8 15 11], [7 5 2 5 2 7], [  5.9551835 -12.018945  -13.626116   -9.464826    3.9636393  33.151524 ], 6
10, 8, [8], [10], [33.13457], 1
0, 8, [ 8 13], [0 0], [33.041653 33.15174 ], 2
8, 10, [10  3 11], [4 8 8], [-12.545849  28.943218  33.17506 ], 3
14, 12, [12  2], [12 14], [-9.969505 33.27523 ], 2
9, 9, [9], [9], [33.04501], 1
3, 9, [9 6], [7 3], [-10.061338  33.146545], 2
6, 9, [ 9 10 14 13], [7 6 6 6], [-15.489949  24.097275  25.033506  33.15168 ], 4
13, 2, [2], [13], [33.16765], 1
12, 8, [8], [12], [33.21054], 1
7, 4, [ 4 15  1  8], [7 5 6 7], [15.000402   3.2625449 11.972385  33.199608 ], 4
0, 4, [ 4  8 16], [5 0 0], [-12.540373  29.027328  33.126186], 3
2, 5, [5], [2], [33.04225], 1
2, 10, [10 11], [5 2], [-10.057722  33.108284], 2
0, 6, [6], [0], [33.144676], 1
0, 13, [13], [0], [33.152958], 1

12, 15, [15 10], [13 12], [-10.11235   33.062103], 2
13, 9, [9], [13], [33.045628], 1
2, 12, [12 16], [0 2], [-10.091639  33.107548], 2
5, 13, [13], [5], [33.156044], 1
7, 15, [15 11 15  5 11  7  9], [2 5 7 7 5 5 7], [-35.002487   -8.460882   -7.6472845 -21.235542  -37.12728   -35.424614
 -25.95132  ], 7
7, 14, [14  2 14  6 16], [7 5 7 6 7], [14.455993   2.1335979 10.0029545  8.0452    33.162933 ], 5
6, 6, [ 6 15  8], [6 2 6], [22.712576 15.944576 33.126686], 3
10, 16, [16 14], [ 1 10], [-10.007469  33.075653], 2
7, 2, [2 8], [5 7], [-9.948795 33.198967], 2
5, 7, [7], [5], [33.14574], 1
1, 1, [1], [1], [33.050426], 1
3, 7, [7], [3], [33.14367], 1
13, 10, [10], [13], [33.070477], 1
14, 10, [10  7  6 13], [12 12 12 14], [-27.852959   3.450341  12.149233  33.190754], 4
12, 15, [15  8], [13 12], [-10.020149  33.21579 ], 2
13, 14, [14], [13], [33.166298], 1
0, 5, [ 5 16  8], [6 7 0], [-20.33847   16.032175  33.15205 ], 3
11, 15, [15], [11], [33.048183], 1
4, 3, [ 3 13], [8 4], [-10.07008   33.153423], 2
7, 5, [ 5 14  7  8], [6 7 5 7], [-20.113995  16.406315  12.059346  33.18872 ], 4
2, 8, [8], [2], [33.15057], 1
8, 6, [6], [8], [33.116016], 1
4, 13, [13], [4], [33.154263], 1
5, 13, [13 14 13  4  8], [5 5 5 5 5], [25.027672 19.78785  17.71561  20.933838 33.151257], 5
14, 9, [9 6], [ 5 14], [-10.051083  33.159348], 2
14, 12, [12  8  2], [14 12 14], [22.767979 16.169767 33.28259 ], 3
4, 14, [14], [4], [33.14875], 1
10, 9, [9], [10], [33.044044], 1
12, 6, [6], [12], [33.231525], 1
1, 6, [6], [1], [33.14515], 1
14, 2, [2], [14], [33.27572], 1
5, 11, [11 14  2], [7 5 5], [-12.43956   29.046371  33.141327], 3

12, 9, [9 2], [12 12], [32.938072 33.145832], 2
9, 15, [15], [9], [33.051506], 1
9, 7, [7], [9], [33.174828], 1
3, 8, [8], [3], [33.186058], 1
6, 15, [15 14  6 16], [7 6 6 6], [-15.4254465  24.149513   25.011656   33.10731  ], 4
13, 6, [6], [13], [33.226135], 1
11, 12, [12], [11], [33.037487], 1
10, 13, [13], [10], [33.196415], 1
9, 2, [2], [9], [33.12535], 1
4, 15, [15  2], [4 4], [32.94678  33.146126], 2
11, 10, [10], [11], [33.127743], 1
8, 6, [ 6 14], [4 8], [-9.970734 33.16809 ], 2
7, 9, [ 9  5  7 15  2  8], [5 6 5 5 5 7], [-37.19888  -12.086851 -13.548498  -9.490129   4.051262  33.199608], 6
11, 7, [7], [11], [33.13172], 1
7, 5, [ 5 15 13], [6 5 7], [-20.369005  15.981245  33.17022 ], 3
1, 1, [1], [1], [33.050426], 1
0, 2, [2], [0], [33.14327], 1
6, 8, [8], [6], [33.12861], 1
7, 15, [15  8], [5 7], [-10.002022  33.199623], 2
7, 14, [14  7  8], [7 5 7], [22.806314 16.059345 33.18872 ], 3
0, 6, [6], [0], [33.144688], 1
13, 5, [5], [13], [33.040833], 1
5, 3, [ 3 11  8], [5 5 5], [30.450603 29.001678 33.148075], 3
12, 13, [13], [12], [33.199623], 1
14, 3, [3 8 6 7 5], [ 7 12 12 12 14], [-33.28159    -5.5571938  -2.9426374   8.020191   33.09299  ], 5
3, 15, [15  5  8], [6 5 3], [-20.350124  15.954296  33.18651 ], 3
11, 11, [11  5], [11 11], [32.95312  33.035545], 2
12, 5, [5 6], [12 12], [32.983276 33.240852], 2
14, 13, [13], [14], [33.1904], 1
8, 8, [8], [8], [33.151707], 1
7, 11, [11  7 14], [7 5 7], [22.769718 16.0556   33.182903], 3
6, 14, [14  8], [6 6], [33.018593 33.126827], 2

3, 16, [16], [3], [33.114014], 1
7, 14, [14  8 15 14], [7 5 2 7], [15.18915    3.3514292 11.990729  33.196674 ], 4
8, 4, [ 4  8 16  7], [4 8 4 8], [-20.137228  16.366493  12.025221  33.155922], 4
7, 9, [ 9  8 13], [7 7 7], [30.505919 29.089325 33.168694], 3
2, 5, [5 6], [7 2], [-10.070816  33.144905], 2
3, 5, [5 6], [3 3], [32.93101  33.146637], 2
2, 13, [13], [2], [33.1509], 1
13, 2, [2], [13], [33.167633], 1
12, 11, [11], [12], [33.120262], 1
2, 7, [7], [2], [33.143337], 1
5, 3, [ 3  9 15], [6 2 5], [-20.415112  15.897233  33.072243], 3
5, 11, [11 14], [5 5], [32.99716  33.139618], 2
6, 12, [12  7], [6 6], [32.93067  33.145126], 2
8, 2, [2], [8], [33.13869], 1
6, 5, [5 7], [6 6], [32.929413 33.145126], 2
2, 6, [6], [2], [33.150223], 1
1, 9, [9], [1], [33.074806], 1
8, 11, [11], [8], [33.169064], 1
2, 1, [ 1 16], [6 2], [-10.078697  33.107536], 2
13, 11, [11], [13], [33.10638], 1
12, 12, [12], [12], [33.04377], 1
8, 14, [14], [8], [33.165016], 1
12, 7, [7], [12], [33.15143], 1
5, 12, [12 11 16], [6 6 5], [-20.370798  15.975714  33.10512 ], 3
7, 4, [ 4  8 14 13], [7 7 7 7], [27.582123 24.232353 25.073742 33.168884], 4
11, 8, [8], [11], [33.164867], 1
12, 11, [11], [12], [33.120316], 1
6, 10, [10 11], [6 6], [32.952118 33.123783], 2
1, 2, [2], [1], [33.147293], 1
6, 11, [11], [6], [33.12397], 1
0, 6, [6], [0], [33.14456], 1
10, 9, [9], [10], [33.04407], 1

7, 6, [ 6 13], [0 7], [-9.953678 33.168144], 2
13, 13, [13], [13], [33.18935], 1
0, 12, [12  8], [6 0], [-10.065645  33.152138], 2
1, 7, [7], [1], [33.14325], 1
13, 2, [2], [13], [33.16763], 1
3, 5, [ 5 14], [3 3], [32.93557  33.154617], 2
7, 8, [ 8  9  1  7 11], [7 7 5 5 7], [17.489027   7.1681967 -3.1357384  8.031865  33.142918 ], 5
12, 10, [10], [12], [33.08185], 1
2, 6, [6], [2], [33.14549], 1
9, 6, [6], [9], [33.228832], 1
3, 14, [14], [3], [33.154865], 1
6, 16, [16], [6], [33.107372], 1
10, 11, [11], [10], [33.126007], 1
12, 3, [3 6], [12 12], [32.978626 33.238533], 2
7, 11, [11 14  8], [5 5 7], [-20.221222  16.08548   33.20158 ], 3
13, 2, [2], [13], [33.167637], 1
14, 7, [ 7  3 14], [12 14 14], [-12.4195    29.025707  33.265526], 3
14, 2, [2], [14], [33.267754], 1
4, 15, [15  6  7], [4 4 4], [30.4716   29.021194 33.14691 ], 3
5, 9, [ 9 16], [5 5], [32.918125 33.10622 ], 2
11, 9, [9], [11], [33.046707], 1
2, 13, [13], [2], [33.150703], 1
8, 14, [14], [8], [33.165504], 1
14, 12, [12 11  8  2], [12 12 12 14], [-27.88655     3.4171584  12.168961   33.2947   ], 4
4, 1, [ 1 16  7], [8 8 4], [-20.336592  16.036463  33.14691 ], 3
9, 14, [14], [9], [33.095955], 1
8, 1, [1], [8], [33.04127], 1
0, 12, [12 13], [6 0], [-10.064522  33.153137], 2
8, 2, [2], [8], [33.138264], 1
6, 10, [10 14 13], [6 6 6], [30.497921 29.03387  33.151695], 3
9, 15, [15], [9], [33.050842], 1
6, 5, [5 8], [6 6], [32.918556 33.126995], 2

1, 2, [2], [1], [33.147324], 1
7, 1, [ 1 16], [6 7], [-10.053902  33.154655], 2
9, 3, [3 7], [9 9], [32.940487 33.176655], 2
9, 2, [2], [9], [33.124542], 1
1, 15, [15], [1], [33.06439], 1
11, 5, [ 5 10], [11 11], [32.91231 33.12794], 2
11, 4, [4], [11], [33.03705], 1
10, 11, [11], [10], [33.126106], 1
8, 5, [ 5 14], [8 8], [32.93972 33.16574], 2
7, 2, [ 2  1 11], [5 6 7], [-20.299208  15.940876  33.14261 ], 3
5, 15, [15  8], [9 5], [-10.053286  33.15005 ], 2
2, 6, [6], [2], [33.14589], 1
11, 16, [16], [11], [33.186607], 1
14, 15, [15  6 13], [12 12 14], [-20.243515  16.147287  33.18859 ], 3
1, 10, [10], [1], [33.075867], 1
2, 8, [8], [2], [33.149857], 1
7, 10, [10 13  4  8], [6 7 6 7], [-20.116524  16.342886  11.962362  33.194202], 4
0, 6, [6], [0], [33.1448], 1
4, 3, [ 3 14 13], [1 4 4], [-12.533188  29.042927  33.153484], 3
12, 1, [ 1 13], [12 12], [32.95727 33.19734], 2
5, 8, [8], [5], [33.14975], 1
14, 1, [1 2], [14 14], [33.034912 33.27507 ], 2
10, 2, [2], [10], [33.12124], 1
5, 15, [15 13 14  8], [6 5 5 5], [-15.415979  24.184505  25.049236  33.151257], 4
14, 8, [8 2], [12 14], [-9.83058  33.284492], 2
8, 3, [3 6], [8 8], [32.904278 33.109863], 2
12, 10, [10], [12], [33.081127], 1
7, 8, [8], [7], [33.195], 1
12, 2, [2], [12], [33.140575], 1
11, 6, [6], [11], [33.14483], 1
13, 16, [16], [13], [33.124073], 1
13, 4, [4], [13], [33.04564], 1

1, 11, [11], [1], [33.107574], 1
5, 3, [ 3 14], [5 5], [32.93814  33.146957], 2
10, 6, [6], [10], [33.18874], 1
5, 9, [9 6], [5 5], [32.953415 33.17015 ], 2
7, 8, [8], [7], [33.194004], 1
12, 2, [2], [12], [33.138386], 1
4, 3, [ 3 10  9 10 13], [8 4 8 4 4], [-22.842005  11.866931   4.63795   20.976643  33.154137], 5
9, 14, [14], [9], [33.100952], 1
9, 13, [13], [9], [33.155827], 1
12, 8, [8], [12], [33.20847], 1
9, 10, [10], [9], [33.086987], 1
5, 2, [ 2 11], [5 5], [33.00521 33.11011], 2
1, 8, [8], [1], [33.149788], 1
3, 16, [16], [3], [33.115517], 1
7, 14, [14], [7], [33.18392], 1
6, 3, [3 6], [6 6], [32.931797 33.142925], 2
6, 11, [11], [6], [33.12416], 1
0, 13, [13], [0], [33.15291], 1
3, 11, [11], [3], [33.107224], 1
13, 13, [13], [13], [33.189354], 1
10, 6, [6 2], [10 10], [33.07339  33.120636], 2
6, 12, [12  3 14 15  6], [6 6 2 6 6], [20.167402 11.872877  4.711101 20.954933 33.143105], 5
10, 1, [1], [10], [33.03702], 1
5, 16, [16 12 11], [9 5 5], [-12.523798  28.909664  33.1102  ], 3
5, 9, [ 9 16], [5 5], [32.918842 33.107903], 2
10, 9, [9], [10], [33.044125], 1
1, 13, [13], [1], [33.15319], 1
3, 5, [ 5 14], [3 3], [32.93685  33.156113], 2
12, 9, [ 9 15  2], [12 13 12], [22.605947 15.925496 33.1252  ], 3
4, 15, [15], [4], [33.062466], 1
2, 13, [13], [2], [33.15073], 1
6, 8, [8], [6], [33.127327], 1

8, 2, [ 2 11], [8 8], [33.04554  33.173862], 2
9, 6, [6], [9], [33.22605], 1
14, 13, [13], [14], [33.188232], 1
2, 2, [2], [2], [33.141357], 1
9, 10, [10], [9], [33.089005], 1
0, 4, [ 4 13], [7 0], [-10.0649395  33.153503 ], 2
11, 16, [16], [11], [33.18856], 1
4, 8, [8], [4], [33.150936], 1
3, 8, [8], [3], [33.185738], 1
2, 2, [2], [2], [33.14116], 1
0, 3, [ 3 14 16 13], [6 0 7 0], [-20.129303  16.37383   12.034718  33.152992], 4
2, 1, [ 1 14], [6 2], [-10.06324  33.13746], 2
11, 12, [12], [11], [33.037598], 1
6, 6, [6], [6], [33.141975], 1
8, 8, [8], [8], [33.15177], 1
1, 14, [14], [1], [33.156677], 1
0, 4, [4 2], [6 0], [-10.068659  33.144012], 2
8, 9, [9 7], [4 8], [-10.053799  33.15642 ], 2
6, 11, [11], [6], [33.123917], 1
8, 9, [9 2], [4 8], [-10.064154  33.138596], 2
8, 16, [16  4  8 14], [4 4 8 8], [-23.223944  11.073984  25.051847  33.167477], 4
12, 12, [12], [12], [33.044144], 1
3, 16, [16], [3], [33.11694], 1
11, 13, [13], [11], [33.161156], 1
11, 5, [5], [11], [33.035797], 1
10, 16, [16], [10], [33.16784], 1
2, 14, [14], [2], [33.13724], 1
8, 14, [14], [8], [33.166145], 1
2, 1, [1 7], [6 2], [-10.059919  33.14336 ], 2
4, 12, [12  7], [8 4], [-10.067965  33.14619 ], 2
8, 9, [ 9 16 13], [4 8 8], [-12.514975  29.053856  33.164192], 3
5, 13, [13], [5], [33.15571], 1

10, 16, [16  1], [ 0 10], [-10.032843  33.036697], 2
7, 2, [ 2 14], [5 7], [-9.95536  33.185528], 2
12, 14, [14  2], [12 12], [33.009262 33.13905 ], 2
0, 8, [8], [0], [33.149487], 1
5, 8, [8], [5], [33.15095], 1
8, 8, [8], [8], [33.15158], 1
3, 7, [7], [3], [33.14333], 1
6, 5, [5 7], [6 6], [32.92961  33.145126], 2
1, 5, [5], [1], [33.043907], 1
5, 9, [ 9 11], [5 5], [32.918648 33.108475], 2
5, 9, [ 9 14  7], [5 5 5], [30.48197  29.04581  33.145546], 3
14, 15, [15 13  2], [12 12 14], [-20.222462  16.17268   33.2947  ], 3
14, 15, [15 16  4  8 10  2], [12 12 12 14 12 14], [-34.33695    -7.338543   -5.783536    3.6020727   4.038949   33.269794 ], 6
7, 5, [ 5 10 12 13], [0 6 0 7], [-28.010881    3.2443492  11.944454   33.168144 ], 4
13, 4, [4], [13], [33.04564], 1
5, 2, [2 7], [5 5], [33.019833 33.14559 ], 2
1, 11, [11], [1], [33.107628], 1
11, 13, [13], [11], [33.163128], 1
6, 3, [ 3 11], [6 6], [32.920403 33.12375 ], 2
7, 15, [15 14  8], [5 7 7], [-12.471951  29.090637  33.1959  ], 3
13, 5, [5], [13], [33.040833], 1
9, 9, [9], [9], [33.04509], 1
13, 16, [16], [13], [33.124123], 1
5, 7, [7], [5], [33.145695], 1
3, 10, [10  6], [3 3], [32.963158 33.146614], 2
7, 5, [5 8], [6 7], [-10.042305  33.192436], 2
9, 2, [2], [9], [33.124573], 1
11, 16, [16], [11], [33.187107], 1
0, 10, [10 13], [6 0], [-10.031048  33.15295 ], 2
7, 4, [ 4 13  8 14  8  7], [5 7 5 7 5 7], [-26.50163     5.758601   -5.679915    3.6056008   4.045514   33.147537 ], 6
11, 14, [14], [11], [33.07068], 1
2, 12, [12 13], [6 2], [-10.06584  33.15035], 2

7, 1, [ 1 10  7 14  7 16], [6 5 5 7 5 7], [-34.350784   -7.3379374  -5.692572    3.6030807   4.043782   33.16367  ], 6
4, 8, [8], [4], [33.150856], 1
13, 6, [6], [13], [33.22749], 1
1, 12, [12], [1], [33.043808], 1
0, 3, [ 3 13], [6 0], [-10.061598  33.15258 ], 2
6, 11, [11], [6], [33.123875], 1
10, 14, [14], [10], [33.07802], 1
12, 7, [7], [12], [33.15298], 1
2, 13, [13], [2], [33.15056], 1
5, 1, [1 8], [9 5], [-10.066317  33.150093], 2
6, 11, [11], [6], [33.133812], 1
13, 15, [15], [13], [33.05118], 1
8, 7, [7], [8], [33.15709], 1
8, 15, [15  8], [4 8], [-10.0515785  33.151863 ], 2
7, 10, [10 14 15  8], [5 7 5 7], [-20.097296   16.375162   11.9988785  33.199608 ], 4
9, 1, [ 1 11], [11  9], [-10.101049  33.104736], 2
10, 16, [16  6], [10 10], [33.0569   33.189194], 2
2, 13, [13], [2], [33.15064], 1
14, 7, [ 7 10  2], [12 12 14], [-20.189457  16.064434  33.281616], 3
5, 7, [7], [5], [33.14583], 1
0, 14, [14  8], [0 0], [33.043724 33.151207], 2
12, 13, [13], [12], [33.199554], 1
14, 4, [ 4 13], [12 14], [-10.037132  33.18854 ], 2
6, 7, [ 7 14], [6 6], [33.03587  33.142563], 2
7, 10, [10 14  8  4 11  7], [6 7 5 5 7 7], [-27.616095    3.8442135  -8.890131   -1.745204   17.019516   33.14759  ], 6
6, 10, [10 14  3  8], [6 2 6 6], [19.73263  11.091772 24.92272  33.126953], 4
11, 1, [1 2], [11 11], [32.91029 33.1236 ], 2
6, 9, [ 9 15 13], [5 6 6], [-12.567705  28.966158  33.151703], 3
4, 12, [12  1 11  7], [8 8 4 4], [-23.321075  11.057516  25.02475   33.146744], 4
4, 7, [7], [4], [33.146805], 1
7, 5, [ 5 14], [6 7], [-10.046698  33.184685], 2
10, 9, [9], [10], [33.044323], 1

9, 14, [14], [9], [33.107292], 1
7, 7, [ 7 15 13], [5 5 7], [-20.260536  15.989346  33.16912 ], 3
0, 16, [16  6], [0 0], [33.028805 33.143394], 2
11, 6, [6], [11], [33.146862], 1
3, 12, [12  7], [0 3], [-10.070753  33.142696], 2
14, 5, [ 5  6 10], [ 5 12 14], [-20.272375  16.128275  33.16693 ], 3
11, 4, [4], [11], [33.037125], 1
0, 7, [7], [0], [33.143787], 1
13, 15, [15], [13], [33.051186], 1
9, 3, [3], [9], [33.034985], 1
11, 8, [8], [11], [33.161945], 1
9, 3, [3], [9], [33.03468], 1
9, 11, [11], [9], [33.1042], 1
3, 8, [8 6], [3 3], [33.0614  33.14663], 2
12, 4, [ 4 16], [13 12], [-10.077841  33.126232], 2
4, 5, [ 5 10 15 10  7], [8 8 8 8 4], [-33.44173    -5.8013587  -3.1560655   7.9806128  33.14722  ], 5
14, 4, [4 2], [12 14], [-9.984848 33.27523 ], 2
1, 2, [2], [1], [33.14731], 1
4, 16, [16  1 11  7], [4 8 4 4], [19.760828 11.057744 25.025179 33.146744], 4
10, 12, [12], [10], [33.038822], 1
8, 16, [16], [8], [33.1596], 1
13, 16, [16], [13], [33.12407], 1
12, 11, [11], [12], [33.120335], 1
3, 14, [14], [3], [33.15711], 1
2, 16, [16  8], [2 2], [33.00215 33.14968], 2
6, 16, [16], [6], [33.10727], 1
6, 10, [10  8], [6 6], [32.953823 33.126717], 2
0, 15, [15  7], [0 0], [32.96492  33.143684], 2
14, 13, [13 14 10], [12 12 14], [-20.166512  16.062717  33.16693 ], 3
5, 14, [14 16], [5 5], [33.024254 33.106125], 2
14, 9, [ 9 16], [ 5 14], [-10.0639515  33.138    ], 2
5, 16, [16], [5], [33.110092], 1

2, 6, [6], [2], [33.146126], 1
0, 2, [2], [0], [33.143394], 1
9, 10, [10], [9], [33.087082], 1
5, 16, [16], [5], [33.106327], 1
13, 12, [12], [13], [33.042465], 1
6, 2, [ 2 14 13], [6 6 6], [30.565893 29.033665 33.15191 ], 3
8, 1, [1], [8], [33.0412], 1
1, 5, [5], [1], [33.043907], 1
6, 10, [10  6  8], [6 6 6], [30.49183  29.023514 33.127075], 3
4, 16, [16 11  1  8], [4 4 8 4], [22.915125 16.296597 11.933153 33.15081 ], 4
13, 3, [3], [13], [33.035408], 1
5, 3, [ 3 14 13 16], [6 5 5 5], [-15.451486  24.16985   25.018942  33.106056], 4
4, 9, [ 9  6  5 15], [4 4 8 4], [22.80639  16.253962 11.876768 33.062355], 4
7, 3, [ 3 16 13], [7 7 7], [30.473623 29.04598  33.168526], 3
3, 12, [12 16], [0 3], [-10.08779   33.113647], 2
14, 1, [1 3 6 5], [ 5 12 12 14], [-27.968065   3.298774  12.091694  33.09355 ], 4
1, 4, [4], [1], [33.04227], 1
2, 4, [4 8], [6 2], [-10.064432  33.14965 ], 2
11, 10, [10], [11], [33.127354], 1
6, 9, [9 7], [5 6], [-10.060965  33.144882], 2
5, 13, [13], [5], [33.15668], 1
9, 1, [1], [9], [33.03484], 1
12, 14, [14  6], [13 12], [-9.91748  33.247215], 2
1, 12, [12], [1], [33.043808], 1
2, 7, [7], [2], [33.14334], 1
0, 11, [11], [0], [33.10845], 1
12, 12, [12  6], [12 12], [33.020187 33.242836], 2
12, 2, [2], [12], [33.138912], 1
12, 7, [7], [12], [33.15133], 1
10, 14, [14], [10], [33.076283], 1
8, 14, [14], [8], [33.16332], 1
3, 15, [15 11], [7 3], [-10.05328  33.10706], 2

7, 16, [16], [7], [33.155357], 1
14, 12, [12  8  6  7 13], [ 7 14 12 12 14], [-25.483812    7.426698   -2.9200087   8.075354   33.190754 ], 5
6, 7, [7 6], [8 6], [-9.9674225 33.141533 ], 2
2, 10, [10  8], [6 2], [-10.032785  33.149704], 2
1, 5, [5], [1], [33.043907], 1
1, 9, [9], [1], [33.074707], 1
9, 2, [2], [9], [33.125397], 1
4, 13, [13], [4], [33.154602], 1
1, 11, [11], [1], [33.107628], 1
2, 9, [ 9 11], [5 2], [-10.08115   33.108322], 2
13, 3, [3], [13], [33.035305], 1
11, 11, [11], [11], [33.134727], 1
5, 12, [12  8], [6 5], [-10.066671  33.15006 ], 2
14, 13, [13 10 13  2], [14 12 14 14], [19.894295 11.171747 25.161942 33.284492], 4
8, 1, [ 1  8 14], [8 8 8], [30.474081 29.051847 33.167477], 3
2, 2, [2], [2], [33.14119], 1
10, 7, [7], [10], [33.12796], 1
6, 1, [1 8], [6 6], [32.932175 33.126717], 2
14, 8, [ 8 14], [12 14], [-9.83997 33.26636], 2
10, 4, [4], [10], [33.04966], 1
6, 2, [2 8], [6 6], [33.021053 33.1268  ], 2
3, 16, [16], [3], [33.114628], 1
13, 9, [9], [13], [33.04563], 1
11, 8, [8], [11], [33.164967], 1
1, 10, [10], [1], [33.07585], 1
0, 13, [13], [0], [33.153885], 1
6, 2, [ 2 14 13], [6 2 6], [22.762575 16.029139 33.151665], 3
11, 10, [10], [11], [33.128536], 1
11, 15, [15  1], [ 9 11], [-10.127724  33.03628 ], 2
11, 12, [12], [11], [33.03915], 1
3, 11, [11], [3], [33.107197], 1
0, 9, [ 9  4 15 11], [5 7 3 0], [-28.020414    3.2105644  11.9460125  33.10798  ], 4

13, 2, [2], [13], [33.16763], 1
13, 12, [12], [13], [33.042465], 1
12, 5, [ 5 15  8], [12 13 12], [22.627548 15.979712 33.215782], 3
11, 7, [7], [11], [33.1295], 1
11, 9, [9], [11], [33.04642], 1
7, 12, [12 15 11  8], [6 5 7 7], [-23.287968  11.114751  25.059395  33.199986], 4
9, 14, [14], [9], [33.10222], 1
14, 16, [16  2], [12 14], [-9.903383 33.281616], 2
1, 15, [15], [1], [33.064384], 1
4, 11, [11 14 13], [4 4 4], [30.5573  29.0438  33.15342], 3
3, 9, [ 9 13], [5 3], [-10.054571  33.15349 ], 2
8, 3, [ 3 15  5], [8 8 8], [30.36398  28.87711  33.036266], 3
5, 4, [4 8], [5 5], [32.9327   33.149395], 2
5, 4, [4 8], [5 5], [32.934074 33.151314], 2
2, 7, [7 4], [2 2], [32.974155 33.04413 ], 2
8, 5, [ 5  4 10  2], [8 4 8 8], [19.656301 11.027755 24.974648 33.138596], 4
14, 3, [ 3 14], [ 5 14], [-9.962976 33.310143], 2
11, 1, [1], [11], [33.036396], 1
1, 15, [15], [1], [33.064392], 1
13, 8, [8], [13], [33.18254], 1
11, 16, [16], [11], [33.188705], 1
10, 2, [2], [10], [33.121246], 1
0, 9, [ 9 16  8], [7 0 0], [-12.530701  29.028162  33.15429 ], 3
13, 5, [5], [13], [33.040833], 1
8, 5, [ 5 13], [8 8], [32.93943  33.165245], 2
11, 12, [12], [11], [33.038765], 1
11, 2, [2], [11], [33.12393], 1
4, 6, [6 8 2], [4 8 4], [22.751534 16.038944 33.1461  ], 3
1, 3, [3], [1], [33.043976], 1
10, 9, [9], [10], [33.044064], 1
14, 14, [14  2], [12 14], [-9.874626 33.28105 ], 2
12, 16, [16], [12], [33.126198], 1

6, 12, [12  8], [6 6], [32.91984 33.12691], 2
6, 9, [ 9 13], [5 6], [-10.056124  33.151703], 2
5, 11, [11 15  8], [9 9 5], [-20.322372  15.946443  33.149338], 3
12, 9, [ 9 13], [12 12], [32.970184 33.19965 ], 2
0, 11, [11], [0], [33.108265], 1
5, 1, [ 1 15], [6 5], [-10.104538  33.07183 ], 2
6, 10, [10 16], [5 6], [-10.057697  33.106903], 2
14, 1, [1 2], [14 14], [33.041916 33.287384], 2
8, 12, [12  7], [4 8], [-10.061338  33.15642 ], 2
2, 8, [8], [2], [33.149956], 1
3, 5, [5 7], [3 3], [32.929367 33.14271 ], 2
9, 12, [12], [9], [33.04884], 1
9, 1, [1], [9], [33.034706], 1
10, 5, [5], [10], [33.03554], 1
1, 4, [4], [1], [33.04227], 1
1, 16, [16  5], [14  1], [-10.041107  33.043976], 2
8, 10, [10 14], [8 8], [32.99259 33.16644], 2
5, 4, [ 4 14  8], [5 5 5], [30.473764 29.050587 33.150017], 3
2, 9, [ 9 11], [5 2], [-10.0810795  33.108284 ], 2
11, 4, [4], [11], [33.037086], 1
4, 13, [13], [4], [33.156513], 1
4, 1, [ 1  3 16  7], [4 8 8 4], [15.00011   3.260405 12.037695 33.14722 ], 4
1, 8, [8], [1], [33.149776], 1
4, 5, [ 5  8 14], [8 4 4], [-12.536621  29.04004   33.14853 ], 3
1, 2, [2], [1], [33.147324], 1
2, 16, [16], [2], [33.112915], 1
3, 14, [14], [3], [33.157646], 1
9, 8, [8], [9], [33.218536], 1
4, 5, [5 7], [8 4], [-10.071976  33.14691 ], 2
7, 3, [ 3 11 16 14  8 10 11], [6 7 0 7 5 5 7], [-31.863663   -3.1837206 -20.523544  -21.084215  -37.106857  -35.44184
 -25.868805 ], 7
10, 10, [10], [10], [33.070103], 1
14, 5, [5 2], [14 14], [33.01687 33.26645], 2

8, 6, [6], [8], [33.112755], 1
2, 6, [6], [2], [33.146244], 1
11, 10, [10], [11], [33.12813], 1
5, 2, [2 8], [5 5], [33.029232 33.149208], 2
5, 6, [6], [5], [33.167347], 1
6, 9, [9 7], [2 6], [-10.058973  33.14513 ], 2
1, 5, [5], [1], [33.043907], 1
1, 16, [16], [1], [33.121334], 1
6, 15, [15  6], [6 6], [32.956215 33.142925], 2
4, 7, [7], [4], [33.146297], 1
7, 12, [12  6], [6 7], [-10.074741  33.13612 ], 2
2, 5, [ 5 14], [5 2], [-10.074842  33.13752 ], 2
7, 12, [12 11 14 16 13], [6 7 7 7 7], [-18.070301  19.810099  17.80201   21.048681  33.16874 ], 5
6, 9, [9 7], [5 6], [-10.059486  33.145126], 2
11, 2, [2], [11], [33.123756], 1
6, 16, [16], [6], [33.10849], 1
1, 12, [12], [1], [33.043808], 1
10, 11, [11], [10], [33.125717], 1
3, 15, [15 13], [3 3], [32.965538 33.153847], 2
8, 5, [ 5  1 13], [8 8 8], [30.401554 28.94065  33.16458 ], 3
4, 16, [16], [4], [33.124603], 1
11, 11, [11], [11], [33.13514], 1
9, 16, [16], [9], [33.136395], 1
4, 2, [2], [4], [33.146416], 1
0, 16, [16], [0], [33.116325], 1
13, 9, [9], [13], [33.04563], 1
6, 8, [8], [6], [33.126884], 1
4, 4, [ 4 14  8 16  4  7], [8 4 4 8 8 4], [-24.66262      8.823873    -0.54493713  -9.492962     3.9312048
  33.14691   ], 6
14, 6, [ 6 10 13], [12 12 14], [-20.160696  16.008617  33.18859 ], 3
11, 13, [13], [11], [33.164574], 1
7, 11, [11  8 13], [7 5 7], [22.76482  16.057356 33.167458], 3
0, 15, [15  6], [6 0], [-10.040482  33.14433 ], 2

3, 8, [8], [3], [33.186142], 1
1, 15, [15], [1], [33.0644], 1
2, 14, [14], [2], [33.137672], 1
3, 2, [2], [3], [33.14143], 1
1, 10, [10], [1], [33.07589], 1
3, 8, [8], [3], [33.185642], 1
9, 16, [16], [9], [33.146667], 1
4, 11, [11 13], [4 4], [33.027985 33.154137], 2
14, 6, [6 9], [12 14], [-9.907459 33.107376], 2
8, 15, [15  7], [4 8], [-10.047188  33.155922], 2
2, 11, [11], [2], [33.1085], 1
6, 12, [12 14 16], [6 2 6], [22.645792 16.003876 33.106903], 3
3, 1, [1 8], [6 3], [-10.033087  33.18651 ], 2
13, 16, [16], [13], [33.12406], 1
1, 9, [9], [1], [33.07479], 1
1, 7, [7], [1], [33.143196], 1
6, 5, [ 5 16], [2 6], [-10.093409  33.10689 ], 2
1, 14, [14], [1], [33.156677], 1
4, 13, [13], [4], [33.15406], 1
12, 1, [1 2], [12 12], [32.91385 33.1274 ], 2
1, 13, [13], [1], [33.15319], 1
3, 11, [11], [3], [33.106934], 1
12, 3, [3 6], [12 12], [32.979736 33.24044 ], 2
7, 4, [ 4 14  8], [5 5 7], [-20.307323  16.0829    33.199757], 3
3, 1, [ 1  8 11], [6 3 3], [-12.523973  29.03761   33.10697 ], 3
4, 8, [ 8 16  6 16 14], [4 4 4 4 4], [25.016329 19.77568  17.74028  21.02063  33.14853 ], 5
11, 2, [2 5], [11 11], [32.943832 33.03557 ], 2
9, 12, [12  2], [11  9], [-10.083742  33.124344], 2
3, 3, [3 7], [6 3], [-10.068085  33.14274 ], 2
10, 15, [15], [10], [33.048897], 1
13, 1, [1], [13], [33.037823], 1
7, 9, [ 9 14 15  8], [5 7 5 7], [-20.126005  16.367626  11.991743  33.1959  ], 4

2, 12, [12 14], [6 2], [-10.07407   33.137444], 2
0, 1, [ 1 13], [6 0], [-10.056261  33.15295 ], 2
6, 13, [13], [6], [33.161667], 1
7, 13, [13  2 14], [7 5 7], [22.792253 16.04464  33.185528], 3
2, 9, [ 9 16], [7 2], [-10.083637  33.107582], 2
7, 6, [ 6  2 14 13], [5 7 7 7], [-15.341369  24.172218  25.075968  33.16869 ], 4
7, 10, [10 14], [6 7], [-10.013351  33.181618], 2
4, 1, [ 1 13], [4 4], [32.936123 33.154137], 2
0, 15, [15 11], [0 0], [32.940685 33.108135], 2
14, 9, [9 8], [ 5 14], [-10.057205  33.146194], 2
3, 9, [ 9 14], [5 3], [-10.052912  33.156887], 2
12, 12, [12], [12], [33.057194], 1
13, 7, [7], [13], [33.155807], 1
8, 6, [6], [8], [33.109886], 1
6, 16, [16], [6], [33.107273], 1
7, 10, [10 14 12 16], [6 7 6 7], [-20.121815   16.334955   11.9404125  33.162693 ], 4
7, 2, [ 2 16], [7 7], [33.018105 33.16085 ], 2
9, 2, [2], [9], [33.124443], 1
8, 4, [ 4  3 16  7], [4 8 8 8], [-15.519356  24.062798  25.040731  33.15689 ], 4
4, 12, [12 14 13], [8 4 4], [-12.53035  29.0438   33.15342], 3
11, 1, [1], [11], [33.036404], 1
9, 1, [1], [9], [33.03489], 1
3, 16, [16], [3], [33.114113], 1
14, 10, [10  2], [10 14], [-9.912827 33.323875], 2
4, 15, [15  2], [8 4], [-10.056608  33.146374], 2
3, 11, [11], [3], [33.10707], 1
8, 1, [ 1 15], [6 8], [-10.121349  33.04826 ], 2
12, 6, [6], [12], [33.237], 1
0, 8, [8], [0], [33.152107], 1
8, 12, [12], [8], [33.040405], 1
6, 15, [15  5  8], [6 6 6], [30.424013 28.918556 33.126995], 3
4, 15, [15  2], [8 4], [-10.058466  33.14627 ], 2

0, 7, [7], [0], [33.143776], 1
5, 12, [12 14], [6 5], [-10.066748  33.1494  ], 2
14, 11, [11 16 11  6  7 13], [12 12 12 12 12 14], [-37.058273 -11.956369 -13.473358  -9.314844   4.085038  33.18859 ], 6
12, 6, [6], [12], [33.23841], 1
0, 8, [8 7], [0 0], [33.037086 33.143574], 2
5, 6, [6], [5], [33.172195], 1
12, 3, [3 6], [12 12], [32.980156 33.240852], 2
10, 1, [1], [10], [33.03692], 1
14, 2, [2], [14], [33.26523], 1
6, 2, [ 2  3 14  7], [6 6 6 6], [27.584175 24.063976 25.02993  33.145126], 4
3, 11, [11], [3], [33.107254], 1
6, 14, [14  8], [6 6], [33.01934 33.12748], 2
3, 5, [ 5  2 14], [3 6 3], [22.670162 16.037678 33.156937], 3
14, 1, [ 1 11  1], [ 5 12 14], [-20.36507   15.972743  33.094585], 3
12, 14, [14  6], [12 12], [33.066803 33.23713 ], 2
12, 7, [7], [12], [33.15666], 1
0, 5, [5 8], [0 0], [32.933666 33.15119 ], 2
8, 12, [12 14], [4 8], [-10.054604  33.167477], 2
7, 9, [ 9 14], [2 7], [-10.034983  33.184685], 2
1, 13, [13], [1], [33.153206], 1
0, 7, [7], [0], [33.143787], 1
4, 3, [3 1 9 7], [8 8 8 4], [-28.037752    3.2067943  11.940214   33.146744 ], 4
0, 12, [12  7], [0 0], [32.93005 33.14368], 2
0, 10, [10  8 16], [6 0 0], [-12.506601  29.027328  33.126186], 3
11, 14, [14], [11], [33.070206], 1
6, 13, [13], [6], [33.15191], 1
5, 4, [ 4 10  9 10  7], [5 6 7 6 5], [ 9.548861  -5.8236027 -3.169507   7.9654245 33.14554  ], 5
10, 11, [11], [10], [33.125877], 1
13, 8, [8], [13], [33.18213], 1
9, 10, [10], [9], [33.093544], 1
6, 3, [3 8], [6 6], [32.922504 33.12748 ], 2
6, 12, [12 13], [6 6], [32.934525 33.15191 ], 2

11, 13, [13], [11], [33.162437], 1
6, 2, [ 2 16], [6 6], [33.00951 33.1069 ], 2
11, 4, [4], [11], [33.037056], 1
4, 7, [7], [4], [33.1473], 1
1, 16, [16], [1], [33.12525], 1
8, 13, [13], [8], [33.164707], 1
13, 1, [1], [13], [33.037823], 1
13, 15, [15], [13], [33.05118], 1
13, 2, [2], [13], [33.167633], 1
5, 5, [ 5 14], [6 5], [-10.064014  33.156143], 2
10, 16, [16 14], [ 0 10], [-10.012127  33.07572 ], 2
4, 6, [ 6 13], [4 4], [33.02514  33.153484], 2
12, 3, [ 3 13], [12 12], [32.955315 33.19966 ], 2
12, 13, [13], [12], [33.19794], 1
10, 2, [2], [10], [33.12116], 1
0, 1, [ 1  5 13], [6 6 0], [-20.387657  15.933772  33.15258 ], 3
8, 12, [12  8], [8 8], [32.935165 33.151863], 2
13, 7, [7], [13], [33.155807], 1
11, 1, [1], [11], [33.0368], 1
12, 2, [2], [12], [33.14672], 1
11, 3, [3], [11], [33.03383], 1
3, 2, [ 2 14], [3 3], [33.035175 33.154617], 2
11, 7, [7], [11], [33.13334], 1
7, 7, [7 9 8], [5 7 7], [-12.472336  28.969208  33.2004  ], 3
5, 5, [5 8], [5 5], [32.932053 33.14931 ], 2
0, 8, [ 8 15  9  8  7], [0 0 5 0 0], [20.280785 11.883591  4.674804 21.03684  33.143684], 5
10, 8, [8], [10], [33.13534], 1
5, 2, [2], [5], [33.14289], 1
11, 13, [13], [11], [33.16346], 1
13, 10, [10], [13], [33.070477], 1
5, 4, [ 4 16], [5 5], [32.906803 33.106388], 2
5, 10, [10  5 16], [2 6 5], [-20.376213  15.905796  33.104885], 3

