alo_label, env_input, actions, alo_predicted, reward_actions, steps_search
----------------------train at epoch 1-----------------------------
5, 9, [9 3], [0 5], [-10.128483  33.043938], 2
4, 12, [12  9  5 10  2  4  1], [4 4 8 4 4 8 8], [ 12.089718   -1.5802479 -17.71265   -16.24619   -28.877058  -43.340775
 -38.961887 ], 7
12, 2, [2], [12], [33.125664], 1
5, 8, [8], [5], [33.1658], 1
13, 16, [16], [13], [33.121918], 1
11, 7, [7], [11], [33.130356], 1
4, 11, [11 16  4 14  9  6 11], [4 4 8 4 4 4 4], [ 13.88761     1.2352943 -13.175732   -8.686251  -16.384853  -22.387035
 -25.853565 ], 7
10, 11, [11  1], [ 5 10], [-10.056747  33.035038], 2
12, 1, [1], [12], [33.03574], 1
7, 3, [ 3 13], [2 7], [-10.0618515  33.16803  ], 2
4, 6, [ 6  2  4 12  6  8  2], [4 4 4 4 4 4 4], [ 18.526735     9.002165    -0.20873642  -8.740872   -16.297897
 -22.37222    -25.872593  ], 7
12, 2, [2], [12], [33.12584], 1
3, 11, [11], [3], [33.10694], 1
5, 3, [ 3 13], [5 5], [32.930733 33.148483], 2
5, 3, [ 3 12 16], [2 5 5], [-12.622412  28.900017  33.109776], 3
12, 1, [1], [12], [33.035744], 1
0, 12, [12 15 13], [3 0 0], [-12.590698  28.958662  33.14837 ], 3
13, 5, [5], [13], [33.039154], 1
9, 7, [7], [9], [33.18169], 1
5, 3, [ 3  4 11 10 16], [5 6 7 5 5], [12.353998  -1.1430063  4.703294  20.9379    33.11275  ], 5
5, 6, [6 8], [9 5], [-9.902479 33.165894], 2
0, 14, [14], [0], [33.130527], 1
11, 13, [13], [11], [33.163284], 1
9, 10, [10  7], [11  9], [-9.976446 33.181995], 2
7, 8, [ 8 13  2 15  4  1 14], [7 7 7 7 0 5 7], [ 15.933527    4.5731473  -7.6510787 -21.266705  -37.245995  -35.467182
 -25.84092  ], 7
12, 15, [15], [12], [33.04135], 1
5, 2, [ 2 14 13], [5 5 5], [30.530502 29.032583 33.14863 ], 3
2, 13, [13], [2], [33.14216], 1
0, 5, [ 5 13], [3 0], [-10.077467  33.147724], 2
1, 10, [10], [1], [33.068542], 1
13, 7, [7], [13], [33.159756], 1
9, 1, [1], [9], [33.03292], 1

9, 15, [15], [9], [33.044407], 1
10, 5, [5], [10], [33.034393], 1
13, 4, [4], [13], [33.041412], 1
4, 3, [ 3 16  2  5  2 10 13], [1 4 4 8 4 4 4], [-27.33509    4.382927  -7.929717 -21.761873 -16.328228 -22.42606
 -25.843506], 7
1, 2, [2], [1], [33.115593], 1
12, 13, [13], [12], [33.206642], 1
11, 5, [5], [11], [33.034767], 1
3, 13, [13], [3], [33.14534], 1
6, 16, [16], [6], [33.108963], 1
2, 3, [ 3 10  8], [2 3 2], [22.613075 15.959238 33.149433], 3
12, 1, [1], [12], [33.03576], 1
9, 9, [9], [9], [33.042175], 1
12, 12, [12], [12], [33.036224], 1
6, 14, [14], [6], [33.113113], 1
2, 7, [7], [2], [33.125576], 1
6, 8, [8], [6], [33.12654], 1
7, 4, [4 8], [0 7], [-10.049339  33.192642], 2
8, 2, [ 2  8 10  3 16  5 13], [4 4 4 8 4 4 4], [-40.229607 -17.261692 -22.35505  -24.058668 -41.821762 -43.270866
 -38.843506], 7
2, 12, [12 14], [3 2], [-10.100029  33.109688], 2
1, 14, [14], [1], [33.122383], 1
1, 6, [6], [1], [33.14451], 1
1, 8, [8], [1], [33.148746], 1
5, 8, [8 6], [9 5], [-9.910616 33.16445 ], 2
5, 6, [6 4 1], [5 7 5], [22.677471 15.856152 33.037907], 3
12, 15, [15], [12], [33.041363], 1
11, 9, [9], [11], [33.04459], 1
9, 3, [3], [9], [33.033302], 1
4, 5, [ 5  1 16 13  1 12 10], [1 4 4 4 4 4 4], [-24.577457     8.981322    -0.09466553  -8.725711   -16.470345
 -22.514107   -25.919952  ], 7
11, 5, [5], [11], [33.034966], 1
10, 2, [2], [10], [33.124073], 1
12, 11, [11], [12], [33.128742], 1
12, 1, [1], [12], [33.03574], 1

13, 16, [16], [13], [33.121933], 1
2, 9, [ 9 13], [0 2], [-10.069019  33.14196 ], 2
7, 13, [13 15 11  3 11  9 14], [7 2 5 2 5 5 0], [-4.1021347e-02 -2.2002520e+01 -3.0114841e+01 -3.7061821e+01
 -4.1836636e+01 -4.3264809e+01 -3.8847443e+01], 7
6, 15, [15  1 16], [6 2 6], [22.611269 15.908462 33.108894], 3
6, 6, [6], [6], [33.14524], 1
7, 12, [12  3  9 14 16], [3 2 7 7 7], [-25.9758     6.650018  17.687435  21.066444  33.15083 ], 5
7, 11, [11 14  3  5 13  4  7], [7 7 2 2 7 0 7], [ 10.05548   -5.138584 -23.82523  -26.442108 -24.127811 -35.483345
 -25.862724], 7
5, 14, [14], [5], [33.119305], 1
2, 1, [1 7], [3 2], [-10.082823  33.125504], 2
6, 3, [ 3 13], [3 6], [-10.076782  33.143085], 2
12, 3, [3], [12], [33.033382], 1
1, 14, [14 16], [4 1], [-9.983374 33.120224], 2
1, 6, [6], [1], [33.144566], 1
6, 15, [15  7], [6 6], [32.944557 33.1288  ], 2
0, 15, [15  7], [0 0], [32.94336  33.128597], 2
8, 6, [ 6 13 14  9  7  9  2], [4 4 4 4 4 4 4], [-43.010532 -21.89328  -30.082958 -37.046032 -41.822308 -43.276203
 -38.872593], 7
1, 15, [15], [1], [33.05617], 1
13, 8, [8], [13], [33.183006], 1
12, 11, [11], [12], [33.128746], 1
12, 2, [2], [12], [33.125633], 1
12, 12, [12], [12], [33.0362], 1
8, 2, [ 2 11 13 16 13 14  8], [4 4 4 4 4 4 4], [-42.979706 -21.84519  -29.986036 -36.90422  -41.742218 -43.16452
 -38.84864 ], 7
6, 5, [5 1 8], [2 6 6], [-12.609982  28.926445  33.126175], 3
0, 11, [11  6 14  5 15  3  1], [3 0 0 2 0 2 6], [-28.888578   1.665338 -12.459826 -29.326756 -28.934975 -43.335285
 -38.95665 ], 7
11, 9, [9], [11], [33.04438], 1
0, 8, [ 8 10  8 10 12  8  5], [0 5 0 5 3 0 3], [  5.6689396 -12.491291  -14.268702  -32.387356  -34.095478  -30.21604
 -38.966255 ], 7
0, 10, [10 13], [6 0], [-10.042353  33.14738 ], 2
6, 16, [16], [6], [33.108963], 1
7, 10, [10 13 15  8], [3 7 5 7], [-20.119495  16.351444  11.987732  33.19362 ], 4
8, 14, [14 11 12  4  8 12  3], [4 4 4 4 8 4 4], [-41.357502 -19.170273 -25.527842 -29.27618  -28.853374 -43.34149
 -38.965595], 7
2, 5, [ 5 15 13], [5 0 2], [-20.394558  15.951939  33.141964], 3
12, 4, [4], [12], [33.0394], 1

7, 6, [ 6  8 13 12 10  8 15], [5 7 0 5 7 7 0], [-32.467194  -4.369873 -22.59453  -24.58395  -21.03065  -30.170712
 -38.931396], 7
0, 2, [2], [0], [33.112427], 1
9, 1, [1], [9], [33.032845], 1
3, 5, [5 3 8], [3 3 3], [30.400795 28.945095 33.181377], 3
13, 8, [8], [13], [33.183094], 1
4, 7, [ 7  2  5  9 10  8 16], [4 4 4 4 4 4 4], [ 18.541304     8.996481    -0.21821022  -8.755745   -16.338478
 -22.364208   -25.859245  ], 7
5, 16, [16], [5], [33.116184], 1
3, 10, [10 11], [3 3], [32.93228  33.106644], 2
7, 14, [14  2  4  8  6], [7 5 0 5 7], [ 9.698759  -5.777272  -3.1463485  8.030948  33.131413 ], 5
1, 4, [4], [1], [33.032276], 1
3, 1, [ 1 15  3 16], [3 2 3 3], [19.643438 11.00297  24.905363 33.113846], 4
11, 2, [2], [11], [33.127018], 1
2, 9, [9 2], [6 2], [-10.087866  33.108917], 2
8, 13, [13 15 13  3 14 11  6], [4 4 4 8 4 4 4], [-40.22599  -17.304144 -22.25722  -24.022858 -41.76204  -43.17783
 -38.874565], 7
13, 12, [12], [13], [33.03952], 1
3, 1, [1], [3], [33.040817], 1
5, 13, [13], [5], [33.14893], 1
13, 1, [1], [13], [33.0363], 1
4, 3, [ 3 16  2 14  6  8 12], [8 4 4 4 4 4 8], [-25.110987    8.09108    -1.7494602 -11.461445  -21.010178  -30.22602
 -38.962265 ], 7
8, 6, [ 6 13  3  8 16  9 14], [4 4 8 4 4 4 4], [-38.34732  -14.12126  -17.129593 -36.93993  -41.81878  -43.26586
 -38.85534 ], 7
2, 8, [8], [2], [33.15619], 1
10, 10, [10], [10], [33.063183], 1
13, 2, [2], [13], [33.17155], 1
13, 1, [1], [13], [33.0363], 1
10, 2, [2], [10], [33.123875], 1
0, 15, [15 14], [0 0], [32.945957 33.130665], 2
12, 6, [6], [12], [33.254173], 1
7, 15, [15  8], [5 7], [-10.012268  33.19362 ], 2
7, 2, [ 2 13 16  9  8 13], [5 7 0 2 5 7], [-29.282475    1.0112562 -13.58053    -9.522994    4.0551233  33.171707 ], 6
6, 12, [12  1  4 14], [3 2 6 6], [-23.374693  10.984907  24.902626  33.113113], 4
11, 10, [10], [11], [33.12028], 1
2, 2, [2], [2], [33.10928], 1

8, 8, [ 8 10 16  2  6  5  2], [8 8 4 4 4 4 4], [  7.783372  -8.946448 -30.04794  -36.98113  -41.847557 -43.288322
 -38.872593], 7
9, 5, [5], [9], [33.0324], 1
4, 14, [14  5  3 10 16 13  8], [4 4 4 4 4 4 4], [ 18.502811    8.93025    -0.1749773  -8.682303  -16.27086   -22.352703
 -25.848663 ], 7
2, 1, [1 7], [2 2], [32.91854 33.12552], 2
0, 6, [6 4 5 4 3 2], [0 0 6 0 5 0], [16.424717   5.4723463 -5.9378643  3.3797233  3.9077625 33.112587 ], 6
4, 4, [ 4  9 14 13  3 11 16], [8 4 4 4 8 4 4], [-26.242802    6.202858   -4.7408075 -16.47578   -29.387125  -22.36911
 -25.859241 ], 7
5, 2, [2 9], [7 5], [-10.065472  33.043488], 2
7, 11, [11  2 16], [7 7 7], [30.536476 28.996956 33.149612], 3
8, 5, [ 5  3 14  2 14  4 13], [8 8 4 4 4 8 4], [  8.654644   -7.3007116 -27.225138  -32.283     -34.017345  -30.270014
 -38.843506 ], 7
1, 13, [13], [1], [33.144474], 1
7, 1, [ 1 15 10 16], [3 5 6 7], [-28.009785    3.2476656  11.960176   33.14914  ], 4
10, 3, [3], [10], [33.033062], 1
3, 10, [10  6], [3 3], [32.95731 33.14796], 2
0, 13, [13], [0], [33.147552], 1
9, 15, [15 16], [9 9], [32.92146 33.1296 ], 2
5, 10, [10  7  6], [3 5 5], [-12.510025  29.033447  33.16677 ], 3
1, 7, [7], [1], [33.12527], 1
2, 6, [6], [2], [33.150917], 1
7, 13, [13  8 14 13  9  4  6], [0 7 7 0 6 6 5], [-30.469305   -1.0359659 -17.025738  -36.99597   -41.913746  -43.267868
 -38.838158 ], 7
10, 15, [15  1], [11 10], [-10.13777  33.03456], 2
1, 16, [16], [1], [33.12023], 1
2, 9, [9 7], [6 2], [-10.077688  33.1255  ], 2
5, 15, [15 13 14], [3 5 5], [-12.51787   29.028965  33.12079 ], 3
4, 13, [13  2 13  7  6 11 16], [4 4 4 4 4 4 4], [ 1.8624290e+01  9.1129913e+00 -2.4025917e-02 -8.6342039e+00
 -1.6296030e+01 -2.2369108e+01 -2.5859238e+01], 7
8, 15, [15 16  5 16 13  7 12], [4 4 4 4 4 4 4], [-43.10947  -21.932762 -30.1225   -36.929558 -41.78382  -43.233864
 -38.962135], 7
0, 12, [12  1  8 10  5  7  2], [3 3 0 5 3 3 0], [-3.5127975e+01 -8.6035366e+00 -7.7429223e+00 -2.1511059e+01
 -1.5968313e+01 -3.4351349e-03  3.3112297e+01], 7
8, 13, [13  7  5 13  7 10 12], [4 4 8 4 4 8 4], [-37.313923 -12.450695 -14.323515 -32.264282 -34.034622 -30.296726
 -38.96215 ], 7
1, 7, [7], [1], [33.12522], 1
10, 12, [12], [10], [33.03438], 1
13, 10, [10], [13], [33.063507], 1
2, 4, [4], [2], [33.034355], 1
10, 14, [14], [10], [33.075436], 1

11, 16, [16], [11], [33.184395], 1
8, 10, [10  6  4  3 13 10 15], [4 4 4 4 4 4 4], [-43.115894 -21.993235 -30.197784 -37.056046 -41.817413 -43.28985
 -38.94982 ], 7
6, 15, [15 11], [6 6], [32.938145 33.119987], 2
3, 15, [15], [3], [33.05957], 1
11, 7, [7], [11], [33.1305], 1
10, 9, [9 8], [11 10], [-10.074762  33.13599 ], 2
12, 5, [5], [12], [33.035145], 1
1, 15, [15], [1], [33.056202], 1
9, 6, [6], [9], [33.231895], 1
0, 9, [ 9  4 15 16  3  7], [0 0 0 0 2 0], [21.04348   13.328219   7.155552   3.4750664  3.9153118 33.127747 ], 6
13, 15, [15], [13], [33.045372], 1
9, 4, [4], [9], [33.032597], 1
12, 6, [6], [12], [33.254482], 1
13, 3, [3], [13], [33.03463], 1
8, 10, [10  3  6  1 16 13  5], [8 8 4 4 4 4 4], [  7.665882  -9.023882 -30.097052 -37.03748  -41.792664 -43.222363
 -38.964764], 7
12, 6, [6], [12], [33.253788], 1
7, 15, [15  4 14  4 16], [7 0 5 0 7], [ 9.586692  -5.819686  -3.0911918  7.9237633 33.149353 ], 5
5, 6, [ 6 12  3], [5 3 5], [22.674103 15.860287 33.043514], 3
11, 15, [15], [11], [33.04134], 1
13, 9, [9], [13], [33.042507], 1
10, 14, [14], [10], [33.080727], 1
1, 2, [2], [1], [33.115593], 1
10, 13, [13], [10], [33.201107], 1
4, 11, [11  4 15  7  5  4  8], [4 8 4 4 8 8 4], [  8.005868  -8.56761   -7.673282 -21.205772 -37.248642 -35.47284
 -25.848663], 7
12, 9, [9 7], [12 12], [32.930084 33.144592], 2
9, 13, [13], [9], [33.15633], 1
6, 5, [ 5 13], [3 6], [-10.080254  33.14308 ], 2
10, 10, [10], [10], [33.063282], 1
12, 15, [15], [12], [33.04139], 1
11, 16, [16], [11], [33.183975], 1
7, 4, [ 4  9  1  3 11], [0 6 2 2 7], [-33.48907    -5.8735895  -3.2014847   7.9253006  33.143852 ], 5
13, 13, [13], [13], [33.190083], 1

11, 16, [16], [11], [33.184345], 1
4, 13, [13  1  8 10 14  7 10], [4 8 4 4 4 4 4], [ 10.754595    -4.0031686   -0.06880426  -8.700237   -16.300474
 -22.408558   -25.919952  ], 7
10, 10, [10], [10], [33.063763], 1
1, 5, [5], [1], [33.033035], 1
8, 3, [ 3  7  1 16  5  7  1], [8 4 4 4 4 4 4], [ -0.13836193 -21.954517   -30.163221   -37.00224    -41.90499
 -43.23371    -38.961876  ], 7
1, 2, [2], [1], [33.115593], 1
10, 4, [4 2], [11 10], [-10.091509  33.123466], 2
4, 10, [10 13  7  4  6 16 15], [4 4 4 8 4 4 4], [ 15.724928    4.407858   -7.9143963 -21.763018  -16.332077  -22.429188
 -25.949913 ], 7
7, 2, [ 2 13  8  6  7 10 15], [7 0 7 5 7 7 0], [  7.385619  -9.539771  -9.492277 -24.46734  -21.036068 -30.28706
 -38.931396], 7
10, 2, [2], [10], [33.124146], 1
9, 12, [12], [9], [33.045845], 1
4, 15, [15 13 14  6 10  6 10], [4 4 4 4 4 4 4], [ 18.516872     9.111309    -0.07531166  -8.699954   -16.375648
 -22.426434   -25.919785  ], 7
12, 16, [16 14], [ 0 12], [-10.035797  33.07404 ], 2
6, 10, [10 14], [3 6], [-10.062668  33.11312 ], 2
7, 12, [12 14 16], [3 7 7], [-12.5287    29.061579  33.14955 ], 3
0, 9, [ 9 14 13], [6 0 0], [-12.5366745  29.025644   33.148335 ], 3
2, 16, [16], [2], [33.109882], 1
4, 14, [14 11  8 14  9  8 14], [4 4 4 4 4 4 4], [ 18.612745     9.113471    -0.05493784  -8.677178   -16.369734
 -22.361835   -25.85534   ], 7
13, 14, [14], [13], [33.17093], 1
2, 10, [10 14], [2 2], [32.936237 33.109352], 2
3, 8, [8], [3], [33.184242], 1
9, 4, [4], [9], [33.032597], 1
4, 3, [ 3 14  8 16  5 16 11], [4 4 4 4 4 4 4], [ 18.498255     9.106416    -0.06374264  -8.691801   -16.387592
 -22.371384   -25.853565  ], 7
10, 9, [9 2], [11 10], [-10.081465  33.123466], 2
8, 1, [1 7], [5 8], [-10.066217  33.16281 ], 2
5, 1, [1 6], [3 5], [-10.061138  33.16233 ], 2
2, 7, [7], [2], [33.125576], 1
13, 14, [14], [13], [33.170933], 1
0, 14, [14], [0], [33.13069], 1
4, 3, [ 3  7  8 13  7  3 11], [4 4 4 4 4 4 4], [ 18.506668     9.120438    -0.03829527  -8.649441   -16.343227
 -22.477734   -25.853565  ], 7
3, 3, [3 1], [2 3], [-10.137896  33.040886], 2
12, 4, [4], [12], [33.039383], 1

7, 5, [ 5  3 11 14  7  6 12], [3 2 7 7 0 7 5], [-34.64882   -7.804339  -6.40403  -19.239492 -34.01115  -30.245699
 -38.965332], 7
1, 2, [2], [1], [33.11564], 1
2, 7, [7], [2], [33.13244], 1
3, 3, [3 7], [3 3], [32.91121  33.124752], 2
2, 6, [6], [2], [33.144497], 1
4, 7, [ 7 13  8 16 12 14  1], [4 4 4 4 4 4 8], [ 18.003428    8.100021   -1.7607908 -11.520214  -21.101618  -30.232471
 -38.961887 ], 7
7, 15, [15  7  8], [2 7 7], [-12.503935  29.05216   33.19319 ], 3
2, 14, [14], [2], [33.1096], 1
13, 5, [5], [13], [33.039154], 1
7, 9, [ 9  2 14  8  2 13], [6 5 7 5 5 7], [-32.46618     -4.1887436   -0.49880075  -9.439871     4.013384
  33.171707  ], 6
2, 5, [5], [2], [33.033554], 1
5, 10, [10 14], [5 5], [32.938095 33.113594], 2
11, 15, [15], [11], [33.04151], 1
0, 11, [11], [0], [33.112175], 1
2, 5, [5 7], [0 2], [-10.091026  33.1255  ], 2
5, 12, [12 13], [3 5], [-10.07749   33.147434], 2
6, 3, [ 3 14], [3 6], [-10.095266  33.113113], 2
5, 16, [16], [5], [33.117176], 1
2, 2, [2], [2], [33.109024], 1
8, 11, [11  8  2 11 16 14  2], [4 8 4 4 4 4 4], [-35.170105  -8.860897 -30.020708 -36.913525 -41.766598 -43.178894
 -38.872593], 7
11, 3, [3], [11], [33.032997], 1
13, 3, [3], [13], [33.03463], 1
3, 13, [13], [3], [33.14506], 1
13, 8, [8], [13], [33.183094], 1
2, 11, [11], [2], [33.107933], 1
12, 5, [5], [12], [33.03516], 1
12, 9, [9 8], [12 12], [32.97486 33.21923], 2
6, 11, [11], [6], [33.120926], 1
2, 16, [16], [2], [33.11019], 1
0, 9, [ 9  3  9 16  1 11 13], [6 2 6 0 6 0 0], [-36.004517  -10.089446  -10.212268   -3.7690296  -8.151913   13.007893
  33.147743 ], 7
7, 6, [ 6  3 15 13 11], [7 2 5 7 7], [12.460843  -1.1414757  4.698929  21.043337  33.140347 ], 5
10, 1, [1], [10], [33.03463], 1

12, 10, [10], [12], [33.05642], 1
0, 14, [14  8  4 13], [0 0 5 0], [22.925629 16.317547 11.923056 33.14749 ], 4
1, 9, [9], [1], [33.068516], 1
3, 15, [15], [3], [33.0596], 1
3, 1, [ 1 14], [3 3], [32.91572 33.1232 ], 2
6, 2, [2], [6], [33.116306], 1
13, 8, [8], [13], [33.183052], 1
2, 16, [16], [2], [33.10997], 1
1, 16, [16], [1], [33.12024], 1
3, 3, [ 3 15], [2 3], [-10.126703  33.05977 ], 2
7, 14, [14  7 11], [7 5 7], [22.780094 16.018513 33.14023 ], 3
1, 3, [3], [1], [33.036083], 1
2, 9, [ 9 14], [0 2], [-10.087742  33.109352], 2
0, 4, [ 4  7  8 13], [5 3 0 0], [-23.269133  11.160513  25.05221   33.14749 ], 4
10, 1, [1], [10], [33.034653], 1
7, 4, [ 4 11  8  5 11 14 13], [0 7 7 2 7 7 0], [-27.916243    3.4145327  -9.532519  -24.53441   -20.948196  -30.137383
 -38.844162 ], 7
11, 12, [12], [11], [33.033867], 1
4, 11, [11  7 14 16 14  6  1], [4 4 4 4 4 4 4], [ 18.61507      9.114392    -0.04837036  -8.655052   -16.326355
 -22.45169    -25.96188   ], 7
10, 7, [7], [10], [33.12963], 1
2, 7, [7], [2], [33.12564], 1
6, 3, [ 3 15  2], [3 0 6], [-20.40026   15.93745   33.116295], 3
8, 12, [12 13  2  7 12  8  7], [4 4 4 4 4 4 4], [-43.08843  -21.877132 -30.056042 -36.972416 -41.85972  -43.162613
 -38.856586], 7
3, 16, [16], [3], [33.114197], 1
5, 9, [9 8], [0 5], [-10.063242  33.15104 ], 2
7, 9, [ 9  8  5  8 10  2 13], [6 7 6 7 5 7 0], [-31.471321  -2.530322 -19.51633  -19.250828 -34.050507 -30.201248
 -38.847725], 7
5, 12, [12], [5], [33.034477], 1
10, 15, [15], [10], [33.04251], 1
6, 14, [14], [6], [33.11297], 1
3, 11, [11], [3], [33.106808], 1
13, 13, [13], [13], [33.190083], 1
0, 12, [12 16  8], [3 0 0], [-12.556732  29.01525   33.155968], 3
13, 5, [5], [13], [33.039154], 1

5, 7, [7 8], [5 5], [33.02566  33.152386], 2
4, 6, [ 6 14 16 15 10  8  5], [4 4 4 4 4 4 8], [ 17.960815    8.058964   -1.8094945 -11.583759  -21.056572  -30.2277
 -38.96506  ], 7
1, 12, [12], [1], [33.034206], 1
3, 6, [6], [3], [33.14828], 1
2, 9, [ 9 16], [6 2], [-10.08728   33.109726], 2
10, 12, [12], [10], [33.03438], 1
13, 6, [6], [13], [33.226856], 1
8, 15, [15 16 14 13 14  2 11], [4 4 4 4 4 4 4], [-43.06438  -21.857603 -29.997265 -36.90321  -41.76618  -43.18473
 -38.85356 ], 7
8, 14, [14  8 15 11 14  2 13], [4 4 4 4 4 4 4], [-42.99927  -21.906555 -30.096487 -36.911102 -41.762558 -43.178696
 -38.843506], 7
9, 9, [9], [9], [33.042168], 1
10, 5, [5], [10], [33.03443], 1
9, 14, [14], [9], [33.102196], 1
2, 15, [15  4 16], [0 0 2], [-20.392876  15.900608  33.10966 ], 3
7, 9, [ 9  6 15  8], [0 5 7 7], [-23.266754  11.145217  24.994701  33.192944], 4
11, 14, [14], [11], [33.06845], 1
6, 1, [ 1 14 11], [6 6 6], [30.440372 28.985075 33.120964], 3
13, 6, [6], [13], [33.227066], 1
4, 1, [ 1  7  8 16  8 14  8], [8 4 4 4 4 4 4], [-2.4482887e+01  9.1311359e+00 -2.0463467e-02 -8.6196690e+00
 -1.6267384e+01 -2.2364536e+01 -2.5848663e+01], 7
3, 5, [ 5 10  2], [3 3 3], [30.393772 28.933151 33.10809 ], 3
5, 15, [15 14], [5 5], [32.941097 33.12334 ], 2
2, 15, [15  3 16], [3 2 2], [-12.592394  28.903635  33.109467], 3
0, 3, [ 3 14 10  8  7], [2 0 2 0 0], [-22.789684   11.954002    4.6972823  21.044006   33.12857  ], 5
4, 13, [13 16  8 13  8  6  9], [4 4 4 4 4 8 4], [ 17.619606    7.4385166  -2.837068  -13.31401   -24.117508  -35.448074
 -25.95266  ], 7
13, 3, [3], [13], [33.034622], 1
8, 5, [ 5  8 14 15  8  7  1], [4 8 4 4 8 4 8], [-30.25472     -0.4832611  -16.057983   -13.671075    -2.8687577
  -0.03381157  33.037952  ], 7
12, 9, [ 9 11], [12 12], [32.92092 33.12872], 2
9, 2, [2], [9], [33.126274], 1
6, 11, [11], [6], [33.12092], 1
6, 12, [12  8], [3 6], [-10.089872  33.12647 ], 2
1, 2, [2], [1], [33.1156], 1
8, 16, [16 13  8 13 16  7  1], [4 4 4 4 4 4 4], [-42.966274 -21.845049 -30.002575 -36.923187 -41.799473 -43.23371
 -38.961876], 7
5, 13, [13], [5], [33.14864], 1

8, 9, [ 9 13 14  8  2 16  7], [8 4 4 8 4 4 4], [  2.747301 -17.165884 -22.203968 -23.914383 -41.776505 -43.173187
 -38.856583], 7
6, 10, [10 13], [6 6], [32.955647 33.14308 ], 2
4, 14, [14  1 14 12  9  8  9], [4 8 4 4 4 4 4], [ 10.717723    -4.044897    -0.13835192  -8.805021   -16.404812
 -22.420258   -25.95266   ], 7
13, 14, [14], [13], [33.170933], 1
10, 3, [3], [10], [33.033028], 1
12, 11, [11], [12], [33.128746], 1
13, 1, [1], [13], [33.0363], 1
1, 10, [10], [1], [33.06857], 1
5, 13, [13], [5], [33.147915], 1
10, 9, [ 9 10], [11 10], [-10.118259  33.063507], 2
9, 13, [13], [9], [33.156357], 1
10, 10, [10], [10], [33.06334], 1
6, 14, [14], [6], [33.11311], 1
8, 2, [2 1], [4 8], [-10.04982   33.037952], 2
6, 16, [16], [6], [33.108967], 1
11, 9, [9], [11], [33.044605], 1
7, 10, [10  1  8 16], [5 3 7 7], [-23.28006    11.0830765  25.06921    33.14955  ], 4
10, 1, [1], [10], [33.03521], 1
10, 16, [16  6  2], [ 7 10 10], [-12.412432  29.052893  33.123436], 3
9, 11, [11], [9], [33.10653], 1
13, 15, [15], [13], [33.045372], 1
7, 8, [ 8 13  6 16], [7 7 7 7], [27.697577 24.178843 25.032856 33.149223], 4
8, 14, [14 10 14  7  2 14  7], [4 8 4 4 4 4 4], [-35.208656  -8.922197 -30.007994 -36.92109  -41.77417  -43.16929
 -38.856583], 7
13, 1, [1], [13], [33.0363], 1
10, 7, [7], [10], [33.130016], 1
8, 2, [ 2 15 10  8 14 10  2], [4 4 4 4 4 4 4], [-43.070427 -21.996386 -30.077621 -36.929516 -41.801422 -43.24347
 -38.872593], 7
4, 10, [10  7 16 14  7  8  6], [4 4 4 4 4 4 8], [ 17.94743     8.112303   -1.7185202 -11.432129  -20.961315  -30.174547
 -38.876476 ], 7
9, 12, [12], [9], [33.045845], 1
9, 2, [2], [9], [33.126312], 1
5, 9, [9 8], [5 5], [32.937584 33.152527], 2
6, 9, [9 8], [3 6], [-10.076788  33.126495], 2
4, 2, [ 2 15 13  8 13  6  7], [4 4 4 4 4 4 4], [ 1.8553038e+01  9.0427179e+00 -1.2281418e-02 -8.6146288e+00
 -1.6276611e+01 -2.2388514e+01 -2.5856583e+01], 7

4, 1, [ 1 13 14  8  7 13  8], [8 4 4 4 4 4 4], [-2.4475580e+01  9.1438408e+00 -2.1091938e-02 -8.6095877e+00
 -1.6268208e+01 -2.2352703e+01 -2.5848663e+01], 7
4, 2, [ 2  6 11  4 14 12  8], [4 8 4 8 4 4 4], [  7.9526677  -8.624565   -7.9134803 -21.766523  -16.338139  -22.471333
 -25.848663 ], 7
13, 12, [12], [13], [33.03952], 1
3, 13, [13], [3], [33.14541], 1
9, 8, [8], [9], [33.22869], 1
11, 3, [3], [11], [33.032978], 1
12, 15, [15], [12], [33.041374], 1
4, 11, [11 14  4  7  8 14  6], [4 4 4 4 4 4 4], [ 18.583632     9.061996    -0.13777399  -8.622612   -16.27671
 -22.380077   -25.874565  ], 7
6, 7, [7], [6], [33.128826], 1
11, 7, [7], [11], [33.13053], 1
8, 9, [ 9 13 11 14 10  8  7], [4 4 8 4 8 4 4], [-36.701187 -11.247546 -12.340067 -29.145542 -28.817005 -43.162613
 -38.856586], 7
5, 14, [14], [5], [33.122128], 1
8, 4, [ 4  2  1  8 13  6 10], [4 4 4 8 4 4 4], [-40.319874 -17.25953  -22.31156  -23.916136 -41.779427 -43.226536
 -38.919952], 7
4, 5, [ 5 13 14  7 15 16 10], [8 4 4 4 4 4 4], [-24.496977     9.113268    -0.07204723  -8.694513   -16.396545
 -22.411213   -25.919952  ], 7
9, 1, [1], [9], [33.032806], 1
10, 13, [13], [10], [33.20163], 1
11, 8, [8], [11], [33.16725], 1
2, 5, [5 2], [2 2], [32.899437 33.108833], 2
8, 7, [ 7 11 15 13 15  1  8], [4 8 4 4 4 8 4], [-34.20934   -7.254589 -27.33641  -32.310986 -34.112465 -30.271082
 -38.848663], 7
9, 1, [1], [9], [33.03308], 1
11, 16, [16 15], [ 3 11], [-10.061008  33.041653], 2
5, 1, [ 1 14], [5 5], [32.915672 33.12334 ], 2
8, 4, [ 4 14  6 16 11 14 11], [4 4 4 4 8 4 8], [-40.7937   -18.049158 -23.656364 -26.303001 -24.072933 -35.366985
 -25.852741], 7
1, 5, [5], [1], [33.033043], 1
11, 15, [15], [11], [33.04142], 1
1, 13, [13], [1], [33.14439], 1
0, 9, [ 9  8 15  7  8 11  8], [0 0 0 0 0 0 0], [ 18.50547      9.099029    -0.11062813  -8.630308   -16.270336
 -22.387005   -25.83813   ], 7
0, 7, [7], [0], [33.128456], 1
8, 2, [ 2 15 14  5  2  6  8], [4 4 4 8 4 4 8], [-39.655373 -16.304632 -20.591354 -21.226692 -37.102783 -35.38365
 -25.84848 ], 7
1, 4, [4], [1], [33.03228], 1
9, 8, [8], [9], [33.228863], 1
2, 4, [4 2], [0 2], [-10.099886  33.108833], 2

5, 7, [ 7 10 16], [5 5 5], [30.495853 28.938368 33.113926], 3
13, 13, [13], [13], [33.190083], 1
0, 8, [8], [0], [33.155922], 1
4, 5, [ 5 16  8 10  2  8  6], [4 4 4 4 4 4 4], [ 18.495419     9.100302    -0.06742191  -8.697933   -16.296635
 -22.373402   -25.874565  ], 7
3, 7, [7], [3], [33.125458], 1
5, 7, [7 8], [5 5], [33.0241   33.153404], 2
8, 1, [ 1  3 13 15 13  3 12], [4 4 4 4 4 4 4], [-43.16972  -22.01307  -30.07912  -37.05936  -41.84923  -43.342876
 -38.962135], 7
7, 12, [12 14 13 11  3 13 14], [5 7 0 7 2 0 7], [-31.861343  -3.159235 -20.544516 -21.16685  -37.168156 -35.34392
 -25.832527], 7
2, 1, [ 1 13], [3 2], [-10.072645  33.14196 ], 2
7, 9, [ 9 14 13 14 11 15  2], [0 5 0 5 5 7 7], [-41.448494 -19.154911 -25.515766 -29.451668 -29.343695 -22.453716
 -25.891373], 7
1, 14, [14], [1], [33.122444], 1
4, 9, [ 9 11 14  5  6 11 14], [4 4 4 4 4 4 4], [ 18.499107     9.086276    -0.10026217  -8.741538   -16.294624
 -22.366768   -25.85534   ], 7
9, 11, [11], [9], [33.106567], 1
10, 15, [15], [10], [33.042435], 1
1, 15, [15], [1], [33.056175], 1
5, 15, [15  6], [2 5], [-10.037487  33.160866], 2
13, 11, [11], [13], [33.106747], 1
3, 16, [16], [3], [33.114204], 1
7, 6, [ 6 11  9 14 15  7 11], [5 7 0 7 7 7 7], [-29.09911     1.2501531 -13.147463   -8.651291  -16.348694  -22.379375
 -25.861084 ], 7
7, 5, [ 5 11 13 10  5  6 13], [3 7 0 5 2 5 0], [-35.309055  -8.90483  -30.072567 -37.04167  -41.85329  -43.146004
 -38.847565], 7
13, 10, [10], [13], [33.063507], 1
6, 13, [13], [6], [33.143116], 1
10, 2, [2], [10], [33.123722], 1
2, 1, [1 8], [5 2], [-10.070164  33.149338], 2
13, 12, [12], [13], [33.03952], 1
11, 4, [4], [11], [33.03216], 1
8, 8, [ 8 14  3 11  5  9  1], [4 4 8 4 4 4 8], [-37.741592 -13.154884 -15.499242 -34.22268  -37.282642 -35.529797
 -25.961899], 7
7, 14, [14  8 14  7 11  3 13], [5 0 5 7 5 2 0], [-40.1511   -17.173092 -22.222027 -23.96096  -41.831467 -43.26667
 -38.844765], 7
5, 13, [13], [5], [33.14863], 1
4, 6, [ 6  7 13  6 11  6  9], [4 4 4 4 4 4 4], [ 18.595253     9.116915    -0.04416561  -8.667769   -16.321453
 -22.446476   -25.95263   ], 7
10, 13, [13], [10], [33.20163], 1
9, 12, [12], [9], [33.045513], 1

6, 9, [ 9 13], [6 6], [32.934406 33.14308 ], 2
11, 1, [1], [11], [33.035263], 1
5, 12, [12 15  8], [5 5 5], [30.408485 28.956787 33.149525], 3
7, 8, [ 8  2 15  7], [5 5 5 7], [-27.873396    3.282334   11.9528675  33.146458 ], 4
3, 7, [7], [3], [33.12608], 1
4, 4, [ 4 13 14 16  8 14 16], [8 4 4 4 4 4 4], [-24.48035      9.139384    -0.02851963  -8.621969   -16.271172
 -22.3709     -25.859268  ], 7
11, 4, [4], [11], [33.032143], 1
1, 12, [12], [1], [33.034206], 1
4, 6, [ 6 16 13 14  1  3 11], [1 4 4 4 8 8 4], [-27.102457    4.6010427  -7.566191  -21.20448   -37.248566  -35.4778
 -25.853565 ], 7
3, 12, [12  5 14], [3 3 3], [30.378521 28.907566 33.123154], 3
1, 4, [4], [1], [33.032276], 1
11, 6, [6], [11], [33.14769], 1
2, 8, [8], [2], [33.149593], 1
3, 16, [16], [3], [33.11422], 1
12, 5, [5], [12], [33.03514], 1
13, 13, [13], [13], [33.19008], 1
0, 1, [ 1 11 15 14 16  1  7], [3 3 0 0 0 6 0], [-30.600706    -1.0709438    4.6947274   -0.61911833  -2.9255764
  -0.07949066  33.128597  ], 7
4, 7, [ 7 16 14  8 13 15 12], [4 4 4 4 4 4 4], [ 18.608414     9.10833     -0.05405188  -8.664521   -16.359764
 -22.527098   -25.962135  ], 7
1, 10, [10], [1], [33.068546], 1
3, 11, [11], [3], [33.106842], 1
11, 13, [13], [11], [33.163322], 1
10, 16, [16 14], [ 5 10], [-10.009472  33.07451 ], 2
4, 3, [ 3 13  7 14 11 16  2], [4 4 4 4 4 4 4], [ 18.51687      9.137442    -0.03175735  -8.625286   -16.283245
 -22.382797   -25.872593  ], 7
0, 7, [ 7 16  8 14], [3 3 0 0], [-23.18508   11.146554  25.043768  33.130604], 4
4, 3, [ 3 16 13 14  8 11 16], [4 4 4 4 4 4 4], [ 1.8513838e+01  9.1323891e+00 -1.3953209e-02 -8.6174154e+00
 -1.6270126e+01 -2.2369108e+01 -2.5859238e+01], 7
1, 5, [5], [1], [33.033035], 1
12, 16, [16], [12], [33.129356], 1
9, 3, [ 3 16], [9 9], [32.910843 33.129444], 2
10, 16, [16 11], [10 10], [33.028725 33.129856], 2
10, 4, [ 4 12], [10 10], [32.86061  33.034325], 2
7, 5, [ 5  7 14  8], [3 7 0 7], [-20.140797  16.375687  12.065739  33.19319 ], 4
7, 15, [15 14  9 14 10 14  8], [0 7 6 7 6 7 7], [-30.844141   -1.5172558 -17.807884  -16.424929  -29.320671  -22.31965
 -25.811874 ], 7

2, 11, [11], [2], [33.107933], 1
12, 14, [14], [12], [33.072937], 1
6, 4, [4 7], [2 6], [-10.087664  33.128838], 2
8, 3, [ 3  5  9 10 15  5  2], [4 8 8 4 4 8 4], [-29.724794    0.4013338 -14.389409  -32.393734  -34.122967  -30.288578
 -38.872593 ], 7
9, 5, [5], [9], [33.032574], 1
6, 8, [8], [6], [33.12655], 1
8, 16, [16 11 14 15  8 14 16], [4 8 4 4 4 4 4], [-35.190926  -8.886139 -30.05566  -37.000534 -41.751194 -43.170883
 -38.85924 ], 7
4, 1, [ 1  8  6  2 16 14  2], [8 4 8 4 4 4 4], [-29.173836    1.3134179 -13.063201   -8.644541  -16.28658   -22.378895
 -25.872593 ], 7
10, 2, [2], [10], [33.12371], 1
0, 6, [ 6 11 14  7], [0 0 0 0], [27.617601 24.127277 25.013386 33.128597], 4
13, 14, [14], [13], [33.170937], 1
10, 2, [2], [10], [33.12372], 1
7, 4, [4 6 5 8], [6 5 3 7], [-27.973919    3.3188834  11.949688   33.19316  ], 4
2, 6, [6], [2], [33.14441], 1
7, 1, [ 1 16], [3 7], [-10.068632  33.149437], 2
0, 5, [ 5 13], [3 0], [-10.077211  33.148335], 2
11, 1, [1], [11], [33.035282], 1
11, 10, [10], [11], [33.120235], 1
1, 8, [8], [1], [33.148693], 1
2, 3, [3 6], [2 2], [32.923992 33.143837], 2
5, 4, [ 4 14], [5 5], [32.906788 33.12053 ], 2
4, 8, [ 8  2 13 11 15  6  9], [4 4 4 4 4 4 4], [ 18.60404      9.087837    -0.06594896  -8.704076   -16.417515
 -22.44616    -25.95266   ], 7
10, 13, [13], [10], [33.201496], 1
3, 6, [6], [3], [33.14837], 1
1, 5, [5], [1], [33.03304], 1
11, 2, [2], [11], [33.12703], 1
3, 4, [ 4 13], [6 3], [-10.077925  33.144676], 2
7, 10, [10 13  9  2 14 11  3], [5 7 0 7 7 7 2], [-29.77647      0.25609684 -14.843014   -11.481904   -20.985085
 -30.237064   -38.959965  ], 7
10, 11, [11], [10], [33.130024], 1
7, 12, [12  8  7 14 10 14  2], [3 0 7 5 5 5 7], [-37.794685  -13.0483265 -15.346197  -34.139824  -37.157288  -35.380272
 -25.891373 ], 7
11, 4, [4], [11], [33.03214], 1
2, 11, [11], [2], [33.10796], 1

8, 13, [13  2  3  8 11  2 14], [4 4 8 4 4 4 4], [-38.326756 -14.13875  -17.110262 -36.907684 -41.765038 -43.1858
 -38.85534 ], 7
4, 9, [ 9  6  8 14 11  5  8], [4 4 4 4 4 4 4], [ 18.506945    9.09932    -0.0435257  -8.658106  -16.337944  -22.47396
 -25.848663 ], 7
8, 16, [16  4 13 10 15 14  8], [4 8 4 4 4 4 4], [-35.25917   -9.000476 -30.060942 -37.02906  -41.848526 -43.16452
 -38.84864 ], 7
4, 13, [13 14 16 14  6 14  4], [4 4 4 4 4 4 8], [ 18.017704    8.102015   -1.7377434 -11.464174  -21.014725  -30.233603
 -38.96377  ], 7
13, 5, [5], [13], [33.039154], 1
4, 5, [ 5 11  4  8 10 11  4], [4 4 8 4 4 4 8], [ 13.175597     0.23393345 -14.854167   -11.483993   -21.058884
 -30.231829   -38.96377   ], 7
4, 5, [ 5 14  7 10  7 15  9], [4 4 4 4 4 4 4], [ 18.485474     9.083729    -0.10155535  -8.741616   -16.369438
 -22.521421   -25.95266   ], 7
8, 3, [ 3  6 13 14  7 15 14], [8 8 4 4 4 4 4], [  7.7044787  -8.883154  -30.009892  -36.943977  -41.814396  -43.263016
 -38.85534  ], 7
7, 2, [ 2 14 15 11 12  8], [7 0 2 5 2 7], [  5.8874793 -12.032913  -13.637892   -9.50713     3.9510317  33.19358  ], 6
10, 7, [7], [10], [33.129627], 1
13, 10, [10], [13], [33.063507], 1
6, 10, [10  5 11], [3 3 6], [-20.386526  15.906317  33.120903], 3
8, 12, [12 13 11  8 11  5 11], [4 4 4 8 4 8 4], [-39.255768 -15.489388 -19.409807 -19.260399 -34.019867 -30.277163
 -38.85357 ], 7
4, 11, [11 15  6  8 13  8  7], [4 4 4 4 4 4 4], [ 18.56295      9.027525    -0.03774738  -8.605305   -16.26107
 -22.362612   -25.856583  ], 7
7, 8, [ 8 16], [0 7], [-9.951042 33.149277], 2
10, 8, [8], [10], [33.136246], 1
5, 6, [6], [5], [33.170708], 1
6, 8, [8], [6], [33.130043], 1
0, 3, [ 3  9 12  7 14  7 16], [6 0 6 0 0 0 0], [-26.518042    5.7393103  -5.5093555   4.0936294   4.9356403  13.000534
  33.113815 ], 7
3, 15, [15 16], [2 3], [-10.0709915  33.113903 ], 2
10, 11, [11], [10], [33.129936], 1
3, 2, [2], [3], [33.110092], 1
3, 9, [9 2], [0 3], [-10.088573  33.108124], 2
5, 8, [8], [5], [33.156784], 1
9, 14, [14], [9], [33.102146], 1
5, 14, [14], [5], [33.11258], 1
2, 1, [ 1 14], [3 2], [-10.091688  33.109406], 2
8, 8, [ 8  6 14 15  5 16  9], [4 8 4 4 8 4 4], [-33.52991    -6.1354494 -25.430384  -29.291744  -28.903221  -43.230484
 -38.95266  ], 7
6, 12, [12  6], [3 6], [-10.080322  33.142544], 2
8, 12, [12 14 11 14 11  2  8], [4 4 4 4 4 4 4], [-43.07581  -21.856125 -30.00131  -36.912918 -41.762634 -43.181793
 -38.848663], 7
4, 15, [15  4  9  7 16  8 14], [4 8 4 4 4 4 4], [ 10.626602    -4.0393004   -0.12610102  -8.622404   -16.276363
 -22.361866   -25.85534   ], 7
4, 15, [15  6  4 11  1 13 11], [4 4 4 4 8 4 4], [ 16.778923   6.214569  -4.851447 -16.478733 -29.375275 -22.355644
 -25.853565], 7

12, 12, [12], [12], [33.0362], 1
8, 3, [ 3  8 13  7  8  3 10], [8 4 4 4 4 8 4], [  0.9290304 -20.175598  -27.21156   -32.28009   -34.039173  -30.317518
 -38.919846 ], 7
4, 14, [14  8  2 13 11  4 16], [4 4 4 4 4 8 4], [ 17.60245     7.429648   -2.8694844 -13.328152  -24.141079  -35.479187
 -25.859241 ], 7
3, 5, [ 5 14], [3 3], [32.907944 33.123512], 2
11, 3, [3], [11], [33.032974], 1
2, 7, [7], [2], [33.125637], 1
2, 12, [12 10  8], [3 3 2], [-20.390198  15.959238  33.149433], 3
3, 10, [10  2], [3 3], [32.934536 33.108093], 2
1, 12, [12], [1], [33.03421], 1
9, 15, [15  8], [9 9], [32.981266 33.229042], 2
0, 8, [ 8 12 14], [0 3 0], [22.712177 15.913107 33.131065], 3
10, 12, [12], [10], [33.034534], 1
9, 12, [12], [9], [33.045868], 1
5, 6, [ 6  8  1 13], [5 9 3 5], [15.170183  3.344477 11.925909 33.144753], 4
5, 14, [14], [5], [33.119404], 1
8, 11, [11  4 13 11 16 14  7], [4 8 4 4 4 4 4], [-35.2281    -8.957557 -29.98941  -36.909843 -41.76046  -43.16929
 -38.856586], 7
9, 5, [5], [9], [33.032814], 1
2, 13, [13], [2], [33.14217], 1
5, 8, [ 8  2 11], [5 5 5], [30.552422 28.979012 33.113457], 3
2, 15, [15  8], [3 2], [-10.0453415  33.14936  ], 2
0, 1, [ 1  8  2 14], [3 0 0 0], [-15.463288  24.15799   24.98946   33.131065], 4
8, 5, [ 5 14  3  6 11  8  1], [8 4 4 4 4 8 4], [  0.8842535 -20.25115   -27.32635   -32.26792   -33.98893   -30.225605
 -38.961876 ], 7
10, 8, [8], [10], [33.136486], 1
0, 6, [ 6  8 14  7 14 11  2], [0 0 0 3 0 0 0], [18.562386   9.035094  -0.214365  -8.915773   4.9250665 12.983278
 33.112297 ], 7
8, 13, [13  2 15  6 10  8 14], [4 4 4 4 8 8 4], [-40.317368 -17.456442 -22.639746 -24.483208 -21.014406 -30.161674
 -38.85534 ], 7
3, 5, [5 7], [3 3], [32.908775 33.124992], 2
10, 13, [13], [10], [33.201862], 1
10, 3, [3], [10], [33.03306], 1
1, 16, [16], [1], [33.12023], 1
1, 15, [15], [1], [33.056175], 1
1, 8, [8], [1], [33.148754], 1
2, 16, [16], [2], [33.10988], 1

2, 8, [8], [2], [33.149586], 1
1, 11, [11], [1], [33.106834], 1
3, 14, [14], [3], [33.122215], 1
5, 12, [12 16], [5 5], [32.901817 33.11244 ], 2
0, 13, [13], [0], [33.147556], 1
9, 6, [6], [9], [33.23198], 1
3, 6, [6], [3], [33.148434], 1
7, 12, [12 14  7 13 14  8 11], [3 7 0 7 7 5 7], [-27.411594     4.256953    -8.180282    -0.5272597   -2.8113902
   0.03914642  33.14508   ], 7
2, 2, [2], [2], [33.109142], 1
11, 12, [12], [11], [33.033813], 1
13, 16, [16], [13], [33.12195], 1
0, 3, [ 3  2 11  3 14], [3 0 3 3 0], [-25.626886   7.225544  -3.142128   7.916149  33.13176 ], 5
10, 4, [4 7], [11 10], [-10.089184  33.129383], 2
11, 8, [8], [11], [33.16522], 1
1, 9, [9], [1], [33.068497], 1
0, 14, [14 12  8], [7 3 0], [-20.299326  15.927698  33.155968], 3
2, 9, [ 9 14], [6 2], [-10.087612  33.109383], 2
9, 13, [13], [9], [33.156372], 1
11, 9, [9], [11], [33.044598], 1
0, 13, [13], [0], [33.14765], 1
6, 9, [9 8], [0 6], [-10.0776005  33.12647  ], 2
11, 2, [2], [11], [33.127197], 1
6, 7, [7], [6], [33.128826], 1
0, 11, [11 14  3 14 10  7], [3 7 5 7 6 0], [-37.117718 -12.047853 -13.65318   -9.488119   3.946375  33.128593], 6
8, 11, [11 13  8  7  6  8 13], [4 4 4 4 4 4 4], [-42.95927  -21.842838 -29.998888 -36.91704  -41.767426 -43.154766
 -38.843506], 7
11, 4, [4], [11], [33.03217], 1
12, 13, [13], [12], [33.205414], 1
5, 6, [6 8], [5 5], [33.062958 33.159847], 2
11, 12, [12], [11], [33.033806], 1
7, 10, [10  8], [3 7], [-10.014393  33.19316 ], 2
12, 11, [11], [12], [33.12883], 1
7, 7, [ 7 16  8  7], [0 0 5 7], [-27.849518    3.3573463  12.0401325  33.146725 ], 4

10, 15, [15], [10], [33.04254], 1
2, 9, [9 2], [0 2], [-10.088186  33.108833], 2
1, 10, [10], [1], [33.068546], 1
10, 10, [10], [10], [33.07214], 1
2, 13, [13], [2], [33.14218], 1
9, 9, [9], [9], [33.04217], 1
5, 10, [10], [5], [33.070717], 1
13, 8, [8], [13], [33.18308], 1
9, 16, [16], [9], [33.129337], 1
9, 9, [9], [9], [33.04218], 1
4, 9, [ 9  8 16 15 13 14  4], [4 4 4 4 4 4 8], [ 17.8962      8.0813875  -1.7833023 -11.54006   -20.983742  -30.233728
 -38.96398  ], 7
4, 2, [ 2  4 11  7 11  6 14], [4 4 4 4 4 4 4], [ 18.537878     9.017452    -0.03055954  -8.628323   -16.286228
 -22.387768   -25.85534   ], 7
2, 12, [12 13], [2 2], [32.920456 33.141968], 2
7, 1, [ 1 13 10  8 16], [3 0 5 7 7], [-30.570848   -1.0206623   4.711769   21.06921    33.14955  ], 5
3, 16, [16], [3], [33.114277], 1
9, 8, [8], [9], [33.22868], 1
4, 4, [ 4  9  7  8 12  8  7], [4 4 4 4 4 4 4], [ 18.441708    9.009868   -0.0624752  -8.676482  -16.3797    -22.362612
 -25.856583 ], 7
6, 3, [3 6], [2 6], [-10.076887  33.142544], 2
10, 5, [5], [10], [33.034386], 1
3, 9, [ 9 15  8], [3 2 3], [22.628273 15.967909 33.183537], 3
9, 2, [2], [9], [33.12628], 1
9, 6, [ 6 14], [3 9], [-9.990545 33.102406], 2
1, 15, [15], [1], [33.056168], 1
0, 3, [ 3 16 13], [2 3 0], [-20.356916  16.00872   33.147377], 3
4, 12, [12 16 15 11 14  8  3], [8 4 4 4 4 4 8], [-25.132702    8.049267   -1.8191481 -11.44887   -20.992172  -30.228058
 -38.96566  ], 7
3, 9, [ 9 13], [5 3], [-10.0676    33.144775], 2
1, 11, [11], [1], [33.106827], 1
13, 8, [8], [13], [33.183037], 1
1, 13, [13], [1], [33.14442], 1
6, 4, [ 4 14], [6 6], [32.90395  33.114075], 2
3, 2, [2], [3], [33.108505], 1
10, 14, [14], [10], [33.07536], 1

12, 14, [14], [12], [33.07292], 1
10, 11, [11], [10], [33.13003], 1
8, 3, [ 3 15  2  6 13  8 12], [4 4 4 4 4 8 4], [-42.1382   -20.287674 -27.229757 -32.26194  -33.97896  -30.225752
 -38.962135], 7
12, 7, [7], [12], [33.144516], 1
10, 9, [ 9 15], [11 10], [-10.130903  33.042355], 2
4, 11, [11 14  8  7 14  8 11], [4 4 4 4 4 4 4], [ 1.8625862e+01  9.1323795e+00 -2.0469189e-02 -8.6196775e+00
 -1.6271820e+01 -2.2360802e+01 -2.5853565e+01], 7
7, 1, [ 1 13  8  9 13  7  8], [3 0 7 7 0 7 7], [-33.962746   -6.6747913  -4.717311  -16.509064  -29.254734  -22.350956
 -25.811874 ], 7
0, 2, [2], [0], [33.112667], 1
2, 11, [11], [2], [33.107925], 1
11, 10, [10], [11], [33.120426], 1
5, 16, [16  6], [9 5], [-9.975464 33.171474], 2
13, 4, [4], [13], [33.041412], 1
0, 8, [8], [0], [33.157387], 1
9, 13, [13], [9], [33.156353], 1
1, 15, [15], [1], [33.056175], 1
1, 7, [7], [1], [33.125248], 1
5, 5, [ 5 14], [2 5], [-10.091867  33.12334 ], 2
9, 4, [4], [9], [33.032593], 1
0, 15, [15 16 14 13], [0 0 7 0], [22.875158 16.344189 12.034931 33.1474  ], 4
10, 12, [12], [10], [33.03438], 1
1, 1, [1], [1], [33.039963], 1
2, 15, [15 14], [0 2], [-10.065485  33.109383], 2
7, 7, [ 7 13 14  1 14 16], [5 0 7 6 7 7], [-30.683577   -1.363694    4.14005    -1.7196617  17.061579   33.14955  ], 6
4, 12, [12 14 13  9 15 11  3], [4 4 4 4 4 4 4], [ 18.480549     9.071138    -0.12253809  -8.79839    -16.40957
 -22.432926   -25.965603  ], 7
4, 1, [ 1  8 15 14  9 14 16], [1 4 4 4 4 4 4], [-24.526943     9.05648     -0.15809679  -8.680451   -16.375189
 -22.370884   -25.859245  ], 7
6, 10, [10  8], [6 6], [32.944763 33.12647 ], 2
6, 11, [11], [6], [33.120922], 1
6, 4, [ 4 11], [0 6], [-10.092365  33.120914], 2
13, 10, [10], [13], [33.063507], 1
11, 12, [12], [11], [33.033802], 1
11, 8, [8], [11], [33.165703], 1
0, 13, [13], [0], [33.147224], 1

3, 13, [13], [3], [33.14572], 1
12, 6, [6], [12], [33.25469], 1
4, 15, [15  2  8  9  8 11 14], [4 4 4 4 4 4 4], [ 18.49891      9.081211    -0.07699251  -8.713883   -16.268723
 -22.366768   -25.85534   ], 7
1, 11, [11], [1], [33.10683], 1
3, 8, [8], [3], [33.184097], 1
3, 7, [7], [3], [33.125046], 1
12, 12, [12], [12], [33.03621], 1
8, 16, [16  8  7  5  8 11  8], [4 4 4 4 4 4 4], [-42.99152  -21.887135 -30.064121 -37.012558 -41.746323 -43.162766
 -38.848663], 7
10, 14, [14], [10], [33.07614], 1
10, 16, [16 13], [ 7 10], [-9.920959 33.202576], 2
0, 1, [ 1 11  8], [3 3 0], [-20.355747  16.004578  33.155968], 3
10, 1, [1], [10], [33.034676], 1
0, 8, [ 8 14 13], [0 0 0], [30.580963 29.02427  33.147724], 3
1, 6, [6], [1], [33.144535], 1
3, 1, [ 1 13], [6 3], [-10.066196  33.144695], 2
4, 4, [ 4  8 10  2  5 11 16], [4 4 4 4 8 4 4], [ 16.790438    6.257742   -4.8226595 -16.50451   -29.386528  -22.369108
 -25.859238 ], 7
0, 5, [ 5 14  9  3 14  8 14], [3 0 0 6 0 0 0], [-27.362465    4.339646   -7.9924226 -21.72891   -16.279568  -22.358147
 -25.864681 ], 7
13, 2, [2], [13], [33.17155], 1
0, 10, [10  9 13], [5 0 0], [-12.569529  28.934483  33.147377], 3
13, 15, [15], [13], [33.045372], 1
5, 11, [11 14], [7 5], [-9.98805  33.119877], 2
0, 11, [11  1 15 16], [0 3 0 0], [19.71964  11.006236 24.940031 33.113815], 4
12, 11, [11], [12], [33.128727], 1
3, 1, [1], [3], [33.040817], 1
13, 3, [3], [13], [33.03463], 1
10, 7, [7], [10], [33.12969], 1
5, 11, [11  8], [7 5], [-9.97921  33.149265], 2
12, 3, [3], [12], [33.033386], 1
13, 7, [7], [13], [33.159756], 1
9, 4, [4], [9], [33.0326], 1
5, 16, [16], [5], [33.118507], 1
13, 6, [6], [13], [33.22661], 1

1, 13, [13], [1], [33.14441], 1
4, 8, [ 8 14  8 13  1 13  7], [4 4 4 4 8 4 4], [ 16.935242    6.306506   -4.7302575 -16.469326  -29.37637   -22.357454
 -25.856583 ], 7
13, 9, [9], [13], [33.042507], 1
7, 12, [12  6  5  9 15 14  8], [3 5 2 0 7 7 7], [-37.088863  -11.871864  -13.3671     -9.002798    4.9231496  13.073694
  33.192944 ], 7
0, 2, [2], [0], [33.11259], 1
10, 6, [ 6 15  4  1], [ 9 11 11 10], [-27.906202   3.15448   11.855148  33.03456 ], 4
6, 9, [9 8], [2 6], [-10.077154  33.126457], 2
2, 3, [3 1 8], [2 5 2], [22.595284 15.929956 33.149338], 3
3, 16, [16], [3], [33.114204], 1
3, 11, [11], [3], [33.107086], 1
12, 13, [13], [12], [33.20519], 1
6, 12, [12 14], [3 6], [-10.0979   33.11331], 2
0, 7, [7], [0], [33.12784], 1
6, 11, [11], [6], [33.12092], 1
10, 10, [10], [10], [33.063667], 1
7, 5, [ 5  8  6 16], [3 7 5 7], [-20.117458  16.414534  12.04401   33.149513], 4
12, 14, [14], [12], [33.07318], 1
3, 8, [8], [3], [33.18402], 1
12, 13, [13], [12], [33.20485], 1
9, 11, [11], [9], [33.10653], 1
8, 1, [ 1 14 12  8 13  2 12], [8 4 4 4 4 4 4], [ -0.11717224 -21.92552    -30.116966   -36.92472    -41.79343
 -43.249874   -38.962135  ], 7
2, 3, [3 8], [2 2], [32.927185 33.149475], 2
11, 15, [15], [11], [33.041348], 1
5, 10, [10  8], [5 5], [32.960434 33.151207], 2
8, 12, [12  6  2 15 10 11 13], [4 4 4 4 4 4 4], [-43.12154  -21.932238 -30.096123 -37.03922  -41.81565  -43.15967
 -38.843506], 7
11, 14, [14], [11], [33.068512], 1
8, 1, [ 1 13 15  7 16 15  2], [4 4 4 4 4 4 4], [-43.111237 -21.915598 -30.120155 -36.95055  -41.823273 -43.273384
 -38.872593], 7
1, 9, [9], [1], [33.068504], 1
2, 4, [ 4 14], [6 2], [-10.099358  33.1094  ], 2
6, 5, [ 5 10  2], [2 6 6], [-12.603243  28.938103  33.114544], 3
11, 5, [5], [11], [33.035007], 1
11, 6, [6], [11], [33.144943], 1

2, 3, [3], [2], [33.037113], 1
9, 2, [2], [9], [33.12627], 1
11, 15, [15  8], [11 11], [32.94233  33.165413], 2
8, 9, [ 9 16 15  3 15  2  8], [4 4 4 8 4 4 4], [-40.331615 -17.29828  -22.3984   -24.080954 -41.858902 -43.181793
 -38.848663], 7
13, 15, [15], [13], [33.045372], 1
4, 2, [ 2 14 13  6 16  8 11], [4 4 4 4 4 4 4], [ 18.604303     9.1281595   -0.02750444  -8.64       -16.275726
 -22.360802   -25.853565  ], 7
5, 7, [7 8], [5 5], [33.023643 33.15062 ], 2
5, 9, [ 9 15  8], [6 3 5], [-20.378365  15.957581  33.154716], 3
5, 2, [2 6], [7 5], [-9.997074 33.15896 ], 2
10, 3, [3], [10], [33.03305], 1
13, 4, [4], [13], [33.041412], 1
13, 9, [9], [13], [33.042507], 1
12, 1, [1], [12], [33.035744], 1
12, 10, [10], [12], [33.05644], 1
11, 1, [1], [11], [33.035282], 1
7, 9, [ 9 11  6  8], [6 5 5 7], [-27.936161    3.3614872  12.0653925  33.19358  ], 4
10, 7, [7], [10], [33.129627], 1
4, 12, [12  7 12 13 16  8 11], [4 4 4 4 4 4 4], [ 18.478016     9.0669155   -0.12749767  -8.60894    -16.275726
 -22.360802   -25.853565  ], 7
1, 8, [8], [1], [33.148724], 1
11, 11, [11], [11], [33.138535], 1
13, 4, [4], [13], [33.041412], 1
8, 11, [11 14 13 14 16  8  5], [4 4 4 4 4 8 8], [-41.350506 -19.161564 -25.510372 -29.444778 -29.315731 -22.42749
 -25.96502 ], 7
0, 16, [16 13], [0 0], [33.010098 33.14738 ], 2
9, 6, [6], [9], [33.23204], 1
11, 11, [11], [11], [33.138565], 1
6, 13, [13], [6], [33.1431], 1
2, 11, [11], [2], [33.107933], 1
12, 15, [15], [12], [33.041336], 1
8, 3, [ 3 12 13  7 12  8  5], [4 4 4 4 4 4 8], [-42.551117 -20.975868 -28.3562   -34.18782  -37.218723 -35.427628
 -25.964943], 7
0, 16, [16  8], [13  0], [-9.990669 33.14929 ], 2
5, 11, [11 12], [5 5], [32.92965  33.034492], 2
8, 8, [ 8 16 13  8 11 14  7], [4 4 4 4 4 4 4], [-42.958645 -21.849974 -29.984554 -36.90175  -41.755142 -43.169292
 -38.856586], 7

9, 3, [3], [9], [33.03328], 1
1, 16, [16], [1], [33.126915], 1
12, 4, [4], [12], [33.039368], 1
9, 14, [14], [9], [33.102158], 1
8, 5, [5 6 3 6 1 2 8], [4 4 8 4 4 4 4], [-38.468517 -14.172924 -17.163935 -36.99714  -41.870956 -43.181793
 -38.848663], 7
7, 13, [13  2  7 16 15  8 14], [7 5 0 0 5 5 7], [  3.3711596  -16.314024   -20.7076     -21.40612    -15.898978
   0.06050682  33.18068   ], 7
4, 16, [16 11 14  7 15  2  8], [4 4 4 4 4 4 4], [ 18.604969     9.107018    -0.06569195  -8.683921   -16.378891
 -22.38179    -25.848663  ], 7
2, 14, [14], [2], [33.109463], 1
9, 15, [15], [9], [33.04471], 1
10, 14, [14], [10], [33.080822], 1
11, 16, [16], [11], [33.169617], 1
10, 4, [ 4 10], [11 10], [-10.128624  33.06309 ], 2
2, 16, [16], [2], [33.109653], 1
2, 2, [2], [2], [33.10898], 1
0, 6, [6 2], [0 0], [33.008484 33.11248 ], 2
7, 6, [6 8], [5 7], [-9.908894 33.202908], 2
1, 7, [7], [1], [33.12525], 1
5, 4, [ 4 15  9 14], [6 3 6 5], [-28.035091    3.2164872  11.91956    33.12079  ], 4
1, 5, [5], [1], [33.033035], 1
1, 5, [5], [1], [33.033043], 1
3, 12, [12 14], [3 3], [32.90833  33.123512], 2
3, 2, [2], [3], [33.10853], 1
0, 7, [7], [0], [33.128365], 1
3, 5, [ 5 12 14], [3 3 3], [30.37866  28.90791  33.123066], 3
6, 2, [2], [6], [33.11631], 1
8, 13, [13 15  4 11 14 16  8], [4 4 8 4 4 4 4], [-38.37246  -14.214924 -17.108496 -36.90741  -41.7564   -43.168438
 -38.848663], 7
3, 14, [14], [3], [33.122505], 1
8, 4, [ 4  5  3 14  5 12 14], [8 4 4 4 4 4 4], [ -0.20523262 -22.068916   -30.173588   -37.01332    -41.929966
 -43.275337   -38.85534   ], 7
11, 1, [1], [11], [33.035275], 1
7, 15, [15 16 13 16 12  9  8], [5 0 7 0 5 2 5], [-38.39681  -14.097309 -17.05275  -37.021263 -41.924217 -43.26481
 -38.8479  ], 7
3, 3, [3 6], [3 3], [32.926    33.147934], 2
13, 13, [13], [13], [33.190083], 1

8, 13, [13 16  8 11 14 13 14], [4 4 4 4 4 4 4], [-42.955437 -21.85322  -29.990555 -36.903187 -41.749363 -43.156708
 -38.85534 ], 7
11, 5, [5], [11], [33.035015], 1
7, 14, [14  7 16 14  8], [0 7 7 0 7], [-20.777695  15.120805   9.974268   8.065739  33.19319 ], 5
7, 6, [ 6  2 14  2 13  7  6], [7 5 7 5 7 0 7], [  6.974981 -10.268415 -10.631805 -26.331673 -24.070168 -35.38363
 -25.8665  ], 7
11, 6, [6], [11], [33.14524], 1
5, 12, [12  7  8], [5 7 5], [22.652428 16.030306 33.15426 ], 3
2, 4, [4 6], [6 2], [-10.078442  33.143776], 2
5, 14, [14  8], [5 5], [33.033073 33.14944 ], 2
12, 1, [1], [12], [33.035736], 1
11, 15, [15], [11], [33.04138], 1
0, 2, [ 2 14], [0 0], [32.98946  33.131065], 2
0, 3, [3 7], [3 0], [-10.085285  33.128292], 2
2, 16, [16], [2], [33.1099], 1
1, 10, [10], [1], [33.068546], 1
6, 7, [7], [6], [33.128826], 1
4, 7, [ 7 14  2 15 10 11 14], [4 4 4 4 4 4 4], [ 18.58525      9.069729    -0.12488747  -8.753824   -16.340015
 -22.366768   -25.85534   ], 7
9, 13, [13], [9], [33.15632], 1
12, 9, [9], [12], [33.04403], 1
8, 2, [ 2 13  5 16 11  8  6], [4 4 4 4 4 4 4], [-43.019394 -21.911333 -30.113047 -36.913803 -41.7576   -43.1734
 -38.874565], 7
3, 6, [6], [3], [33.148304], 1
9, 7, [7], [9], [33.18137], 1
13, 6, [6], [13], [33.227028], 1
4, 2, [ 2  8 15 14  2 14  2], [4 4 4 4 4 4 4], [ 18.57105      9.07274     -0.13099861  -8.635298   -16.29993
 -22.378895   -25.872593  ], 7
11, 6, [6], [11], [33.144985], 1
10, 9, [ 9 10], [11 10], [-10.118132  33.063416], 2
8, 6, [ 6  3 10  6 15  8  3], [8 8 4 8 4 4 8], [ 11.113084   -3.3500252 -20.64066   -21.201193  -37.206623  -35.42802
 -25.96563  ], 7
12, 1, [1], [12], [33.03574], 1
6, 11, [11], [6], [33.12007], 1
9, 9, [9], [9], [33.042217], 1
4, 10, [10 13 16  5  6 14  7], [4 4 4 4 4 4 4], [ 18.536219     9.093584    -0.10485315  -8.742645   -16.29647
 -22.36929    -25.856583  ], 7
6, 13, [13], [6], [33.143124], 1
10, 2, [2], [10], [33.12372], 1

2, 2, [2], [2], [33.109116], 1
9, 14, [14], [9], [33.10224], 1
10, 12, [12], [10], [33.034393], 1
12, 3, [3], [12], [33.033394], 1
7, 15, [15  8], [7 7], [32.992264 33.192642], 2
13, 14, [14], [13], [33.170933], 1
10, 11, [11], [10], [33.130203], 1
5, 2, [2], [5], [33.114132], 1
7, 16, [16 13 14 13  5  1 11], [7 0 7 0 5 5 7], [  5.327067 -13.051116 -15.345985 -34.19594  -37.25402  -35.48172
 -25.864769], 7
5, 2, [2], [5], [33.113472], 1
11, 7, [7], [11], [33.13034], 1
5, 3, [ 3 16], [5 5], [32.911892 33.11707 ], 2
13, 11, [11], [13], [33.106747], 1
12, 16, [16], [12], [33.129036], 1
5, 3, [3 8], [3 5], [-10.0717945  33.152527 ], 2
10, 13, [13], [10], [33.201637], 1
5, 13, [13], [5], [33.15002], 1
1, 9, [9], [1], [33.068504], 1
1, 8, [8], [1], [33.148697], 1
8, 12, [12  2 10 13 15  9 14], [4 4 4 4 4 4 4], [-43.12654  -21.940638 -30.113405 -36.9891   -41.90933  -43.26586
 -38.85534 ], 7
5, 16, [16], [5], [33.119884], 1
2, 5, [5 1 7], [3 3 2], [-20.415771  15.917111  33.12551 ], 3
11, 8, [8], [11], [33.162903], 1
5, 5, [5 2], [5 5], [32.90214  33.112633], 2
1, 3, [3], [1], [33.036083], 1
9, 11, [11], [9], [33.10653], 1
3, 1, [1], [3], [33.04088], 1
6, 4, [4 7], [6 6], [32.912292 33.1288  ], 2
3, 7, [7], [3], [33.12526], 1
11, 2, [2], [11], [33.127083], 1
10, 4, [ 4 13], [11 10], [-10.042128  33.202213], 2
0, 16, [16  8], [13  0], [-9.987705 33.15029 ], 2

1, 13, [13], [1], [33.144398], 1
9, 9, [9], [9], [33.0422], 1
13, 6, [6], [13], [33.227066], 1
4, 16, [16 15  4  2 13  4  9], [4 4 4 4 4 4 4], [ 18.506374     8.942686    -0.17916441  -8.691586   -16.364986
 -22.5358     -25.952648  ], 7
12, 2, [2], [12], [33.125626], 1
6, 10, [10  8], [3 6], [-10.054317  33.126465], 2
3, 16, [16  1  2], [2 3 3], [-12.543512  28.907879  33.108105], 3
12, 7, [7], [12], [33.14453], 1
6, 3, [ 3 10 15  4 13], [2 3 7 6 6], [-30.65274    -1.150765    4.6316075  20.920574   33.14308  ], 5
4, 16, [16  6 15 12  3  2 16], [4 4 4 4 4 4 4], [ 18.532991    8.98705    -0.2306447  -8.80122   -16.398478  -22.388136
 -25.859238 ], 7
5, 1, [ 1  5  8 11], [5 5 9 5], [22.80061  16.267927 12.056723 33.108967], 4
4, 15, [15  3 14 16 10  5  8], [4 4 4 4 4 4 4], [ 18.443304     8.988532    -0.07644176  -8.701838   -16.404331
 -22.47396    -25.848663  ], 7
6, 10, [10 14], [2 6], [-10.061728  33.113113], 2
6, 2, [2], [6], [33.11631], 1
6, 12, [12  7], [3 6], [-10.0884285  33.1288   ], 2
2, 1, [1 8], [2 2], [32.933193 33.149433], 2
12, 8, [8], [12], [33.217083], 1
12, 4, [4], [12], [33.039383], 1
11, 7, [7], [11], [33.13051], 1
8, 4, [ 4 14 13 11  7 14 16], [8 4 4 4 4 4 4], [ -0.07304955 -21.848526   -29.988644   -36.908566   -41.759125
 -43.1709     -38.85926   ], 7
9, 12, [12], [9], [33.045868], 1
12, 13, [13], [12], [33.20405], 1
7, 14, [14 13 10 16], [7 7 5 7], [22.95911  16.33882  11.960216 33.14955 ], 4
1, 3, [3], [1], [33.036083], 1
7, 11, [11  7 16 11 16  1 11], [7 5 7 7 7 0 7], [12.547921   -0.98638535  4.7988853  -0.59434676 -2.8914096  -0.07817078
 33.141155  ], 7
13, 6, [6], [13], [33.22692], 1
10, 6, [6], [10], [33.185112], 1
3, 14, [14], [3], [33.12253], 1
1, 14, [14], [1], [33.12245], 1
6, 2, [2], [6], [33.11631], 1
7, 2, [ 2  8 14 16], [5 7 7 7], [-15.352943  24.226238  25.059944  33.149223], 4
2, 12, [12], [2], [33.034943], 1

2, 5, [ 5 13], [5 2], [-10.080378  33.14196 ], 2
6, 7, [7], [6], [33.128826], 1
4, 12, [12 14  9 14  2 16  8], [4 4 4 4 4 4 4], [ 18.477299     9.06572     -0.13156939  -8.631533   -16.293655
 -22.368439   -25.848663  ], 7
13, 10, [10], [13], [33.063507], 1
2, 7, [7], [2], [33.126797], 1
9, 3, [3], [9], [33.033295], 1
0, 16, [16  8 11  8  1 11  8], [0 0 3 0 3 3 0], [ 11.214361   -3.1853456 -20.582762  -21.151573  -37.195984  -35.39221
 -25.833984 ], 7
8, 14, [14  2 11  7  8  3 16], [4 4 4 4 4 8 4], [-41.975853 -20.200855 -27.21377  -32.267017 -34.017384 -30.281199
 -38.859245], 7
10, 12, [12], [10], [33.034378], 1
2, 14, [14], [2], [33.109455], 1
10, 15, [15 16], [11 10], [-10.050795  33.179134], 2
12, 9, [9], [12], [33.043884], 1
4, 10, [10  2  7  6 16 15  1], [4 4 4 4 4 4 8], [ 17.922434    8.070642   -1.7612734 -11.5078125 -21.055416  -30.32695
 -38.961884 ], 7
1, 4, [4], [1], [33.03228], 1
13, 12, [12], [13], [33.03952], 1
8, 10, [10 12  7 15 14 15  9], [4 4 4 4 4 4 4], [-43.130226 -22.017296 -30.091831 -37.05874  -41.848186 -43.32141
 -38.952644], 7
0, 16, [16 11], [0 0], [32.989136 33.112022], 2
12, 10, [10], [12], [33.056423], 1
3, 12, [12 13], [3 3], [32.92087 33.14467], 2
3, 2, [2], [3], [33.108456], 1
4, 2, [ 2 15  6  8  7  9 13], [4 4 4 4 4 4 4], [ 18.534647     9.012065    -0.06353426  -8.647729   -16.33183
 -22.458736   -25.843506  ], 7
0, 4, [ 4  5 14 15 11 16 11], [0 5 7 0 0 0 0], [  5.9438176 -11.818907  -13.088723   -8.725356  -16.323334  -22.40498
 -25.880348 ], 7
3, 11, [11], [3], [33.10688], 1
8, 9, [ 9 16  7 10  8  9  8], [4 4 4 8 4 4 4], [-40.28102  -17.213942 -22.257828 -24.00207  -41.80578  -43.261856
 -38.848663], 7
2, 6, [6], [2], [33.144638], 1
11, 2, [2], [11], [33.127167], 1
11, 11, [11], [11], [33.138626], 1
5, 16, [16], [5], [33.114433], 1
12, 8, [8], [12], [33.217903], 1
5, 4, [4 3], [5 5], [32.860023 33.043495], 2
4, 15, [15 14  1 16  8 11 13], [4 4 4 4 4 4 4], [ 18.489235     9.065081    -0.13263464  -8.617927   -16.264433
 -22.359669   -25.843506  ], 7
2, 14, [14], [2], [33.113567], 1

4, 15, [15  6  8  6 11  9  8], [4 4 4 4 4 4 4], [ 18.506556     9.093968    -0.05244589  -8.672973   -16.33068
 -22.461857   -25.848663  ], 7
2, 10, [10  8], [0 2], [-10.04051  33.14936], 2
9, 16, [16], [9], [33.129326], 1
1, 12, [12], [1], [33.03421], 1
0, 5, [ 5 14], [3 0], [-10.0876465  33.130768 ], 2
7, 3, [ 3 14 13], [2 7 7], [-12.515781  29.077744  33.169178], 3
11, 14, [14], [11], [33.068863], 1
3, 6, [6], [3], [33.148373], 1
7, 14, [14  8  1 16], [7 7 2 7], [22.97308  16.33651  11.928373 33.149612], 4
3, 8, [8], [3], [33.1839], 1
10, 3, [3], [10], [33.033028], 1
9, 14, [14], [9], [33.1024], 1
10, 8, [8], [10], [33.136375], 1
6, 1, [1 6], [3 6], [-10.072969  33.14263 ], 2
7, 7, [ 7 13  6 14  2 16], [7 7 5 7 7 7], [18.261463   8.54125   -1.0357318 11.355781  16.99871   33.149612 ], 6
12, 16, [16], [12], [33.129086], 1
1, 14, [14], [1], [33.122387], 1
10, 7, [7], [10], [33.12962], 1
0, 9, [ 9  4 13], [0 0 0], [30.40033  28.923231 33.147003], 3
2, 3, [ 3 11], [2 2], [32.902676 33.10787 ], 2
2, 4, [ 4 14], [0 2], [-10.099125  33.109688], 2
7, 3, [3 8 6 8], [3 0 5 7], [-27.914875    3.4130359  12.089406   33.204964 ], 4
12, 8, [8], [12], [33.217617], 1
8, 4, [ 4 14  5 11  2  8 16], [8 4 4 4 4 4 4], [ -0.11847496 -21.924044   -30.114506   -36.916237   -41.77112
 -43.164207   -38.859238  ], 7
12, 4, [4], [12], [33.039383], 1
0, 9, [ 9 14 13], [0 0 0], [30.45922  29.023829 33.147514], 3
8, 16, [16 11  5  6 10 14 11], [4 4 8 4 4 4 4], [-38.34362  -14.140638 -17.145119 -36.966827 -41.820442 -43.16748
 -38.85357 ], 7
2, 10, [10 16], [3 2], [-10.064453  33.109653], 2
9, 1, [1], [9], [33.032837], 1
6, 12, [12  5 14], [3 3 6], [-20.424774  15.901679  33.11311 ], 3
3, 9, [9 7], [6 3], [-10.077866  33.124756], 2
9, 3, [3], [9], [33.033325], 1

4, 16, [16  7  8  6 16 14 10], [4 4 4 4 4 4 4], [ 18.61143      9.117789    -0.04270792  -8.656743   -16.30363
 -22.40731    -25.919952  ], 7
12, 16, [16  7], [12 12], [33.02726 33.14454], 2
11, 8, [8], [11], [33.166145], 1
9, 15, [15], [9], [33.044956], 1
9, 6, [6], [9], [33.2322], 1
0, 10, [10  2], [2 0], [-10.061653  33.11245 ], 2
4, 8, [ 8 14 13 11 13  7  5], [4 4 4 4 4 4 8], [ 18.022469    8.118551   -1.7101836 -11.444467  -20.984833  -30.235546
 -38.964935 ], 7
7, 7, [ 7  6 11  9  8], [5 7 7 0 7], [-20.809013  15.094942   9.915357   7.95934   33.193962], 5
6, 1, [1 6], [3 6], [-10.072798  33.142548], 2
13, 1, [1], [13], [33.0363], 1
8, 15, [15 14 16 10 16  8  7], [4 4 4 8 4 4 4], [-40.27063  -17.201351 -22.243355 -23.973522 -41.75681  -43.162613
 -38.856586], 7
9, 4, [4], [9], [33.032597], 1
12, 14, [14], [12], [33.073124], 1
12, 5, [5], [12], [33.035156], 1
0, 10, [10 16], [5 0], [-10.061779  33.113815], 2
0, 2, [2], [0], [33.112537], 1
8, 7, [ 7  6 10 11 15 13 15], [4 4 4 4 4 4 4], [-43.02013  -21.93924  -30.107792 -36.9798   -41.87785  -43.213394
 -38.949814], 7
10, 8, [8], [10], [33.13657], 1
10, 16, [16 15], [ 7 10], [-10.020739  33.042442], 2
5, 13, [13], [5], [33.148796], 1
8, 7, [ 7  8 13  2  9 14  7], [4 4 4 4 4 4 4], [-42.978233 -21.869415 -30.034584 -36.985134 -41.854233 -43.16929
 -38.856583], 7
1, 1, [1], [1], [33.039967], 1
0, 6, [6 7], [0 0], [33.017982 33.128323], 2
3, 4, [ 4 14], [6 3], [-10.090857  33.1232  ], 2
3, 7, [7], [3], [33.125156], 1
12, 4, [4], [12], [33.039387], 1
4, 7, [ 7  6 16  4 16 13  6], [4 4 4 8 4 4 4], [ 15.775263    4.3864145  -7.89837   -21.731884  -16.280186  -22.368244
 -25.874565 ], 7
9, 16, [16], [9], [33.12961], 1
13, 15, [15], [13], [33.045372], 1
11, 4, [4], [11], [33.032127], 1
1, 5, [5], [1], [33.03304], 1
13, 3, [3], [13], [33.03463], 1

11, 12, [12], [11], [33.03379], 1
1, 6, [6], [1], [33.14451], 1
11, 3, [3], [11], [33.032978], 1
13, 2, [2], [13], [33.171543], 1
7, 8, [8 3 8], [7 2 7], [22.763992 15.956308 33.19358 ], 3
3, 15, [15], [3], [33.059036], 1
6, 6, [6], [6], [33.14318], 1
5, 12, [12  7  5], [3 5 5], [-12.594036  28.952976  33.03472 ], 3
13, 11, [11], [13], [33.106747], 1
12, 16, [16], [12], [33.129177], 1
13, 15, [15], [13], [33.045372], 1
12, 10, [10], [12], [33.05641], 1
5, 10, [10  8], [3 5], [-10.039692  33.15104 ], 2
4, 1, [ 1 12  1 14  2 11  8], [4 4 4 4 4 4 4], [ 18.410597     8.954126    -0.13956785  -8.629482   -16.29024
 -22.362745   -25.848633  ], 7
5, 5, [ 5  7 14  7 14  7 10], [3 5 5 5 5 5 7], [-25.108622    8.095715   -1.7301497 -11.458958  -20.98851   -30.222893
 -38.928402 ], 7
6, 11, [11], [6], [33.120926], 1
11, 10, [10], [11], [33.120426], 1
1, 11, [11], [1], [33.106823], 1
11, 16, [16], [11], [33.18393], 1
3, 11, [11], [3], [33.106895], 1
13, 14, [14], [13], [33.170944], 1
11, 1, [1], [11], [33.035275], 1
5, 15, [15 10  8], [3 5 5], [-12.559412  28.962086  33.15349 ], 3
10, 3, [3], [10], [33.032997], 1
8, 1, [ 1  7  8  6  7 13  6], [8 4 4 8 4 4 8], [  3.3358583 -16.170525  -20.52323   -21.124311  -37.078487  -35.369835
 -25.87722  ], 7
3, 2, [2], [3], [33.108444], 1
9, 1, [1], [9], [33.03279], 1
6, 1, [ 1 11], [2 6], [-10.083927  33.120903], 2
4, 4, [ 4  8 14 11 16  8  9], [4 4 4 4 4 4 4], [ 18.512346     9.127588    -0.03958368  -8.640408   -16.311401
 -22.420258   -25.95266   ], 7
12, 8, [8], [12], [33.21707], 1
3, 10, [10  8], [3 3], [32.97846 33.18346], 2
9, 10, [10], [9], [33.083317], 1

0, 14, [14  6  3  8 14  3 10], [0 0 2 0 0 2 2], [ 12.265575   -1.4500971 -17.652218  -16.151539  -28.85474   -43.318275
 -38.9283   ], 7
6, 2, [2], [6], [33.11631], 1
5, 5, [5 7], [11  5], [-10.088665  33.127617], 2
8, 10, [10 16 14 12  2  1  8], [4 4 4 4 4 8 4], [-42.05799  -20.230078 -27.285318 -32.3833   -34.03524  -30.271082
 -38.84864 ], 7
6, 2, [2], [6], [33.11503], 1
8, 9, [ 9  6  7  2 16 11 16], [4 4 4 4 4 4 4], [-43.08244  -21.882967 -30.014006 -36.929035 -41.760735 -43.169125
 -38.85926 ], 7
12, 13, [13], [12], [33.205254], 1
6, 9, [9 8], [0 6], [-10.077972  33.126472], 2
10, 1, [1], [10], [33.034653], 1
7, 10, [10  8  4  5  6], [3 5 7 3 7], [-28.717602   2.02156    9.781205   7.912924  33.13151 ], 5
5, 8, [8], [5], [33.159504], 1
0, 2, [2], [0], [33.11251], 1
9, 6, [6], [9], [33.231804], 1
6, 16, [16], [6], [33.109386], 1
6, 6, [6], [6], [33.142605], 1
3, 10, [10  7], [2 3], [-10.054253  33.12478 ], 2
13, 5, [5], [13], [33.039154], 1
13, 6, [6], [13], [33.226807], 1
12, 14, [14], [12], [33.074093], 1
1, 6, [6], [1], [33.14451], 1
1, 10, [10], [1], [33.068546], 1
13, 16, [16], [13], [33.121925], 1
7, 8, [ 8 13 10 11 16], [7 0 5 7 7], [12.557492  -1.0353246  4.687332  21.02848   33.149612 ], 5
5, 5, [ 5 16], [5 5], [32.905067 33.116997], 2
13, 9, [9], [13], [33.042507], 1
0, 5, [ 5 11 16  8  6  1 16], [2 0 3 0 0 3 3], [-30.818644   -1.4211187 -17.559258  -16.132584  -28.829979  -43.28621
 -38.879707 ], 7
8, 15, [15 14 15  7  1 13  8], [4 4 4 4 8 4 4], [-41.425385 -19.125954 -25.451027 -29.168694 -28.85351  -43.152687
 -38.84864 ], 7
10, 9, [9 1], [11 10], [-10.135405  33.03456 ], 2
11, 3, [3], [11], [33.032997], 1
1, 2, [2], [1], [33.11564], 1
1, 16, [16], [1], [33.120243], 1
8, 10, [10 16 14  7 12  7  8], [8 4 4 4 4 4 4], [ -0.04919434 -21.882929   -30.039476   -36.97356    -41.86162
 -43.165787   -38.848663  ], 7

9, 10, [10], [9], [33.079918], 1
6, 4, [4 7], [6 6], [32.912006 33.1288  ], 2
5, 2, [2 5], [5 5], [32.932735 33.035065], 2
6, 16, [16], [6], [33.10907], 1
6, 1, [ 1 11], [3 6], [-10.087244  33.120846], 2
7, 9, [ 9 14 12  7  8], [0 7 6 5 7], [-25.58274     7.2879043  -3.135138    8.050548   33.19362  ], 5
10, 15, [15], [10], [33.04249], 1
4, 14, [14 11 14 12  6 11  1], [4 4 4 4 4 4 4], [ 18.592026     9.07894     -0.11249113  -8.76192    -16.332977
 -22.43069    -25.961876  ], 7
8, 12, [12  8 13  2 14 16  3], [4 8 4 4 4 4 4], [-35.276443  -8.857185 -30.014524 -36.9517   -41.798508 -43.238617
 -38.965595], 7
12, 7, [7], [12], [33.14453], 1
9, 8, [8], [9], [33.22896], 1
10, 6, [6 4 7], [ 9 11 10], [-20.231022  15.914057  33.129387], 3
12, 4, [4], [12], [33.039383], 1
9, 1, [1], [9], [33.032795], 1
4, 16, [16  8  6  1  8 16 15], [4 4 4 4 4 4 4], [ 18.587679     9.078197    -0.12190199  -8.7455635  -16.30614
 -22.429129   -25.949814  ], 7
4, 5, [ 5  4 13  6 11 13  3], [4 8 4 4 4 4 4], [ 10.642785    -3.9874206   -0.03906536  -8.659268   -16.307285
 -22.422863   -25.965595  ], 7
4, 12, [12  2 14 10  7 14 12], [4 4 4 4 4 4 4], [ 18.485111     9.078739    -0.08111477  -8.709627   -16.316158
 -22.432621   -25.962135  ], 7
0, 4, [ 4 14], [5 0], [-10.087055  33.130604], 2
12, 5, [5], [12], [33.03517], 1
13, 14, [14], [13], [33.17094], 1
10, 8, [8], [10], [33.136505], 1
7, 6, [ 6  7 11 10  7  6  5], [5 7 5 5 7 5 2], [-33.513325  -6.105961 -25.403673 -29.209873 -28.801573 -43.230103
 -38.965576], 7
1, 4, [4], [1], [33.032276], 1
7, 2, [ 2  9 10 15 14  4 10], [7 0 5 7 5 0 5], [  2.6914978 -17.362171  -22.34437   -24.025166  -41.839447  -43.323326
 -38.929123 ], 7
5, 15, [15 13], [5 5], [32.94842 33.14854], 2
4, 6, [ 6 14 11 10  7 13  4], [4 4 4 4 4 4 4], [ 18.584492     9.098421    -0.07706642  -8.705834   -16.309803
 -22.422028   -25.964207  ], 7
11, 12, [12], [11], [33.033817], 1
11, 7, [7], [11], [33.130417], 1
9, 15, [15], [9], [33.044846], 1
11, 11, [11], [11], [33.13862], 1
9, 7, [7], [9], [33.18141], 1
10, 6, [6], [10], [33.187283], 1

3, 12, [12  8], [3 3], [32.944294 33.183453], 2
3, 10, [10  2], [3 3], [32.933403 33.108124], 2
5, 7, [7 8], [5 5], [33.023876 33.151073], 2
7, 10, [10 14 12  9  7  6  5], [5 5 2 0 7 5 5], [-41.41787  -19.147518 -25.503447 -29.230598 -28.78917  -43.21181
 -38.963726], 7
9, 14, [14 10], [11  9], [-10.067627  33.080055], 2
0, 14, [14  7], [0 0], [33.013676 33.128387], 2
13, 9, [9], [13], [33.042503], 1
1, 3, [3], [1], [33.036083], 1
10, 3, [3], [10], [33.03306], 1
12, 10, [10], [12], [33.0564], 1
3, 4, [ 4 14], [6 3], [-10.091068  33.123154], 2
0, 11, [11 12 13], [0 5 0], [22.668203 15.922945 33.147377], 3
12, 3, [3], [12], [33.033382], 1
1, 12, [12], [1], [33.03421], 1
4, 9, [ 9 11  3 13 12 14  7], [4 4 8 4 8 4 4], [ 12.109221   -1.5635347 -17.849947  -16.473806  -29.383835  -22.369287
 -25.856583 ], 7
12, 2, [2], [12], [33.124535], 1
1, 14, [14], [1], [33.122467], 1
12, 14, [14], [12], [33.073067], 1
6, 3, [ 3 14], [3 6], [-10.095261  33.11301 ], 2
9, 5, [5], [9], [33.03292], 1
3, 14, [14], [3], [33.12285], 1
3, 12, [12  8], [3 3], [32.944466 33.183784], 2
7, 1, [ 1  5 16], [2 3 7], [-20.402449  15.923875  33.149956], 3
11, 11, [11], [11], [33.138546], 1
1, 6, [6], [1], [33.144512], 1
8, 16, [16 11  6 14  8  3  1], [4 4 4 4 8 4 8], [-37.94726    -13.480006   -16.044065   -13.615837    -2.934164
  -0.14282227  33.037952  ], 7
12, 6, [6], [12], [33.25429], 1
4, 14, [14  2  4  6  8 13  4], [4 4 4 4 4 4 4], [ 18.564358     9.032829    -0.15762949  -8.655694   -16.301882
 -22.422031   -25.96421   ], 7
6, 5, [ 5 14], [3 6], [-10.098322  33.11311 ], 2
13, 16, [16], [13], [33.121925], 1
9, 7, [7], [9], [33.181377], 1
9, 16, [16], [9], [33.13999], 1

3, 16, [16], [3], [33.114243], 1
11, 13, [13], [11], [33.16336], 1
2, 11, [11], [2], [33.10795], 1
11, 3, [3], [11], [33.032974], 1
5, 8, [ 8 10], [9 5], [-9.969273 33.070587], 2
7, 1, [ 1 14 10 14 10  8], [3 0 6 0 6 7], [-37.16612   -12.012721  -13.6042385  -9.458214    3.9866066  33.19319  ], 6
1, 3, [3], [1], [33.036083], 1
3, 13, [13], [3], [33.144978], 1
5, 15, [15  9  5 13], [3 5 5 5], [-15.53644   23.998428  24.92216   33.14605 ], 4
0, 10, [10  8 14], [3 0 0], [-12.504238  29.042952  33.131065], 3
7, 7, [7 5 8], [7 2 7], [22.706339 15.950157 33.19319 ], 3
12, 7, [7], [12], [33.144505], 1
3, 8, [8], [3], [33.184216], 1
2, 6, [6], [2], [33.144257], 1
3, 5, [5], [3], [33.033585], 1
2, 6, [6], [2], [33.144253], 1
6, 13, [13], [6], [33.143116], 1
5, 4, [ 4  3  7 13], [6 6 5 5], [-23.333298  11.052395  25.022581  33.146683], 4
0, 15, [15  8 13], [0 0 0], [30.500004 29.050606 33.14837 ], 3
2, 14, [14], [2], [33.10971], 1
8, 5, [ 5 13  4 11  5  3  8], [4 4 8 4 4 8 4], [-37.441353 -12.460984 -14.362467 -32.330887 -34.12966  -30.274832
 -38.848663], 7
5, 4, [ 4 16], [6 5], [-10.099209  33.10878 ], 2
12, 6, [6], [12], [33.25464], 1
8, 15, [15  5 12  8  6  3  9], [4 8 4 8 4 4 8], [-31.96721   -3.362318 -20.662163 -21.166716 -37.19706  -35.537495
 -25.953167], 7
9, 12, [12], [9], [33.045837], 1
13, 8, [8], [13], [33.182983], 1
3, 8, [8], [3], [33.18292], 1
3, 6, [6], [3], [33.157047], 1
5, 1, [ 1 14], [2 5], [-10.089182  33.110138], 2
8, 6, [ 6 14  6 16 10 16 14], [4 4 4 4 8 4 4], [-41.319656 -19.075153 -25.366354 -29.152985 -28.822906 -43.172447
 -38.85534 ], 7
1, 16, [16  7], [1 1], [32.99649 33.12516], 2
0, 12, [12  9 11  9  7], [3 0 3 0 0], [-22.859848   11.842808    4.6604333  20.920418   33.127705 ], 5

7, 3, [ 3  1  2 13  8], [3 3 7 7 7], [-25.945568   6.69509   17.755642  21.077492  33.192642], 5
8, 3, [ 3 15 16 13  8 13  6], [1 4 4 4 4 4 4], [-43.133156 -21.946949 -29.995226 -36.893272 -41.74961  -43.168243
 -38.874565], 7
9, 7, [7], [9], [33.181248], 1
1, 7, [7], [1], [33.12523], 1
10, 1, [1], [10], [33.034622], 1
2, 4, [4 8], [6 2], [-10.075085  33.149452], 2
1, 9, [9], [1], [33.068512], 1
13, 7, [7], [13], [33.159756], 1
0, 16, [16  7], [0 0], [32.999275 33.128597], 2
12, 5, [5], [12], [33.03515], 1
6, 2, [2], [6], [33.11631], 1
13, 12, [12], [13], [33.03952], 1
9, 11, [11], [9], [33.106625], 1
5, 15, [15 16], [5 5], [32.935715 33.11679 ], 2
10, 1, [1], [10], [33.034626], 1
6, 6, [6 8], [9 6], [-9.932882 33.125874], 2
6, 15, [15 13], [3 6], [-10.049553  33.14308 ], 2
10, 16, [16 14], [ 7 10], [-9.997793 33.0746  ], 2
7, 3, [ 3  2  9 11  7 14 16], [2 5 6 7 0 7 0], [-39.31303  -15.585178 -19.492857 -19.233597 -33.955437 -30.152843
 -38.866734], 7
9, 5, [5 2], [11  9], [-10.089384  33.12647 ], 2
3, 6, [6], [3], [33.14859], 1
5, 1, [ 1 13], [3 5], [-10.069939  33.147434], 2
12, 14, [14], [12], [33.072994], 1
9, 7, [7], [9], [33.181557], 1
1, 13, [13], [1], [33.14439], 1
2, 10, [10 15  8], [3 7 2], [-20.35019   15.967001  33.14934 ], 3
8, 15, [15 13  4 11 14 11  8], [4 4 8 4 4 4 8], [-37.80794  -13.09687  -15.422277 -34.097324 -37.07293  -35.36265
 -25.848473], 7
6, 15, [15 14], [2 6], [-10.066778  33.113106], 2
5, 14, [14], [5], [33.116165], 1
10, 6, [6], [10], [33.18467], 1
5, 11, [11 16], [7 5], [-9.9952965 33.114605 ], 2
8, 12, [12 13  7 11 14  8  7], [4 4 4 4 4 4 4], [-43.068054 -21.843199 -29.999489 -36.904835 -41.752907 -43.162613
 -38.856583], 7

1, 7, [7], [1], [33.125286], 1
8, 5, [ 5 14  6  4 12  7  6], [4 4 4 8 4 4 4], [-40.31553  -17.251272 -22.326553 -24.086647 -41.870995 -43.181328
 -38.874565], 7
8, 14, [14  7 16 14  6  1 14], [4 4 4 4 8 8 4], [-40.28632  -17.384972 -22.54731  -24.480705 -21.04228  -30.2751
 -38.85534 ], 7
0, 10, [10  3  6 15  8], [5 3 0 0 0], [-25.928417    6.6694403  17.719501   20.964184   33.157204 ], 5
13, 15, [15], [13], [33.045372], 1
0, 3, [3 6 4 8], [5 0 0 0], [-15.50143   24.09813   24.928553  33.15565 ], 4
5, 9, [ 9  6  9 11 13], [5 5 5 5 5], [24.896719 19.75274  17.642817 20.996115 33.146812], 5
3, 12, [12  2], [3 3], [32.900013 33.10829 ], 2
7, 11, [11 14  8 13], [7 7 5 7], [22.979465 16.400272 12.055122 33.171707], 4
7, 5, [ 5  6 12  8], [3 5 3 7], [-27.962246    3.3397534  11.956227   33.204033 ], 4
2, 4, [4], [2], [33.034332], 1
13, 2, [2], [13], [33.171547], 1
5, 9, [9], [5], [33.04449], 1
6, 14, [14], [6], [33.11311], 1
2, 8, [8], [2], [33.14949], 1
0, 7, [7], [0], [33.12863], 1
11, 7, [7], [11], [33.130558], 1
11, 9, [9], [11], [33.04458], 1
11, 15, [15], [11], [33.04181], 1
8, 11, [11  2 14 11 16  8  7], [4 4 4 4 4 4 4], [-42.97652  -21.872385 -29.999653 -36.90719  -41.756832 -43.162613
 -38.856583], 7
6, 1, [ 1 13], [2 6], [-10.07082  33.14308], 2
8, 6, [ 6 13  7  8 10 11 14], [4 4 4 8 8 4 4], [-38.49505  -14.367477 -17.539955 -16.13895  -28.817465 -43.16677
 -38.85534 ], 7
9, 2, [2], [9], [33.126347], 1
10, 16, [16  7], [ 7 10], [-9.963598 33.129395], 2
11, 11, [11], [11], [33.1386], 1
2, 13, [13], [2], [33.14216], 1
13, 16, [16], [13], [33.121944], 1
4, 6, [ 6  8 13  8  6 15 11], [4 4 4 4 4 4 4], [ 18.602074     9.12773     -0.03934717  -8.659739   -16.351795
 -22.462051   -25.853565  ], 7
10, 7, [7], [10], [33.129654], 1
1, 6, [6], [1], [33.144512], 1
6, 8, [8], [6], [33.12655], 1
5, 7, [7 6 5 8], [7 5 5 5], [-15.390672  24.119844  24.928707  33.154335], 4

3, 4, [ 4 15], [2 3], [-10.130209  33.0585  ], 2
0, 6, [6], [0], [33.140675], 1
13, 12, [12], [13], [33.03952], 1
7, 2, [2 3 7 8], [7 6 7 7], [19.751247 11.070166 25.052673 33.192642], 4
3, 15, [15  7], [3 3], [32.93561 33.12478], 2
7, 11, [11  9  8], [5 5 7], [-20.301579  15.959807  33.19358 ], 3
13, 1, [1], [13], [33.0363], 1
3, 13, [13], [3], [33.14547], 1
1, 1, [1], [1], [33.039963], 1
5, 1, [1 8], [2 5], [-10.06778   33.150845], 2
0, 4, [ 4 12  2], [0 6 0], [22.576275 15.902013 33.112587], 3
8, 1, [ 1 10  7 11 14  5 16], [4 8 4 4 4 4 4], [-35.32211   -8.933718 -30.025192 -36.947678 -41.823524 -43.28031
 -38.859245], 7
0, 3, [ 3  8  5 13], [5 0 3 0], [-20.169704  16.317554  11.922789  33.148335], 4
8, 8, [ 8 10 13 14 15  2  3], [8 4 4 4 4 4 4], [-1.5484810e-02 -2.1944592e+01 -3.0041065e+01 -3.6995934e+01
 -4.1900993e+01 -4.3251953e+01 -3.8965595e+01], 7
0, 7, [ 7 10  4  7 14  8 13], [3 5 5 3 0 0 0], [-37.01686   -11.91008   -13.300016   -8.890958    4.9664254  13.05221
  33.14749  ], 7
11, 4, [4], [11], [33.03215], 1
9, 10, [10], [9], [33.07991], 1
11, 16, [16], [11], [33.184322], 1
0, 1, [ 1 14], [3 0], [-10.079512  33.130768], 2
5, 1, [1 6], [3 5], [-10.062212  33.16044 ], 2
7, 4, [ 4  8  4 16], [0 0 0 7], [-27.976482    3.3141499  11.924596   33.149277 ], 4
13, 10, [10], [13], [33.063507], 1
4, 14, [14 15  8  2 10 15 14], [4 4 4 4 4 4 4], [ 18.547617     9.004925    -0.07541513  -8.711255   -16.39777
 -22.463028   -25.85534   ], 7
11, 5, [5], [11], [33.035007], 1
12, 8, [8], [12], [33.21757], 1
11, 5, [5], [11], [33.03502], 1
5, 3, [3 8], [5 5], [32.93551  33.157955], 2
0, 8, [ 8 15  6 15 16], [0 0 0 0 0], [24.97908  19.691998 17.703928 20.937696 33.113426], 5
6, 15, [15  8], [0 6], [-10.056131  33.12647 ], 2
4, 6, [ 6  8 13 14  8 16 10], [4 4 4 4 4 4 4], [ 1.8607941e+01  9.1375093e+00 -2.3048401e-02 -8.6325741e+00
 -1.6295393e+01 -2.2411217e+01 -2.5919952e+01], 7
10, 11, [11], [10], [33.13004], 1
8, 10, [10  2 14 10 14  3  8], [8 4 4 8 4 4 8], [  3.344512 -16.218334 -20.576233 -21.201488 -37.140144 -35.474678
 -25.848473], 7

1, 12, [12], [1], [33.034206], 1
4, 4, [ 4  8 11 14 11  6  8], [8 4 4 4 4 4 4], [-24.483469     9.13397     -0.02894688  -8.625634   -16.283825
 -22.383762   -25.848663  ], 7
7, 13, [13  8 16  8 10 12  8], [7 7 7 7 5 5 7], [ 18.721937     9.265412     0.12628984  -8.385873   -15.959186
  -0.04911232  33.193592  ], 7
6, 7, [7], [6], [33.128826], 1
12, 15, [15], [12], [33.041355], 1
12, 8, [8], [12], [33.217514], 1
0, 12, [12 14], [5 0], [-10.08712   33.130604], 2
12, 12, [12], [12], [33.03621], 1
4, 1, [ 1  8 13  7 16  3 14], [4 4 4 4 4 4 4], [ 18.513731   9.126017  -0.042202  -8.664496 -16.346518 -22.478798
 -25.85534 ], 7
10, 14, [14], [10], [33.075333], 1
2, 15, [15  8], [7 2], [-10.032999  33.14934 ], 2
10, 5, [5], [10], [33.03441], 1
3, 1, [ 1 14], [6 3], [-10.081301  33.123066], 2
6, 3, [3 8], [2 6], [-10.086254  33.12647 ], 2
10, 5, [5], [10], [33.034447], 1
13, 11, [11], [13], [33.10676], 1
13, 3, [3], [13], [33.03463], 1
8, 8, [ 8  2 11  5  8 13  6], [4 4 4 4 4 4 4], [-42.99464  -21.909962 -30.062279 -37.01453  -41.74961  -43.168243
 -38.874565], 7
2, 14, [14], [2], [33.110176], 1
1, 8, [8], [1], [33.148754], 1
13, 7, [7], [13], [33.15975], 1
6, 8, [8], [6], [33.126545], 1
12, 8, [8], [12], [33.2177], 1
4, 8, [ 8 14 11  5  4 13  6], [4 4 4 4 8 4 4], [ 16.906193    6.2580376  -4.811041  -16.59579   -29.385048  -22.368443
 -25.874897 ], 7
10, 13, [13], [10], [33.201706], 1
3, 2, [2], [3], [33.10852], 1
6, 8, [8], [6], [33.126537], 1
2, 12, [12 14], [3 2], [-10.100014  33.109406], 2
8, 7, [ 7  9 13 14 13  7 14], [4 4 4 4 4 4 4], [-43.022797 -21.943686 -29.985044 -36.902565 -41.74538  -43.169792
 -38.85534 ], 7
6, 7, [7], [6], [33.128826], 1
1, 16, [16], [1], [33.120235], 1
3, 11, [11], [3], [33.107357], 1

6, 6, [6], [6], [33.142727], 1
5, 11, [11], [5], [33.11083], 1
1, 1, [1], [1], [33.039967], 1
7, 7, [ 7  4  7  8 14  7 13], [7 0 7 7 7 7 0], [ 10.14944    -4.9772897  -1.6872201 -11.371722  -20.933083  -30.170328
 -38.844162 ], 7
6, 5, [ 5  3 16], [2 2 6], [-20.424618  15.903096  33.108757], 3
5, 4, [ 4 11], [2 5], [-10.09973  33.10861], 2
9, 10, [10], [9], [33.082474], 1
6, 4, [ 4  5 14], [0 2 6], [-20.423782  15.901976  33.11331 ], 3
9, 5, [5], [9], [33.03251], 1
1, 7, [7], [1], [33.12522], 1
13, 5, [5], [13], [33.039154], 1
8, 16, [16 14  9  7 11  3 10], [4 4 4 4 4 8 4], [-42.008503 -20.248732 -27.32232  -32.282772 -34.04364  -30.317581
 -38.91991 ], 7
11, 3, [ 3 13], [10 11], [-10.068724  33.163857], 2
9, 4, [4], [9], [33.032597], 1
13, 4, [4], [13], [33.041412], 1
0, 12, [12 14 13], [3 0 0], [-12.551268  29.02427   33.147724], 3
4, 1, [ 1 16 13 14  8 14 10], [4 4 4 4 4 4 4], [ 1.8514591e+01  9.1274509e+00 -2.2183418e-02 -8.6311321e+00
 -1.6292988e+01 -2.2407211e+01 -2.5919785e+01], 7
2, 13, [13], [2], [33.142185], 1
11, 11, [11], [11], [33.13858], 1
4, 9, [ 9 14  3  2  7 11 16], [4 4 4 4 4 4 4], [ 18.480413     9.055111    -0.14925003  -8.639424   -16.278051
 -22.369108   -25.859238  ], 7
9, 3, [3], [9], [33.03326], 1
10, 9, [9 6], [10 10], [32.955925 33.1878  ], 2
0, 1, [ 1  8 16], [3 0 0], [-12.53858   29.032003  33.113815], 3
12, 11, [11], [12], [33.128826], 1
5, 9, [9 8], [5 5], [32.935944 33.150845], 2
9, 14, [14], [9], [33.101982], 1
2, 5, [5], [2], [33.033596], 1
0, 5, [ 5 12 10 14], [3 3 3 0], [-28.043922   3.203646  11.948629  33.131065], 4
2, 10, [10 13], [3 2], [-10.0452385  33.14197  ], 2
7, 16, [16 14 11 14 13  6 10], [7 7 7 7 0 5 5], [ 15.351798    3.6571293  -9.192333  -23.885818  -41.763912  -43.19469
 -38.929893 ], 7
6, 11, [11], [6], [33.120926], 1
3, 15, [15  7], [2 3], [-10.065376  33.124786], 2

8, 14, [14  4  6 11  8 15 14], [4 4 4 8 4 4 4], [-40.239017 -17.306131 -22.23654  -23.936626 -41.806477 -43.263023
 -38.85534 ], 7
1, 11, [11], [1], [33.106834], 1
0, 10, [10  8 16], [3 0 0], [-12.511583  29.03194   33.11343 ], 3
7, 2, [ 2 11  7 16], [7 7 5 7], [22.919579 16.35365  12.024898 33.149612], 4
12, 6, [6], [12], [33.25632], 1
2, 3, [3 8], [3 2], [-10.072746  33.149376], 2
13, 10, [10], [13], [33.063507], 1
6, 5, [ 5 11], [3 6], [-10.093683  33.120903], 2
9, 16, [16], [9], [33.131157], 1
11, 13, [13], [11], [33.16435], 1
0, 1, [ 1 14  8 14  8 14  8], [0 0 0 0 0 0 0], [ 1.8521458e+01  9.1330519e+00 -5.9838295e-03 -8.6164417e+00
 -1.6255138e+01 -2.2365030e+01 -2.5836121e+01], 7
1, 8, [8], [1], [33.148674], 1
11, 10, [10], [11], [33.120567], 1
9, 11, [11], [9], [33.10653], 1
6, 8, [8], [6], [33.12654], 1
7, 13, [13  9 10  5 14  8], [7 0 6 2 7 7], [ 7.560572  -9.330389  -8.958176  -1.7147799 17.08516   33.19362  ], 6
7, 4, [4 3 8], [6 2 7], [-20.391682  15.955507  33.19696 ], 3
13, 9, [9], [13], [33.042503], 1
4, 9, [ 9  8 13  4  6  8  2], [4 4 4 4 4 4 4], [ 18.506016     9.0977745   -0.08927155  -8.742946   -16.297895
 -22.37222    -25.872593  ], 7
9, 3, [3 8], [11  9], [-10.029491  33.2292  ], 2
11, 6, [6], [11], [33.14454], 1
6, 12, [12 15 11], [3 0 6], [-20.401585  15.940218  33.120907], 3
8, 9, [ 9  7 14  1  6 16  8], [4 4 4 8 8 4 4], [-38.599937 -14.412133 -17.592579 -16.228735 -28.778063 -43.16807
 -38.84864 ], 7
7, 11, [11  8  3  7 13 12 11], [5 0 7 7 0 5 5], [-35.533066  -9.436741  -9.328852 -23.951591 -41.816864 -43.287888
 -38.871136], 7
2, 2, [2], [2], [33.10898], 1
13, 16, [16], [13], [33.12191], 1
7, 9, [ 9 10  3 14  3  7 15], [6 3 2 7 2 7 6], [-39.34182  -15.647943 -19.529293 -19.278105 -34.090565 -30.214687
 -38.927406], 7
11, 14, [14], [11], [33.06932], 1
5, 4, [ 4 14], [0 5], [-10.090963  33.12334 ], 2
12, 15, [15], [12], [33.041386], 1
9, 13, [13], [9], [33.15632], 1
11, 13, [13], [11], [33.163227], 1

5, 10, [10  7  2 13 15  7  8], [5 7 7 5 2 7 5], [ 6.0993609e+00 -1.1617677e+01 -1.2925713e+01 -8.3883715e+00
 -1.5908991e+01  3.0305862e-02  3.3154259e+01], 7
6, 4, [4 8], [6 6], [32.910637 33.12647 ], 2
0, 11, [11 14  8 10 11 13], [3 0 0 3 3 0], [-24.606283    8.803974   -0.5544472  -9.530547    4.0003347  33.148335 ], 6
13, 2, [2], [13], [33.171547], 1
8, 1, [ 1  7  8 11 13  6 14], [8 4 4 8 4 4 4], [  2.7348537 -17.172104  -22.192528  -23.90644   -41.756165  -43.187767
 -38.85534  ], 7
1, 1, [1], [1], [33.039963], 1
1, 3, [3], [1], [33.036087], 1
0, 13, [13], [0], [33.147392], 1
13, 13, [13], [13], [33.19008], 1
3, 14, [14], [3], [33.122585], 1
2, 13, [13], [2], [33.142174], 1
13, 11, [11], [13], [33.106747], 1
7, 7, [ 7  3 14  7 15 14 12], [7 6 5 7 7 5 2], [  4.4426384 -14.4914665 -17.549992  -16.174236  -28.853592  -43.224503
 -38.965088 ], 7
9, 10, [10], [9], [33.07989], 1
2, 12, [12  8], [3 2], [-10.076326  33.149387], 2
8, 4, [ 4 13  7  8 15 13  8], [8 4 4 4 4 4 4], [ -0.08033085 -21.860727   -30.028706   -36.95353    -41.841442
 -43.152702   -38.848663  ], 7
7, 15, [15  8  6 11 14 13  8], [7 7 5 7 7 0 7], [ 12.890058   -0.3041582 -15.806057  -13.279836  -24.03091   -35.33938
 -25.819695 ], 7
11, 13, [13], [11], [33.163708], 1
4, 3, [ 3  8 11 14  6 13 16], [4 4 4 4 4 4 4], [ 18.51398      9.132638    -0.03116703  -8.629335   -16.289993
 -22.359047   -25.859238  ], 7
7, 16, [16  1  8], [7 0 7], [22.727896 15.954004 33.19478 ], 3
1, 4, [4], [1], [33.032276], 1
7, 5, [5 6 8], [3 5 7], [-20.327553  16.064163  33.192944], 3
9, 8, [8], [9], [33.228737], 1
12, 3, [3], [12], [33.033382], 1
2, 13, [13], [2], [33.142143], 1
12, 10, [10], [12], [33.05642], 1
13, 7, [7], [13], [33.159756], 1
11, 10, [10], [11], [33.11954], 1
8, 7, [ 7 10  3  8 11  3  8], [4 4 4 8 4 4 8], [-39.640575 -16.306652 -20.6445   -21.131508 -37.138382 -35.474686
 -25.84848 ], 7
1, 13, [13], [1], [33.14439], 1
8, 5, [ 5  2 14 13 11 14  2], [8 4 4 4 8 4 4], [  1.598073 -19.061636 -25.315073 -29.099554 -28.760078 -43.178894
 -38.872593], 7
12, 10, [10], [12], [33.056366], 1

11, 14, [14], [11], [33.068527], 1
3, 12, [12  8], [3 3], [32.94336  33.182312], 2
4, 13, [13 11 14 15 13  2 11], [4 4 4 4 4 4 4], [ 18.614117     9.096035    -0.08399773  -8.714433   -16.274343
 -22.384731   -25.853565  ], 7
3, 4, [4 2], [6 3], [-10.10042  33.10809], 2
3, 15, [15 11], [3 3], [32.924664 33.106678], 2
5, 3, [3], [5], [33.04313], 1
1, 10, [10], [1], [33.068542], 1
3, 8, [8], [3], [33.183704], 1
10, 5, [5], [10], [33.034424], 1
10, 4, [4], [10], [33.042866], 1
0, 12, [12 11], [3 0], [-10.098547  33.112022], 2
13, 11, [11], [13], [33.106747], 1
9, 16, [16], [9], [33.129433], 1
11, 2, [2], [11], [33.1271], 1
7, 12, [12 13 14  7 14  3 15], [3 7 0 7 0 2 2], [-32.472958   -4.1786804 -22.23195   -23.96962   -41.843105  -43.321545
 -38.933617 ], 7
4, 8, [ 8 12  4 14 13  1 14], [4 8 4 4 4 8 4], [  9.707051   -5.7404776  -2.9636922 -13.332474  -24.12856   -35.47509
 -25.85534  ], 7
5, 10, [10 13], [5 5], [32.957703 33.14618 ], 2
6, 13, [13], [6], [33.143116], 1
12, 12, [12], [12], [33.036205], 1
10, 15, [15  6], [11 10], [-10.045389  33.187817], 2
4, 10, [10 13 11  9 14  2  6], [4 4 4 4 4 4 4], [ 18.541222     9.101954    -0.09090185  -8.728893   -16.29374
 -22.397331   -25.874565  ], 7
3, 2, [2], [3], [33.108253], 1
7, 6, [ 6  8 13 16], [5 7 0 7], [-19.995834  16.404682  12.042008  33.14955 ], 4
12, 3, [3], [12], [33.033394], 1
8, 7, [ 7 15 13  7 11  8 14], [4 4 4 4 4 8 4], [-42.011154 -20.257618 -27.179663 -32.22693  -33.950573 -30.161674
 -38.85534 ], 7
8, 4, [ 4 16 14 16  8 12  3], [8 4 4 4 4 4 8], [  0.5136223 -20.870779  -28.353153  -34.163025  -37.17356   -35.541534
 -25.96563  ], 7
6, 16, [16], [6], [33.108967], 1
13, 2, [2], [13], [33.171547], 1
4, 2, [ 2  6 11  2 11 14 16], [4 4 4 4 4 4 4], [ 18.589523     9.103527    -0.03651667  -8.638251   -16.276096
 -22.370882   -25.859238  ], 7
6, 15, [15 16], [0 6], [-10.06698  33.10891], 2
7, 14, [14 13 15 16], [7 0 0 7], [15.164949  3.329125 11.955882 33.149452], 4
0, 2, [2], [0], [33.11267], 1

0, 11, [11 13], [3 0], [-10.003441  33.147293], 2
3, 10, [10 14], [3 3], [32.94296  33.123158], 2
0, 13, [13], [0], [33.147854], 1
3, 3, [3 8], [3 3], [32.945095 33.181377], 2
0, 9, [ 9 11  6 11  8], [3 3 0 0 0], [-25.896614   6.76029   17.748823  21.013046  33.15565 ], 5
6, 9, [9 5 1 6], [5 2 6 6], [-23.355543  10.995935  24.936306  33.14261 ], 4
9, 10, [10], [9], [33.079918], 1
2, 14, [14], [2], [33.10943], 1
1, 2, [2], [1], [33.11563], 1
6, 1, [ 1 16], [2 6], [-10.091539  33.108894], 2
9, 5, [5 7], [9 9], [32.942886 33.182156], 2
12, 5, [5], [12], [33.035156], 1
13, 7, [7], [13], [33.159756], 1
1, 9, [9], [1], [33.068504], 1
13, 13, [13], [13], [33.19008], 1
0, 15, [15 14  4 13], [0 0 5 0], [22.845236 16.289158 11.923063 33.147514], 4
7, 11, [11  8 13 11 16], [7 7 0 7 7], [20.363527 12.048971  4.770208 21.023945 33.149513], 5
4, 8, [ 8 14  8  7  8 13  2], [4 4 4 4 4 4 4], [ 1.8631145e+01  9.1330109e+00 -1.9416809e-02 -8.6179247e+00
 -1.6268898e+01 -2.2367062e+01 -2.5872593e+01], 7
6, 6, [6], [6], [33.142593], 1
4, 7, [ 7  5 11  3  7 11 15], [4 4 4 4 4 4 4], [ 18.526842     8.97238     -0.10476112  -8.751992   -16.310661
 -22.423458   -25.949821  ], 7
11, 10, [10], [11], [33.120293], 1
12, 11, [11], [12], [33.12875], 1
4, 16, [16 14  8  2 13  2  9], [4 4 4 4 4 4 4], [ 18.611767     9.118389    -0.04378748  -8.658595   -16.310005
 -22.444168   -25.95263   ], 7
9, 6, [6], [9], [33.231873], 1
6, 13, [13], [6], [33.143116], 1
13, 4, [4], [13], [33.041412], 1
3, 3, [ 3 11], [2 3], [-10.098354  33.106773], 2
3, 9, [9 7], [7 3], [-10.078569  33.12478 ], 2
8, 10, [10 14  2  8 10 11  3], [4 4 4 4 4 4 8], [-42.445007 -20.875164 -28.366373 -34.1563   -37.179394 -35.432472
 -25.965633], 7
9, 2, [2], [9], [33.12623], 1
13, 11, [11], [13], [33.106747], 1
0, 5, [ 5 13], [3 0], [-10.077524  33.14738 ], 2

3, 5, [5 8], [3 3], [32.944054 33.184036], 2
12, 9, [ 9 16], [12 12], [32.917713 33.123337], 2
3, 14, [14], [3], [33.123104], 1
6, 5, [ 5 14], [2 6], [-10.098024  33.11331 ], 2
7, 4, [4 6 8], [0 7 7], [-12.5294    29.0597    33.193962], 3
11, 1, [1], [11], [33.035248], 1
7, 16, [16  7 14 16  7 11 13], [7 7 0 7 7 5 7], [ 12.913243    -0.36930275 -15.842577   -13.320664   -24.092482
 -35.381207   -25.839096  ], 7
11, 14, [14], [11], [33.06875], 1
0, 8, [ 8 14], [0 0], [33.04377  33.130604], 2
4, 5, [ 5  8 14  5  8 13  8], [4 4 4 4 4 4 4], [ 18.494396     9.0985985   -0.08789968  -8.720934   -16.260284
 -22.352703   -25.848663  ], 7
3, 4, [4 5 7], [0 3 3], [-12.619833  28.908606  33.12478 ], 3
11, 9, [9], [11], [33.04461], 1
12, 2, [2], [12], [33.1246], 1
5, 11, [11  3], [5 5], [32.934044 33.042004], 2
0, 6, [ 6  8 14], [0 0 0], [30.568012 29.043768 33.130604], 3
13, 5, [5], [13], [33.039154], 1
11, 6, [6], [11], [33.144783], 1
1, 14, [14 13], [4 1], [-9.968994 33.144188], 2
9, 13, [13], [9], [33.156326], 1
2, 7, [7], [2], [33.12558], 1
5, 11, [11 13], [5 5], [33.00094  33.147644], 2
4, 16, [16  8 11  8 16  8  7], [4 4 4 4 4 4 4], [ 1.8623489e+01  9.1378889e+00 -2.2416592e-02 -8.6147509e+00
 -1.6276814e+01 -2.2362612e+01 -2.5856583e+01], 7
2, 16, [16], [2], [33.110016], 1
12, 7, [7], [12], [33.14451], 1
2, 8, [8], [2], [33.149677], 1
12, 7, [7], [12], [33.144527], 1
9, 8, [8], [9], [33.228825], 1
13, 2, [2], [13], [33.171543], 1
0, 15, [15 16  7], [0 0 0], [30.468895 28.998898 33.128292], 3
0, 15, [15 13], [0 0], [32.95884  33.147213], 2
2, 15, [15  8], [3 2], [-10.046789  33.1494  ], 2
13, 3, [3], [13], [33.03463], 1

11, 2, [2], [11], [33.12708], 1
9, 16, [16], [9], [33.128], 1
3, 13, [13], [3], [33.14525], 1
0, 14, [14], [0], [33.131004], 1
8, 9, [ 9 16  8  5  3 11 14], [4 4 4 4 8 4 4], [-41.419083 -19.110704 -25.41907  -29.284012 -28.865414 -43.166294
 -38.85534 ], 7
10, 4, [4], [10], [33.042973], 1
5, 16, [16  2 11], [5 5 5], [30.50137  28.978569 33.113262], 3
5, 12, [12  7 11  8], [5 5 7 5], [22.844257 16.350151 12.026318 33.148705], 4
10, 10, [10], [10], [33.06435], 1
12, 16, [16], [12], [33.129166], 1
10, 5, [5], [10], [33.03443], 1
2, 2, [2], [2], [33.108974], 1
0, 13, [13], [0], [33.148453], 1
1, 9, [9], [1], [33.068516], 1
4, 12, [12 16 13 15 14 13  7], [4 4 4 4 4 4 4], [ 18.496914    9.098411   -0.0705843  -8.711801  -16.269814  -22.357454
 -25.856583 ], 7
7, 1, [ 1  8  7 16], [3 0 7 7], [-23.252802  11.175751  25.027264  33.149277], 4
4, 13, [13  4 16  7  8 14  2], [4 4 4 4 4 4 4], [ 18.566254     9.016262    -0.03255081  -8.622187   -16.276001
 -22.378895   -25.872593  ], 7
4, 10, [10 15  7 16 11  9 14], [4 4 4 4 4 4 4], [ 18.491417     9.018949    -0.05204248  -8.659095   -16.333084
 -22.465862   -25.85534   ], 7
12, 13, [13], [12], [33.205414], 1
8, 11, [11  8 11  9 11  8  5], [4 4 4 4 4 4 4], [-42.98781  -21.890411 -30.069582 -37.026703 -41.790077 -43.227524
 -38.964764], 7
6, 13, [13], [6], [33.14312], 1
2, 12, [12 13], [3 2], [-10.080702  33.141968], 2
7, 16, [16 14  9 10  8 10 11], [7 5 0 5 0 5 5], [-9.3936920e-03 -2.1942169e+01 -3.0159424e+01 -3.7003670e+01
 -4.1790619e+01 -4.3251980e+01 -3.8871136e+01], 7
2, 6, [6], [2], [33.14423], 1
10, 14, [14], [10], [33.075356], 1
2, 8, [8], [2], [33.150005], 1
1, 11, [11], [1], [33.106823], 1
11, 4, [4], [11], [33.03217], 1
7, 10, [10  6  7  8 14  8 14], [3 5 7 7 7 7 7], [-3.2234287e+01 -3.8398693e+00  1.0523319e-02 -8.5421505e+00
 -1.6217129e+01 -2.2310406e+01 -2.5830887e+01], 7
4, 8, [ 8  7  6 11  8  7  4], [4 4 4 4 4 4 4], [ 18.616432     9.10849     -0.05820704  -8.639405   -16.30973
 -22.435112   -25.96421   ], 7
5, 2, [2], [5], [33.113182], 1
9, 2, [2], [9], [33.12628], 1

10, 6, [6], [10], [33.18507], 1
7, 13, [13 12  8 11  8  4 14], [0 6 0 5 0 0 5], [-43.02904  -21.973108 -30.012838 -36.953716 -41.80375  -43.27312
 -38.84545 ], 7
7, 8, [ 8 11 16  8  7  8 16], [7 7 7 7 7 7 7], [21.426712  13.73311    7.664945   4.1786795  4.984395  13.079363
 33.14994  ], 7
13, 4, [4], [13], [33.041412], 1
6, 10, [10 13], [5 6], [-10.0442505  33.14306  ], 2
8, 6, [ 6  2 14  4  7 14 11], [4 4 4 8 4 4 4], [-40.213943 -17.232302 -22.266182 -24.018074 -41.757072 -43.167477
 -38.85356 ], 7
5, 8, [8 6], [5 5], [33.06876 33.16558], 2
10, 8, [8], [10], [33.13642], 1
3, 7, [7], [3], [33.125042], 1
12, 12, [12], [12], [33.036194], 1
4, 11, [11  1 11 14 16  8 14], [4 8 4 4 4 4 4], [ 10.759843    -3.9776514   -0.02625895  -8.621155   -16.27636
 -22.361866   -25.85534   ], 7
12, 9, [9 6], [12 12], [32.996384 33.254448], 2
8, 7, [ 7 16 14  2  3 11 15], [4 4 4 4 8 4 4], [-41.309933 -19.088911 -25.382784 -29.212406 -28.89969  -43.223465
 -38.949825], 7
9, 9, [9], [9], [33.04226], 1
9, 8, [8], [9], [33.22896], 1
5, 13, [13  6  4  7 13 16], [5 5 7 7 5 5], [15.431946   3.7905464 -8.953455  -1.6447697 17.026648  33.11284  ], 6
1, 3, [3], [1], [33.036083], 1
1, 1, [1], [1], [33.03996], 1
7, 16, [16  1  8], [7 5 7], [22.72993   15.9535265 33.193592 ], 3
7, 13, [13  9  5 14  8 16], [0 6 6 7 7 7], [-32.618355   -4.623253   -1.1172104  11.414177   17.077837   33.149513 ], 6
8, 6, [ 6  8  7 10 13 12 16], [4 8 4 4 4 4 4], [-35.205322  -8.8846   -30.0602   -37.00602  -41.810112 -43.27768
 -38.859238], 7
11, 1, [1], [11], [33.035286], 1
8, 2, [ 2 15 11  8  7 16  6], [4 4 8 4 4 4 4], [-38.361782 -14.148648 -16.99805  -36.908848 -41.766975 -43.183983
 -38.874565], 7
4, 13, [13  3 16  2 14 16  2], [4 4 4 4 4 4 4], [ 18.560783     9.007145    -0.04543257  -8.643611   -16.28503
 -22.38282    -25.87259   ], 7
6, 14, [14], [6], [33.113102], 1
5, 14, [14], [5], [33.1252], 1
7, 3, [ 3 14 16 14  8], [3 0 7 0 7], [-28.682312   2.134383   9.974268   8.065739  33.19319 ], 5
12, 3, [3], [12], [33.033386], 1
11, 12, [12], [11], [33.0338], 1
2, 10, [10 13], [5 2], [-10.044697  33.141968], 2
9, 15, [15], [9], [33.044716], 1
7, 3, [ 3 11], [2 7], [-10.075554  33.144814], 2

3, 14, [14], [3], [33.12271], 1
3, 9, [9 8], [6 3], [-10.043579  33.182312], 2
1, 1, [1], [1], [33.039963], 1
5, 6, [ 6 14], [5 5], [33.02973 33.11302], 2
13, 1, [1], [13], [33.0363], 1
11, 8, [8], [11], [33.166466], 1
0, 4, [4 2], [0 0], [32.902504 33.112457], 2
13, 12, [12], [13], [33.03952], 1
1, 12, [12], [1], [33.03421], 1
8, 14, [14  2  8 14 10  7 16], [4 4 4 4 4 4 4], [-42.985455 -21.883524 -30.018217 -36.949257 -41.823196 -43.172142
 -38.85926 ], 7
2, 11, [11], [2], [33.107967], 1
7, 16, [16  8 14], [0 5 7], [-20.230165  16.059153  33.17976 ], 3
12, 2, [2], [12], [33.1247], 1
11, 8, [8], [11], [33.166916], 1
8, 15, [15 14  2 15 11  8 14], [4 4 4 4 4 4 4], [-43.089214 -21.898983 -30.072739 -37.00024  -41.750687 -43.161865
 -38.85534 ], 7
6, 16, [16], [6], [33.109093], 1
2, 8, [8], [2], [33.149612], 1
0, 4, [4 7], [0 0], [32.911537 33.127747], 2
8, 11, [11 14 12  5 14  1 11], [8 4 4 8 4 8 8], [  4.3888597 -14.597332  -17.90332   -16.56862   -29.339458  -22.47353
 -25.852741 ], 7
9, 11, [11], [9], [33.10653], 1
13, 9, [9], [13], [33.042507], 1
3, 7, [7], [3], [33.12517], 1
2, 15, [15  2], [6 2], [-10.067194  33.108917], 2
6, 6, [6], [6], [33.142605], 1
3, 4, [ 4 15], [2 3], [-10.129156  33.059788], 2
0, 16, [16 12 16 14], [3 5 3 0], [-27.93948     3.2337108  11.998655   33.130604 ], 4
9, 7, [7], [9], [33.1811], 1
10, 6, [6], [10], [33.194588], 1
9, 12, [12  6], [9 9], [32.98206  33.232407], 2
2, 10, [10 16], [3 2], [-10.065981  33.10968 ], 2
11, 9, [9], [11], [33.044594], 1
0, 1, [ 1  8 13], [3 0 0], [-12.526083  29.053833  33.147377], 3

1, 4, [4], [1], [33.03228], 1
11, 5, [5], [11], [33.034634], 1
4, 4, [ 4  8  6 16  7 11  8], [4 4 4 4 4 4 4], [ 18.509014     9.122036    -0.04883814  -8.62379    -16.274242
 -22.362762   -25.848663  ], 7
7, 5, [ 5 16], [3 7], [-10.076775  33.149017], 2
2, 1, [1 6], [3 2], [-10.071825  33.143867], 2
5, 7, [7 1 8], [5 3 5], [22.69302  15.932224 33.15104 ], 3
0, 7, [7], [0], [33.128654], 1
0, 4, [ 4  8 16  7], [0 0 0 0], [27.531582 24.160873 24.999277 33.128597], 4
13, 7, [7], [13], [33.159756], 1
10, 12, [12], [10], [33.034428], 1
6, 14, [14  6], [12  6], [-10.031921  33.14267 ], 2
3, 9, [ 9 14], [6 3], [-10.079319  33.1232  ], 2
6, 9, [9 7], [0 6], [-10.076433  33.1288  ], 2
10, 8, [8], [10], [33.136406], 1
4, 7, [ 7 11  2 14  7 16 14], [4 4 4 4 4 4 4], [ 18.614492     9.118463    -0.04661942  -8.623379   -16.280067
 -22.37247    -25.85534   ], 7
3, 3, [ 3 14], [3 3], [32.91112  33.123512], 2
4, 10, [10  7  9 15  7 10  2], [4 4 4 4 4 4 4], [ 18.49456      9.024191    -0.19870663  -8.743431   -16.322693
 -22.443512   -25.872593  ], 7
4, 9, [ 9  6 10 13  6 14  7], [4 8 4 4 8 4 4], [  9.003048   -6.7404895  -4.773355  -16.422335  -29.29805   -22.36929
 -25.856583 ], 7
8, 8, [ 8 10  2 16  7  8 15], [4 8 4 4 4 4 4], [-35.211742  -8.938466 -30.031715 -36.93187  -41.787716 -43.21855
 -38.949818], 7
5, 5, [ 5 15 12 14], [3 3 5 5], [-23.361042  11.008604  24.906422  33.12079 ], 4
1, 11, [11], [1], [33.106827], 1
5, 5, [ 5 14], [5 5], [32.899952 33.11005 ], 2
9, 4, [4], [9], [33.032593], 1
12, 7, [7], [12], [33.14451], 1
6, 7, [7], [6], [33.128826], 1
6, 14, [14], [6], [33.11311], 1
11, 14, [14], [11], [33.06882], 1
8, 13, [13 14  6  3 13  8  7], [4 4 4 4 4 8 4], [-41.97487  -20.21894  -27.272669 -32.330173 -33.940964 -30.162428
 -38.856583], 7
11, 13, [13], [11], [33.163223], 1
11, 6, [6], [11], [33.144527], 1
10, 11, [11], [10], [33.13002], 1
1, 15, [15], [1], [33.056175], 1

----------------------train at epoch 2-----------------------------
2, 14, [14], [2], [33.109455], 1
3, 7, [7], [3], [33.12526], 1
12, 16, [16], [12], [33.129356], 1
3, 6, [6], [3], [33.14828], 1
10, 11, [11], [10], [33.13002], 1
2, 4, [4 8], [6 2], [-10.075083  33.149376], 2
0, 1, [1 2], [3 0], [-10.090851  33.112553], 2
12, 9, [9 6], [12 12], [32.996292 33.254333], 2
10, 11, [11  8], [ 5 10], [-9.996134 33.136063], 2
9, 15, [15], [9], [33.044407], 1
2, 2, [2], [2], [33.10928], 1
11, 10, [10], [11], [33.12028], 1
0, 13, [13], [0], [33.147552], 1
6, 6, [6], [6], [33.14524], 1
2, 3, [ 3 14], [2 2], [32.903297 33.10935 ], 2
8, 10, [10  8 14 12  7 14  8], [4 4 4 4 4 4 4], [-43.052364 -21.887367 -30.06454  -37.01534  -41.7553   -43.16452
 -38.84864 ], 7
10, 12, [12], [10], [33.034428], 1
0, 3, [3 7], [5 0], [-10.083204  33.128387], 2
11, 15, [15], [11], [33.04181], 1
11, 1, [1], [11], [33.035282], 1
6, 13, [13], [6], [33.143116], 1
9, 7, [7], [9], [33.18169], 1
3, 8, [8], [3], [33.183704], 1
7, 9, [ 9 13 14 12 13 11], [0 7 7 6 7 7], [-22.97514    11.633906    4.125168   -1.7396994  17.042944   33.14023  ], 6
4, 7, [ 7 11 15  4  6  2 10], [4 4 4 8 8 4 4], [ 14.063868    1.5340891 -12.687241  -29.56237   -29.331215  -22.424564
 -25.919952 ], 7
6, 12, [12  1  8], [3 6 6], [-12.609982  28.926445  33.126175], 3
3, 9, [ 9 16], [7 3], [-10.085112  33.113876], 2
13, 5, [5], [13], [33.039154], 1
7, 6, [ 6  8 14 15 16], [5 7 7 7 7], [-17.941238  19.829008  17.749218  20.962284  33.14955 ], 5
8, 13, [13  7  5  8 16  8 16], [4 4 4 4 4 4 4], [-42.99589  -21.920647 -30.10677  -36.903343 -41.757797 -43.16422
 -38.85926 ], 7
6, 2, [2], [6], [33.11631], 1
2, 16, [16], [2], [33.1099], 1

5, 13, [13 11  7  2 14], [5 7 7 7 5], [ 9.734741  -5.7047935 -3.0746913  7.9798126 33.12084  ], 5
8, 5, [ 5  6 16 11  8  2 16], [4 4 4 4 8 4 4], [-41.406677 -19.069859 -25.325489 -29.110382 -28.76136  -43.18815
 -38.85926 ], 7
3, 16, [16 14], [2 3], [-10.014606  33.122723], 2
10, 11, [11], [10], [33.130024], 1
6, 1, [1 7], [3 6], [-10.082481  33.128784], 2
5, 3, [ 3 12  8], [5 5 5], [30.39587  28.926777 33.154716], 3
11, 14, [14], [11], [33.068527], 1
10, 3, [3], [10], [33.032997], 1
12, 13, [13], [12], [33.205414], 1
4, 3, [ 3 14  3  8 11  7  2], [4 4 4 4 4 4 4], [ 18.472174     9.062948    -0.13618708  -8.617653   -16.281652
 -22.380142   -25.872593  ], 7
4, 13, [13  8 14  8  2  8 13], [4 4 4 4 4 4 4], [ 18.63747      9.134958    -0.02730036  -8.619935   -16.285454
 -22.354767   -25.843506  ], 7
6, 12, [12  8], [3 6], [-10.089897  33.126472], 2
11, 5, [5], [11], [33.035015], 1
9, 5, [5 6], [9 9], [32.97319  33.232655], 2
12, 7, [7], [12], [33.144516], 1
0, 6, [6 7], [0 0], [33.017982 33.128323], 2
7, 13, [13 15 16], [0 0 7], [-20.270874  15.955882  33.149452], 3
10, 8, [8], [10], [33.136505], 1
9, 4, [4], [9], [33.032597], 1
1, 2, [2], [1], [33.115593], 1
6, 10, [10  6], [3 6], [-10.044395  33.143   ], 2
13, 12, [12], [13], [33.03952], 1
9, 10, [10], [9], [33.07989], 1
2, 12, [12  6], [3 2], [-10.079567  33.14386 ], 2
3, 11, [11], [3], [33.107086], 1
8, 7, [ 7 16  6 14  6 14  8], [4 4 4 4 4 4 4], [-42.981544 -21.874935 -30.026152 -36.91931  -41.773285 -43.164536
 -38.848663], 7
7, 3, [3 1 8], [2 3 7], [-20.386332  15.960184  33.196877], 3
8, 11, [11  8  7 14  4 11 14], [4 8 4 4 8 4 4], [-33.492542   -6.0649567 -25.36081   -29.173708  -28.863947  -43.16677
 -38.85534  ], 7
5, 5, [5 9], [2 5], [-10.139112  33.044598], 2
11, 7, [7], [11], [33.130356], 1
13, 14, [14], [13], [33.170933], 1
10, 13, [13], [10], [33.201862], 1

1, 6, [6], [1], [33.14451], 1
2, 3, [ 3 16], [2 2], [32.903633 33.109467], 2
3, 14, [14], [3], [33.122505], 1
1, 6, [6], [1], [33.144566], 1
4, 6, [ 6 16  7 11 16  6  4], [4 4 4 4 4 4 4], [ 18.592642     9.11201     -0.04791927  -8.652223   -16.331093
 -22.45309    -25.96421   ], 7
6, 6, [6], [6], [33.142605], 1
4, 12, [12  1  7 11  6  7 13], [8 8 4 4 4 4 4], [-32.3516     -3.9822323  -0.0339098  -8.628874  -16.29218   -22.36269
 -25.843506 ], 7
5, 4, [ 4  5 16], [0 2 5], [-20.42497   15.899994  33.109776], 3
10, 11, [11], [10], [33.13003], 1
0, 1, [ 1  8 13], [0 0 0], [30.473356 29.052883 33.148335], 3
13, 5, [5], [13], [33.039154], 1
5, 15, [15  8], [5 5], [32.95528 33.1494 ], 2
11, 10, [10], [11], [33.120426], 1
13, 15, [15], [13], [33.045372], 1
6, 2, [2], [6], [33.11631], 1
6, 5, [ 5 15  2], [2 6 6], [-12.604429  28.93597   33.116295], 3
3, 11, [11], [3], [33.106808], 1
10, 7, [7], [10], [33.129627], 1
2, 7, [7], [2], [33.125576], 1
9, 1, [1], [9], [33.03292], 1
10, 9, [9 6], [11 10], [-10.043659  33.18776 ], 2
5, 10, [10 13], [5 5], [32.95733  33.146034], 2
1, 14, [14], [1], [33.122387], 1
2, 1, [ 1  4  9 16], [5 0 0 2], [-28.050419    3.1822448  11.912388   33.10979  ], 4
10, 14, [14], [10], [33.075333], 1
3, 12, [12  7], [3 3], [32.908836 33.124756], 2
0, 13, [13], [0], [33.148453], 1
11, 9, [9], [11], [33.04458], 1
12, 8, [8], [12], [33.21757], 1
2, 5, [5], [2], [33.033554], 1
1, 12, [12], [1], [33.03421], 1
1, 10, [10], [1], [33.068546], 1

1, 16, [16], [1], [33.120235], 1
12, 6, [6], [12], [33.25469], 1
8, 9, [ 9 13  3 14  8  2 11], [4 4 8 4 4 4 4], [-38.419155 -14.110846 -17.112236 -36.91104  -41.759502 -43.184734
 -38.85357 ], 7
4, 10, [10  4  8 13  8 13  7], [4 8 4 4 4 4 4], [ 1.0698444e+01 -3.9693363e+00 -9.4938278e-03 -8.6013861e+00
 -1.6263136e+01 -2.2357454e+01 -2.5856583e+01], 7
3, 1, [1], [3], [33.04088], 1
5, 6, [6], [5], [33.170708], 1
8, 10, [10 11 14 11  8 16 13], [4 4 4 4 4 4 4], [-43.03048  -21.85095  -29.996433 -36.90182  -41.747883 -43.165367
 -38.843506], 7
7, 2, [ 2 15 13  8 13], [5 5 7 5 7], [-28.653633    2.0593264   9.992649    8.055123   33.171707 ], 5
8, 9, [ 9 11  7 14  8 14 11], [4 8 4 4 4 4 8], [-34.657555  -7.84149  -28.314579 -34.096653 -37.068855 -35.366985
 -25.852741], 7
11, 9, [9], [11], [33.044598], 1
1, 10, [10], [1], [33.068542], 1
4, 13, [13  7 16 13 16 13 11], [4 4 4 4 4 4 4], [ 1.8634090e+01  9.1293221e+00 -2.3486614e-02 -8.6070795e+00
 -1.6272625e+01 -2.2355644e+01 -2.5853565e+01], 7
7, 6, [ 6 14  5 12 15 14  8], [5 7 6 5 0 7 7], [-33.59763   -6.253936 -25.70235  -29.561054 -29.32558  -22.31965
 -25.811874], 7
5, 10, [10 15], [3 5], [-10.092827  33.06248 ], 2
1, 10, [10], [1], [33.068542], 1
5, 12, [12 14], [5 5], [32.902225 33.11302 ], 2
10, 6, [6], [10], [33.18467], 1
13, 15, [15], [13], [33.045372], 1
1, 15, [15], [1], [33.056175], 1
12, 11, [11], [12], [33.12883], 1
10, 5, [5], [10], [33.03441], 1
3, 10, [10 14], [3 3], [32.943516 33.123062], 2
8, 14, [14  5  7 13 14 11 15], [4 8 4 4 4 4 4], [-35.236828  -8.96915  -30.006882 -36.917156 -41.789417 -43.22346
 -38.94982 ], 7
2, 8, [8], [2], [33.150005], 1
11, 12, [12], [11], [33.03379], 1
10, 15, [15  6], [11 10], [-10.045389  33.187817], 2
5, 7, [ 7 13], [5 5], [33.02271  33.148373], 2
13, 7, [7], [13], [33.15975], 1
5, 15, [15  5], [3 5], [-10.115831  33.03472 ], 2
10, 15, [15], [10], [33.042435], 1
10, 5, [5], [10], [33.034424], 1
5, 7, [ 7 13 10  6], [7 5 5 5], [-15.380149  24.137383  24.965649  33.158997], 4

6, 2, [2], [6], [33.11631], 1
8, 11, [11  7 16  8 11  4 15], [4 4 4 4 4 8 4], [-41.969406 -20.193062 -27.227459 -32.280952 -34.053844 -30.333797
 -38.949814], 7
7, 5, [ 5 13 14 13 10 15  8], [3 0 5 0 5 7 0], [-42.070576 -20.17413  -27.214924 -32.282455 -34.062813 -30.222816
 -38.839874], 7
7, 1, [ 1 14 11 14 10 14  7], [3 7 7 7 5 7 5], [-26.760757    5.329488   -6.4039307 -19.237736  -34.01742   -30.146208
 -38.864872 ], 7
3, 3, [3 8], [3 3], [32.947147 33.183556], 2
9, 11, [11], [9], [33.106625], 1
13, 8, [8], [13], [33.183037], 1
5, 5, [5 8], [3 5], [-10.075426  33.15104 ], 2
2, 16, [16], [2], [33.109882], 1
8, 16, [16  6  2 11 14  8  9], [4 4 4 4 4 4 4], [-42.99414  -21.891504 -30.028233 -36.926064 -41.78749  -43.22025
 -38.952644], 7
1, 3, [3], [1], [33.036083], 1
3, 10, [10 11], [2 3], [-10.065056  33.106773], 2
6, 3, [3 8], [3 6], [-10.086756  33.126465], 2
9, 14, [14], [9], [33.101982], 1
8, 11, [11 10 11  6  8 14  9], [4 8 4 4 4 4 4], [-35.21222   -8.931103 -30.020834 -36.945457 -41.784824 -43.226936
 -38.95266 ], 7
0, 15, [15  9 14 13], [0 0 0 0], [27.507275 24.059221 25.023829 33.147514], 4
9, 5, [5], [9], [33.0324], 1
10, 13, [13], [10], [33.201496], 1
13, 5, [5], [13], [33.039154], 1
1, 4, [4], [1], [33.032276], 1
13, 1, [1], [13], [33.0363], 1
12, 6, [6], [12], [33.254482], 1
6, 10, [10  8], [3 6], [-10.0546665  33.126457 ], 2
0, 9, [ 9 13], [6 0], [-10.063061  33.148335], 2
10, 8, [8], [10], [33.136375], 1
11, 8, [8], [11], [33.16522], 1
13, 4, [4], [13], [33.041412], 1
8, 5, [ 5  6 11  8 13 15 11], [4 4 4 4 4 4 4], [-43.093468 -21.88117  -30.011011 -36.929073 -41.800686 -43.261967
 -38.85357 ], 7
5, 13, [13], [5], [33.148796], 1
11, 16, [16], [11], [33.183975], 1
9, 13, [13], [9], [33.156372], 1
0, 3, [ 3 13], [3 0], [-10.07407   33.146984], 2

5, 10, [10], [5], [33.070717], 1
2, 2, [2], [2], [33.109116], 1
2, 13, [13], [2], [33.14216], 1
2, 7, [7], [2], [33.126797], 1
8, 6, [ 6 16  9 13  4  2 16], [4 4 4 4 4 4 4], [-43.038536 -21.939955 -30.13452  -36.969765 -41.877094 -43.18814
 -38.85924 ], 7
0, 6, [ 6 13], [0 0], [33.02988  33.147743], 2
7, 16, [16 13 12 11], [7 7 5 7], [22.942394 16.3115   11.919359 33.141155], 4
7, 16, [16 13 16], [7 0 7], [22.785603 16.04644  33.14994 ], 3
12, 11, [11], [12], [33.128746], 1
7, 6, [ 6 15 13 14  8], [5 2 7 0 7], [-28.610909    2.0647295   9.999934    8.065739   33.19319  ], 5
6, 16, [16], [6], [33.109093], 1
12, 2, [2], [12], [33.125633], 1
0, 8, [8], [0], [33.155922], 1
10, 2, [2], [10], [33.124146], 1
12, 8, [8], [12], [33.217903], 1
11, 4, [4], [11], [33.032143], 1
7, 15, [15 11  8], [7 7 7], [30.509491 29.054684 33.192944], 3
9, 10, [10 16], [11  9], [-10.007555  33.13015 ], 2
6, 9, [9 7], [2 6], [-10.075748  33.1288  ], 2
8, 7, [ 7 16 11 16  7  5  8], [4 4 4 4 4 4 8], [-42.374485 -20.863169 -28.339848 -34.1438   -37.140896 -35.473846
 -25.848473], 7
2, 11, [11], [2], [33.107933], 1
7, 15, [15 10 14  8], [5 6 7 7], [-23.255367  11.121788  25.08516   33.19362 ], 4
4, 7, [ 7 14  8 11 16  7 14], [4 4 4 4 4 4 4], [ 1.8622290e+01  9.1314592e+00 -2.2002697e-02 -8.6222343e+00
 -1.6281113e+01 -2.2369789e+01 -2.5855339e+01], 7
13, 1, [1], [13], [33.0363], 1
1, 16, [16], [1], [33.12023], 1
8, 2, [ 2  8 15 16  2 16  5], [4 4 4 4 4 4 4], [-43.024605 -21.920021 -30.11893  -36.948517 -41.815453 -43.238102
 -38.964764], 7
3, 4, [4 7], [6 3], [-10.089859  33.124786], 2
7, 7, [ 7 14 16  4 14  6 14], [7 5 7 0 5 5 5], [  4.6926546 -14.074774  -17.045885  -37.002987  -41.728565  -43.139816
 -38.843735 ], 7
1, 15, [15], [1], [33.05617], 1
0, 8, [ 8 11 14], [0 0 0], [30.561085 28.992798 33.130604], 3
6, 6, [6], [6], [33.142593], 1
9, 12, [12], [9], [33.045513], 1

4, 11, [11  1 15 14 11  1  3], [4 8 4 4 4 8 8], [  9.09457    -6.753105   -4.6520314 -16.170341  -28.858337  -43.341286
 -38.96566  ], 7
3, 4, [4 8], [2 3], [-10.055183  33.18354 ], 2
9, 1, [1], [9], [33.03308], 1
12, 6, [6], [12], [33.25429], 1
5, 6, [ 6 10  9 16], [5 5 5 5], [27.576982 24.016552 24.910503 33.108826], 4
3, 6, [6], [3], [33.148304], 1
4, 3, [ 3  6 14 15  6 15  7], [4 4 4 4 4 4 4], [ 18.46926      9.05809     -0.11224508  -8.76151    -16.352823
 -22.463766   -25.856583  ], 7
7, 8, [ 8  7  8 14 11  8 16], [7 5 7 7 7 7 7], [ 10.86994     -3.8479128    0.02876329  -8.583206   -16.257298
 -22.326      -25.84248   ], 7
2, 10, [10 11], [3 2], [-10.06567   33.107864], 2
5, 15, [15  6], [5 5], [32.95875 33.16576], 2
3, 4, [ 4 12 15], [0 3 3], [-12.643574  28.869038  33.058563], 3
4, 15, [15  8  6 14 12 13  3], [4 4 4 4 4 4 4], [ 18.5058      9.0928545  -0.0974741  -8.70485   -16.415852  -22.422863
 -25.965595 ], 7
10, 13, [13], [10], [33.20163], 1
9, 10, [10], [9], [33.082474], 1
4, 9, [ 9 10 16  7 10 11  2], [4 4 4 4 4 4 4], [ 18.474678     9.04555     -0.05777168  -8.664222   -16.34606
 -22.377121   -25.872593  ], 7
9, 4, [4], [9], [33.032597], 1
11, 11, [11], [11], [33.138626], 1
10, 12, [12], [10], [33.034393], 1
4, 16, [16 10  6 12  8 15  2], [4 4 4 8 4 4 4], [ 15.733375    4.3210316  -7.931691  -21.761877  -16.332691  -22.473381
 -25.872593 ], 7
10, 2, [2], [10], [33.12372], 1
11, 16, [16], [11], [33.18393], 1
3, 5, [5 8], [3 3], [32.94379  33.183125], 2
4, 16, [16 14  2 14  9  7 11], [4 4 4 4 4 4 4], [ 18.598616     9.096424    -0.08039474  -8.67967    -16.373884
 -22.368725   -25.853565  ], 7
6, 9, [ 9 13], [5 6], [-10.067268  33.14306 ], 2
10, 6, [6], [10], [33.194588], 1
0, 5, [ 5 14], [3 0], [-10.0876465  33.130768 ], 2
6, 5, [ 5 11], [3 6], [-10.093683  33.120903], 2
3, 6, [6], [3], [33.14837], 1
2, 8, [8], [2], [33.149612], 1
7, 4, [ 4 15 10  7 16], [0 0 6 7 7], [-30.638126   -1.1219418   4.686412   21.025486   33.149452 ], 5
7, 10, [10 14 13 12 14 13 16], [3 7 0 5 7 0 7], [-30.202036    -0.45278168 -16.03376    -13.648924    -2.805365
   0.04526711  33.149452  ], 7
0, 1, [ 1  4  8 13], [3 0 0 0], [-15.519274  24.06468   25.049652  33.147213], 4

9, 16, [16], [9], [33.131157], 1
10, 2, [2], [10], [33.123875], 1
13, 9, [9], [13], [33.042507], 1
10, 6, [6], [10], [33.18507], 1
4, 11, [11 14  5 16  3 16 13], [4 4 4 4 4 4 4], [ 18.568848     9.037356    -0.17884016  -8.690128   -16.384804
 -22.365349   -25.843506  ], 7
1, 7, [7], [1], [33.12522], 1
12, 5, [5], [12], [33.03517], 1
3, 13, [13], [3], [33.14572], 1
1, 11, [11], [1], [33.10683], 1
3, 16, [16], [3], [33.114204], 1
6, 11, [11], [6], [33.120926], 1
8, 9, [ 9  6 11  8  1 16 11], [8 4 4 8 4 4 4], [  2.7178717 -17.214933  -22.23395   -23.967304  -41.864708  -43.17138
 -38.85357  ], 7
5, 14, [14], [5], [33.119404], 1
11, 7, [7], [11], [33.130558], 1
1, 8, [8], [1], [33.148724], 1
12, 1, [1], [12], [33.035744], 1
13, 10, [10], [13], [33.063507], 1
7, 7, [ 7  8 14 10 13  4  5], [5 7 7 5 7 0 2], [-28.805843   1.76689  -12.3723   -29.237846 -28.848225 -43.345585
 -38.96575 ], 7
0, 11, [11  3  8 11  7 15  7], [0 6 0 0 3 0 0], [  9.036407   -6.7991514  -4.7292047 -16.488197  -29.340162  -22.448914
 -25.867756 ], 7
3, 5, [5], [3], [33.033585], 1
8, 14, [14  2  6 10  1  8 11], [4 4 4 4 8 4 4], [-41.32846  -19.121872 -25.415466 -29.234837 -28.858208 -43.160515
 -38.85309 ], 7
7, 9, [ 9 13 11  1 15  7  4], [0 0 5 5 7 7 0], [-40.409832 -17.42381  -22.631056 -24.599318 -21.063847 -30.24159
 -38.96585 ], 7
5, 5, [ 5 11 14], [11  5  5], [-12.581163  28.973454  33.10914 ], 3
5, 12, [12 14], [5 5], [32.90655  33.120514], 2
13, 14, [14], [13], [33.170933], 1
6, 4, [ 4 14], [0 6], [-10.097046  33.113113], 2
5, 15, [15  8], [5 5], [32.956757 33.14944 ], 2
11, 14, [14], [11], [33.06875], 1
8, 16, [16  3  7  8 11 12 14], [4 4 4 8 4 4 4], [-40.237953 -17.297855 -22.220432 -23.939743 -41.81877  -43.275337
 -38.85534 ], 7
4, 13, [13 14  2  5  8  6 13], [4 4 4 4 4 4 4], [ 18.603264     9.077945    -0.11119413  -8.731002   -16.277065
 -22.380669   -25.843506  ], 7
9, 16, [16], [9], [33.129326], 1
11, 14, [14], [11], [33.068863], 1

13, 2, [2], [13], [33.171543], 1
8, 6, [ 6  8 15  2 16  3  8], [4 4 4 4 4 8 4], [-42.019707 -20.241903 -27.322067 -32.28709  -34.024162 -30.274832
 -38.848663], 7
7, 13, [13  7  9  7 12 13 16], [7 7 6 7 6 7 7], [ 12.216875   -1.5726929 -17.848227  -16.49212   -29.380606  -22.358616
 -25.865173 ], 7
6, 12, [12 11], [3 6], [-10.09376   33.119987], 2
3, 7, [7], [3], [33.125046], 1
12, 3, [3], [12], [33.033382], 1
12, 1, [1], [12], [33.03576], 1
5, 12, [12 14], [5 5], [32.90824  33.123146], 2
6, 7, [7], [6], [33.128826], 1
4, 8, [ 8  9 13 14  3 16 12], [4 4 4 4 4 4 4], [ 18.554329     9.004984    -0.07061148  -8.711845   -16.42751
 -22.436522   -25.962135  ], 7
0, 4, [ 4 13], [0 0], [32.924088 33.14837 ], 2
13, 6, [6], [13], [33.226807], 1
12, 14, [14], [12], [33.072937], 1
1, 10, [10], [1], [33.068546], 1
12, 2, [2], [12], [33.125664], 1
10, 11, [11], [10], [33.13004], 1
4, 12, [12  8  4  7 16 13 11], [4 4 4 4 4 4 4], [ 18.479599     9.069554    -0.13630486  -8.620161   -16.272625
 -22.355644   -25.853565  ], 7
9, 14, [14], [9], [33.10224], 1
3, 3, [ 3 15], [3 3], [32.87272  33.060745], 2
8, 15, [15  3 12 11 14  7  8], [4 8 4 4 4 4 4], [-35.36738   -9.029255 -30.106071 -36.906456 -41.754814 -43.165787
 -38.848663], 7
10, 3, [3], [10], [33.033028], 1
3, 9, [ 9 13], [6 3], [-10.065899  33.144703], 2
6, 1, [1 8], [2 6], [-10.080997  33.126465], 2
3, 16, [16], [3], [33.11422], 1
2, 7, [7], [2], [33.13244], 1
5, 13, [13], [5], [33.14864], 1
11, 12, [12], [11], [33.033802], 1
11, 9, [9], [11], [33.044594], 1
9, 11, [11], [9], [33.10653], 1
0, 12, [12 16  8 12 11  8  7], [5 3 0 5 0 0 3], [-35.737392  -9.61985   -9.566904 -24.553848 -20.980606 -30.158403
 -38.873013], 7
6, 10, [10 11], [3 6], [-10.057774  33.120903], 2
12, 14, [14], [12], [33.07292], 1

13, 2, [2], [13], [33.17155], 1
13, 2, [2], [13], [33.171547], 1
6, 14, [14], [6], [33.11311], 1
6, 10, [10 16], [6 6], [32.935143 33.108906], 2
3, 6, [6], [3], [33.148434], 1
8, 3, [ 3  8  7  8 16 15 13], [4 8 4 8 4 4 4], [-32.47326    -4.1794405 -22.218283  -23.936161  -41.812817  -43.255924
 -38.843506 ], 7
11, 1, [1], [11], [33.035286], 1
11, 15, [15], [11], [33.04142], 1
3, 14, [14], [3], [33.12271], 1
5, 2, [ 2 13  2 15  8], [7 5 7 6 5], [-25.520214    7.2870584  -3.1160092   7.9607334  33.15411  ], 5
2, 5, [ 5 14], [2 2], [32.899746 33.109352], 2
13, 7, [7], [13], [33.159756], 1
11, 3, [3], [11], [33.032978], 1
2, 10, [10  7], [2 2], [32.94594 33.12552], 2
4, 15, [15 11  7 13 16 14 16], [4 4 4 4 4 4 4], [ 1.8529348e+01  9.1319571e+00 -2.4127483e-02 -8.6125698e+00
 -1.6281776e+01 -2.2370884e+01 -2.5859245e+01], 7
12, 12, [12], [12], [33.03621], 1
2, 12, [12 15  8], [3 3 2], [-20.393917  15.953212  33.1494  ], 3
4, 1, [ 1  6 14  3 14 10  7], [8 4 4 4 4 4 4], [-24.525312     9.060428    -0.10834694  -8.7550125  -16.315681
 -22.433905   -25.856583  ], 7
3, 5, [ 5  9 14], [3 6 3], [22.586334 15.921173 33.123154], 3
9, 9, [9], [9], [33.042168], 1
3, 13, [13], [3], [33.144978], 1
3, 10, [10 14], [3 3], [32.94296  33.123158], 2
9, 14, [14], [9], [33.102196], 1
11, 11, [11], [11], [33.13858], 1
9, 1, [1], [9], [33.03279], 1
0, 1, [1 7], [3 0], [-10.080996  33.12857 ], 2
11, 16, [16], [11], [33.184395], 1
6, 13, [13], [6], [33.143124], 1
11, 11, [11], [11], [33.138535], 1
1, 7, [7], [1], [33.12525], 1
10, 5, [5], [10], [33.034386], 1
10, 6, [6], [10], [33.187283], 1

4, 10, [10  2 10  7  8  7 15], [4 4 4 4 4 4 4], [ 18.519215     9.065281    -0.10354328  -8.639316   -16.30455
 -22.42648    -25.949825  ], 7
1, 13, [13], [1], [33.144474], 1
2, 5, [ 5 10 16], [0 3 2], [-20.404987  15.935568  33.10993 ], 3
2, 16, [16], [2], [33.110016], 1
0, 11, [11 14], [0 0], [32.992798 33.130604], 2
4, 2, [ 2  8 14  7 16 11  5], [4 4 4 4 4 4 4], [ 18.602379     9.124951    -0.04402924  -8.647819   -16.318722
 -22.432423   -25.964764  ], 7
5, 14, [14 11], [5 5], [33.010963 33.11259 ], 2
11, 3, [3], [11], [33.032974], 1
5, 6, [ 6 11 15  8], [5 5 5 5], [27.611479 24.082596 24.957153 33.149525], 4
6, 15, [15  5  8], [3 3 6], [-20.38894   15.910768  33.128113], 3
1, 13, [13], [1], [33.14439], 1
11, 9, [9], [11], [33.04438], 1
9, 2, [2], [9], [33.126274], 1
2, 6, [6], [2], [33.144253], 1
6, 8, [8], [6], [33.130043], 1
12, 3, [3], [12], [33.033394], 1
13, 13, [13], [13], [33.190083], 1
6, 9, [ 9 11], [0 6], [-10.081167  33.12091 ], 2
9, 8, [8], [9], [33.22896], 1
10, 10, [10], [10], [33.06334], 1
12, 8, [8], [12], [33.217083], 1
5, 3, [ 3  7 14], [3 5 5], [-12.560396  29.004858  33.117493], 3
12, 12, [12], [12], [33.03621], 1
11, 16, [16  8], [ 3 11], [-9.986816 33.165306], 2
6, 3, [3 8], [2 6], [-10.086578  33.12617 ], 2
6, 9, [ 9  3 12  8], [3 3 3 6], [-28.042671    3.1833591  11.90999    33.126465 ], 4
12, 4, [4], [12], [33.039387], 1
11, 11, [11], [11], [33.138565], 1
0, 5, [ 5  3 15  8 16], [3 6 0 0 0], [-25.97515    6.65184   17.689114  21.028954  33.113815], 5
4, 9, [ 9 14 13 14 16 10  8], [4 4 4 4 4 4 4], [ 18.523075     9.126222    -0.03073168  -8.64538    -16.316734
 -22.42915    -25.848663  ], 7
8, 2, [ 2 12  2 11  7 14 11], [4 4 4 4 4 4 4], [-43.056133 -21.972565 -30.01728  -36.907814 -41.757076 -43.16748
 -38.85357 ], 7
13, 8, [8], [13], [33.183006], 1

11, 2, [2], [11], [33.127167], 1
9, 7, [7], [9], [33.181248], 1
10, 3, [3], [10], [33.03305], 1
4, 14, [14  6 15  3  4  7 11], [4 4 4 4 4 4 4], [ 18.537865     8.988672    -0.22793865  -8.796872   -16.385448
 -22.368725   -25.853565  ], 7
3, 3, [ 3 15], [2 3], [-10.126526  33.059822], 2
12, 15, [15], [12], [33.041336], 1
8, 10, [10 13  2 12 14 13 14], [8 4 4 4 4 4 4], [ -0.05926323 -21.891293   -30.079647   -37.011757   -41.749367
 -43.156708   -38.85534   ], 7
6, 3, [3 8], [3 6], [-10.086855  33.126457], 2
7, 16, [16  2  7 14  6  8], [7 7 7 0 5 7], [18.415396   8.800952  -0.5104594 -9.411171   4.065012  33.19319  ], 6
5, 16, [16], [5], [33.118507], 1
10, 15, [15  6], [11 10], [-10.045597  33.187798], 2
11, 3, [3], [11], [33.032974], 1
13, 16, [16], [13], [33.121925], 1
1, 14, [14], [1], [33.122383], 1
3, 10, [10 11], [3 3], [32.932808 33.10714 ], 2
1, 3, [3], [1], [33.036083], 1
2, 5, [5 7], [5 2], [-10.090418  33.125504], 2
0, 13, [13], [0], [33.147854], 1
8, 7, [ 7 11  7  1 14  4 14], [4 4 4 8 4 8 4], [-39.18178  -15.541996 -19.481508 -19.37487  -34.02162  -30.277138
 -38.85534 ], 7
8, 16, [16  6  4  2 15  8 14], [4 8 8 4 4 4 4], [-30.560066   -1.1686316 -17.152355  -36.980743  -41.84692   -43.161846
 -38.85534  ], 7
0, 12, [12 10  8], [3 5 0], [-20.387144  15.964361  33.157402], 3
13, 7, [7], [13], [33.159756], 1
11, 4, [4], [11], [33.03217], 1
9, 10, [10], [9], [33.07991], 1
3, 5, [ 5 16  7], [3 2 3], [22.625687 15.986513 33.124973], 3
6, 8, [8], [6], [33.12655], 1
10, 15, [15], [10], [33.04249], 1
12, 13, [13], [12], [33.205414], 1
3, 1, [1 8], [3 3], [32.951874 33.183453], 2
1, 1, [1], [1], [33.039963], 1
9, 7, [7], [9], [33.181377], 1
11, 2, [2], [11], [33.127083], 1

10, 7, [7], [10], [33.130016], 1
4, 9, [ 9  5 10 12  1 16 14], [4 4 4 8 8 4 4], [ 13.905109    1.4296117 -12.676041  -29.593475  -29.385357  -22.372448
 -25.85534  ], 7
0, 15, [15  8 11  5  8 10  8], [0 0 2 6 0 6 0], [ 10.02268    -5.0797186 -23.735067  -26.424673  -24.098045  -35.43228
 -25.838676 ], 7
8, 12, [12  7  4  7 16  6 15], [4 4 8 4 4 4 4], [-38.442173 -14.1334   -17.128023 -36.940147 -41.805935 -43.244453
 -38.949814], 7
4, 4, [ 4  8  6  3 11  6 11], [4 4 4 8 4 4 4], [ 15.676557    4.4012737  -7.9167747 -21.737017  -16.28559   -22.386703
 -25.853565 ], 7
11, 13, [13], [11], [33.163322], 1
1, 7, [7], [1], [33.12527], 1
3, 4, [ 4 15 11], [6 2 3], [-20.410145  15.924696  33.106716], 3
7, 2, [ 2  4 14 13  8], [7 0 7 7 7], [17.139505  6.717264 17.80365  21.077492 33.192642], 5
7, 7, [ 7 14  2  8 14  2 11], [5 7 7 7 7 7 7], [-24.378109     9.145418    -0.04292488  -8.583519   -16.273037
 -22.409588   -25.86129   ], 7
8, 10, [10 14  3  8  6  2 11], [8 4 8 4 4 4 4], [  4.6046743 -14.125895  -17.117594  -36.919903  -41.7854    -43.18473
 -38.85356  ], 7
12, 9, [9 6], [12 12], [32.99769 33.25727], 2
10, 8, [8], [10], [33.136486], 1
3, 4, [4 3 1], [2 2 3], [-20.447796  15.862056  33.04097 ], 3
0, 9, [ 9 13], [0 0], [32.934864 33.14719 ], 2
0, 9, [9 2], [3 0], [-10.0853195  33.11245  ], 2
12, 6, [6], [12], [33.25464], 1
2, 10, [10 16], [3 2], [-10.065981  33.10968 ], 2
2, 12, [12 13], [3 2], [-10.080477  33.141968], 2
7, 10, [10  7  8], [3 5 7], [-20.300156  16.050343  33.19359 ], 3
0, 11, [11 12  8  1  7], [3 3 0 3 0], [-28.701231    1.9843111   9.915596    7.915962   33.127705 ], 5
3, 9, [9 6], [6 3], [-10.064487  33.14792 ], 2
0, 16, [16  2], [0 0], [32.98964 33.11253], 2
11, 3, [3 2], [10 11], [-10.090794  33.127075], 2
6, 7, [7], [6], [33.128826], 1
10, 10, [10], [10], [33.06435], 1
1, 12, [12], [1], [33.03421], 1
7, 9, [ 9 14 11 14  5 11  7], [6 7 7 7 5 7 0], [-26.767294    5.3094006  -6.426203  -19.276447  -34.072742  -30.178572
 -38.863728 ], 7
9, 12, [12  2], [9 9], [32.918495 33.12647 ], 2
7, 11, [11  7 13  8 10 16], [7 7 7 7 5 7], [21.249767  13.518561   7.3024845  3.5658298  3.9603176 33.15006  ], 6
9, 14, [14], [9], [33.102158], 1
9, 10, [10], [9], [33.079918], 1

3, 6, [6], [3], [33.148373], 1
12, 8, [8], [12], [33.2177], 1
6, 4, [ 4 12  7], [2 3 6], [-20.418097  15.911451  33.128838], 3
13, 3, [3], [13], [33.03463], 1
1, 16, [16  7], [1 1], [32.99649 33.12516], 2
13, 16, [16], [13], [33.121933], 1
9, 1, [1], [9], [33.032806], 1
7, 7, [ 7 16], [7 7], [33.025486 33.149452], 2
9, 5, [5], [9], [33.03292], 1
9, 2, [2], [9], [33.12623], 1
2, 9, [9 7], [6 2], [-10.077688  33.1255  ], 2
10, 13, [13], [10], [33.201637], 1
6, 9, [ 9 14], [0 6], [-10.085991  33.11311 ], 2
1, 3, [3], [1], [33.036087], 1
1, 2, [2], [1], [33.1156], 1
12, 2, [2], [12], [33.1246], 1
1, 1, [1], [1], [33.039967], 1
0, 12, [12 15  1 10  8 14], [3 0 6 6 0 0], [-27.755638    3.6831565  -8.978927   -1.7050753  17.04       33.131126 ], 6
1, 8, [8], [1], [33.148754], 1
11, 10, [10], [11], [33.120426], 1
10, 5, [5], [10], [33.03443], 1
13, 4, [4], [13], [33.041412], 1
0, 7, [7], [0], [33.12784], 1
12, 1, [1], [12], [33.03574], 1
4, 2, [ 2  9 14 16  8  9 15], [4 4 4 4 4 4 4], [ 18.53376      9.010589    -0.06126976  -8.676551   -16.362186
 -22.52254    -25.949814  ], 7
9, 11, [11], [9], [33.10653], 1
5, 1, [ 1 15 10], [2 6 5], [-20.415413  15.899754  33.06917 ], 3
1, 5, [5], [1], [33.033035], 1
7, 8, [8 7], [5 7], [-9.955084 33.146187], 2
9, 16, [16], [9], [33.129433], 1
3, 9, [ 9 15], [6 3], [-10.1171055  33.05977  ], 2
7, 15, [15 14  9  8], [2 0 6 7], [-27.938671    3.3276002  11.962963   33.19319  ], 4

2, 4, [ 4 10  2], [0 3 2], [-20.4039    15.935065  33.10885 ], 3
4, 1, [ 1 16  8 11 13 14  5], [1 4 4 4 4 4 4], [-24.487267     9.122605    -0.03025055  -8.635981   -16.304024
 -22.434196   -25.964764  ], 7
4, 11, [11  6  3 11  4 13  6], [4 4 4 4 4 4 4], [ 18.558191     9.019596    -0.17640018  -8.684662   -16.385159
 -22.368244   -25.874565  ], 7
1, 5, [5], [1], [33.03304], 1
4, 3, [ 3 10 15  8 16 14  2], [4 4 4 4 4 4 4], [ 18.438446     9.006735    -0.12218714  -8.620612   -16.286583
 -22.378895   -25.872593  ], 7
12, 10, [10], [12], [33.0564], 1
13, 14, [14], [13], [33.170933], 1
9, 13, [13], [9], [33.156326], 1
0, 6, [ 6  3  7 14], [0 2 3 0], [15.086387   3.2410624 12.00535   33.130604 ], 4
2, 7, [7], [2], [33.12558], 1
7, 1, [ 1  2  8 13], [2 5 5 7], [-27.950666   3.343511  12.055122  33.171707], 4
2, 9, [ 9 13], [6 2], [-10.068033  33.14197 ], 2
13, 2, [2], [13], [33.171543], 1
13, 11, [11], [13], [33.106747], 1
4, 12, [12 14 13 14  7  8  7], [4 4 4 4 4 4 4], [ 1.8519119e+01  9.1354198e+00 -1.5402317e-02 -8.6198311e+00
 -1.6274153e+01 -2.2362612e+01 -2.5856583e+01], 7
11, 12, [12], [11], [33.033806], 1
5, 14, [14], [5], [33.1252], 1
2, 14, [14], [2], [33.109463], 1
2, 4, [ 4 15 16], [6 0 2], [-20.403822  15.934889  33.10955 ], 3
10, 16, [16  8], [ 7 10], [-9.960928 33.136044], 2
0, 1, [ 1  3  9 13], [3 5 3 0], [-28.03781    3.201141  11.935749  33.14738 ], 4
13, 11, [11], [13], [33.106747], 1
10, 1, [1], [10], [33.034622], 1
2, 11, [11], [2], [33.107933], 1
4, 12, [12 14  7 10 16 14  8], [4 4 4 4 4 4 4], [ 18.499994     9.103546    -0.06852388  -8.6865635  -16.277962
 -22.364536   -25.848663  ], 7
10, 4, [ 4 11], [11 10], [-10.088896  33.129864], 2
3, 7, [7], [3], [33.12517], 1
5, 4, [4 7 8], [6 7 5], [-20.346798  16.030306  33.15426 ], 3
12, 4, [4], [12], [33.039383], 1
12, 12, [12], [12], [33.036224], 1
2, 14, [14], [2], [33.10943], 1
11, 11, [11], [11], [33.138546], 1

10, 4, [ 4 16], [11 10], [-10.058104  33.179142], 2
6, 1, [ 1 14], [2 6], [-10.0888    33.113113], 2
0, 2, [2], [0], [33.112427], 1
0, 4, [ 4  8  7 13], [5 0 3 0], [-20.140846  16.374323  12.017683  33.14749 ], 4
3, 2, [2], [3], [33.108253], 1
9, 7, [7], [9], [33.18137], 1
12, 5, [5], [12], [33.03515], 1
6, 4, [4 8], [0 6], [-10.089088  33.126465], 2
8, 2, [ 2  6 13  9  2  8 10], [4 4 4 8 4 8 4], [-39.20035  -15.546266 -19.452837 -19.348888 -33.992867 -30.20045
 -38.919952], 7
1, 13, [13], [1], [33.14439], 1
6, 14, [14], [6], [33.113102], 1
9, 2, [2], [9], [33.12627], 1
10, 8, [8], [10], [33.13657], 1
4, 7, [ 7  8 11  8  2 14 13], [4 4 4 4 4 4 4], [ 18.62451      9.135158    -0.02696896  -8.622338   -16.28946
 -22.361443   -25.843506  ], 7
0, 4, [ 4  8 12 14], [5 0 5 0], [-20.177538  16.313133  11.91288   33.130604], 4
4, 8, [ 8 14  1 10 16 13  7], [4 4 4 4 4 4 4], [ 18.576107     9.041231    -0.17238379  -8.6841755  -16.273739
 -22.357454   -25.856583  ], 7
3, 15, [15], [3], [33.0596], 1
0, 16, [16 13], [0 0], [33.013885 33.14719 ], 2
0, 6, [6], [0], [33.140675], 1
11, 3, [3], [11], [33.032997], 1
8, 8, [ 8 11  4 14  2 13  7], [4 4 8 4 4 4 4], [-38.321625 -14.121605 -17.113398 -36.91558  -41.767067 -43.157455
 -38.856586], 7
5, 14, [14], [5], [33.119305], 1
11, 15, [15], [11], [33.04138], 1
5, 2, [2 8], [5 5], [33.000618 33.14944 ], 2
10, 7, [7], [10], [33.12963], 1
12, 11, [11], [12], [33.128826], 1
4, 12, [12  5  7 14 16 10 11], [4 4 4 4 4 4 4], [ 18.443008     9.008568    -0.04444838  -8.646438   -16.318497
 -22.432095   -25.853565  ], 7
7, 8, [ 8 15  2 13  1  8], [7 7 7 7 5 7], [21.240978  13.418898   7.2300086  3.5351067  3.9535265 33.193592 ], 6
4, 8, [ 8 10  8 13  7  6 15], [4 4 4 4 4 4 4], [ 18.588156     9.061363    -0.03113985  -8.637463   -16.323263
 -22.444462   -25.949825  ], 7
10, 11, [11], [10], [33.130203], 1
11, 13, [13], [11], [33.16336], 1
13, 8, [8], [13], [33.183052], 1

5, 16, [16], [5], [33.119884], 1
0, 8, [ 8 15  8 14 13], [0 0 0 0 0], [25.005495 19.736023 17.777306 21.026207 33.14837 ], 5
10, 9, [ 9 11], [11 10], [-10.078075  33.13047 ], 2
12, 9, [ 9 11], [12 12], [32.92095  33.128735], 2
7, 6, [ 6 16 14 11  8 14], [7 0 7 7 5 7], [13.449236   0.5220103  7.3127813  3.5759704  4.060508  33.18068  ], 6
9, 8, [8], [9], [33.22868], 1
9, 6, [ 6 14], [3 9], [-9.990545 33.102406], 2
10, 14, [14], [10], [33.075436], 1
4, 13, [13 14  7  2 10  6 14], [4 4 4 4 4 4 4], [ 18.619122     9.104374    -0.06714582  -8.684267   -16.35279
 -22.3881     -25.85534   ], 7
13, 10, [10], [13], [33.063507], 1
7, 7, [ 7 12 11  7  4 14  4], [7 6 5 7 7 0 7], [  5.027261 -13.514971 -15.91589  -13.396901 -24.222317 -35.427082
 -25.966064], 7
1, 1, [1], [1], [33.039963], 1
6, 3, [ 3 13], [2 6], [-10.076578  33.14306 ], 2
2, 3, [3 8], [2 2], [32.927185 33.149475], 2
7, 3, [ 3  6 11], [2 5 7], [-20.33788   16.040916  33.144043], 3
5, 5, [ 5 11  9 14], [3 7 2 5], [-27.99195     3.2904243  11.916452   33.12084  ], 4
5, 6, [ 6 10  7], [9 3 5], [-20.236153  15.943104  33.127106], 3
9, 4, [4], [9], [33.032597], 1
1, 11, [11], [1], [33.106834], 1
8, 1, [ 1  8  3  7  8 13 14], [8 4 8 4 4 4 4], [  4.570489 -14.112807 -17.106941 -36.902187 -41.74267  -43.156708
 -38.85534 ], 7
10, 9, [ 9 15  6], [10 11 10], [22.615736 15.954152 33.1878  ], 3
13, 11, [11], [13], [33.106747], 1
3, 13, [13], [3], [33.14506], 1
6, 5, [ 5 16], [2 6], [-10.10042   33.109047], 2
1, 16, [16], [1], [33.126915], 1
6, 3, [ 3 11], [3 6], [-10.090588  33.12091 ], 2
8, 13, [13  3  1  5 14  6 13], [4 8 8 8 4 8 4], [-26.787495    5.093347   -6.5683737 -19.344128  -33.965332  -30.183323
 -38.843506 ], 7
9, 2, [2], [9], [33.126347], 1
4, 6, [ 6  2 15 14 12  3 14], [4 4 4 4 4 4 4], [ 18.53535      9.016522    -0.18480825  -8.724987   -16.449413
 -22.478798   -25.85534   ], 7
4, 4, [ 4 15 11 12 16  4  7], [4 4 4 4 4 4 4], [ 18.424335     8.980912    -0.11545563  -8.769816   -16.346138
 -22.478163   -25.856583  ], 7
3, 12, [12 14], [3 3], [32.908157 33.123264], 2
10, 2, [2], [10], [33.12372], 1

11, 12, [12], [11], [33.0338], 1
11, 8, [8], [11], [33.166145], 1
9, 11, [11], [9], [33.10653], 1
2, 11, [11], [2], [33.10796], 1
13, 1, [1], [13], [33.0363], 1
7, 15, [15  7  2 12 16], [7 7 7 6 7], [22.11191  15.055676  9.863298  7.924162 33.149277], 5
1, 4, [4], [1], [33.03228], 1
13, 12, [12], [13], [33.03952], 1
3, 2, [2], [3], [33.108505], 1
6, 13, [13], [6], [33.143116], 1
9, 2, [2], [9], [33.12628], 1
9, 12, [12], [9], [33.045845], 1
0, 14, [14  4  2], [0 0 0], [30.47718  28.902576 33.11253 ], 3
3, 9, [9 7], [5 3], [-10.079275  33.125317], 2
4, 2, [ 2 16 11  2 14  4 12], [4 4 4 4 4 4 8], [ 17.978683    8.085462   -1.7588234 -11.508761  -21.06028   -30.341566
 -38.962265 ], 7
5, 1, [1 8], [5 5], [32.932266 33.150993], 2
13, 3, [3], [13], [33.03463], 1
0, 14, [14], [0], [33.131004], 1
8, 14, [14  7  8 12 16  8 11], [4 4 8 4 4 8 4], [-37.29921  -12.406452 -14.249777 -32.33551  -33.955627 -30.160612
 -38.85357 ], 7
13, 12, [12], [13], [33.03952], 1
6, 3, [ 3 16], [2 6], [-10.096523  33.109352], 2
7, 3, [ 3  4 16], [3 0 7], [-20.407738  15.924807  33.14955 ], 3
4, 6, [ 6  7  2  7 10 13 15], [4 4 4 4 4 4 4], [ 18.582706     9.096007    -0.07901192  -8.677366   -16.367968
 -22.413393   -25.949814  ], 7
4, 7, [ 7 10  8  6  2  7 13], [4 4 4 4 4 4 4], [ 18.57776     9.057242   -0.0380435  -8.649021  -16.290207  -22.36269
 -25.843506 ], 7
5, 6, [ 6 14], [5 5], [33.03025 33.12053], 2
12, 8, [8], [12], [33.21707], 1
12, 6, [6], [12], [33.25632], 1
5, 9, [ 9  7 11], [5 5 5], [30.444126 28.99781  33.108078], 3
10, 15, [15 10], [11 10], [-10.120457  33.063416], 2
1, 12, [12], [1], [33.034206], 1
12, 15, [15], [12], [33.04135], 1
9, 15, [15], [9], [33.044846], 1

4, 16, [16 13  6 10  8 13  8], [4 4 4 4 4 4 4], [ 18.605768     9.108355    -0.08023643  -8.676124   -16.260284
 -22.352703   -25.848663  ], 7
12, 7, [7], [12], [33.144505], 1
3, 8, [8], [3], [33.18402], 1
12, 16, [16], [12], [33.129166], 1
12, 3, [3], [12], [33.033386], 1
12, 16, [16], [12], [33.129086], 1
10, 16, [16  5], [ 7 10], [-10.023539  33.03438 ], 2
12, 12, [12], [12], [33.036194], 1
0, 15, [15 16 11 15  9 14], [0 0 0 0 0 0], [22.807152 16.232655 11.849216 11.222237 16.924465 33.130665], 6
6, 13, [13], [6], [33.143116], 1
2, 8, [8], [2], [33.149593], 1
9, 2, [2], [9], [33.126312], 1
4, 13, [13 14  1 11 13 11  3], [4 4 8 4 4 4 8], [ 13.30521      0.24785614 -14.828009   -11.443536   -20.983282
 -30.232962   -38.96566   ], 7
11, 4, [4], [11], [33.03215], 1
8, 9, [ 9  8  9  5 14  2 14], [4 4 4 4 4 4 4], [-43.12218  -21.949205 -30.167572 -37.024857 -41.76682  -43.1858
 -38.85534 ], 7
4, 16, [16 11 16  6 11  6  2], [4 4 4 4 4 4 4], [ 18.610756     9.116702    -0.04955339  -8.650479   -16.292637
 -22.39845    -25.87259   ], 7
4, 14, [14 11  5  2  8  6  5], [4 4 4 4 4 4 4], [ 18.573563     9.048167    -0.16377783  -8.665024   -16.320717
 -22.453423   -25.964764  ], 7
1, 9, [9], [1], [33.068516], 1
4, 9, [ 9  2 13  8 14 13  5], [4 4 4 4 4 4 4], [ 1.8515232e+01  9.1131067e+00 -2.3836136e-02 -8.6338863e+00
 -1.6308758e+01 -2.2422363e+01 -2.5964764e+01], 7
2, 16, [16], [2], [33.109653], 1
5, 5, [5 2], [5 5], [32.903297 33.114048], 2
1, 13, [13], [1], [33.14442], 1
5, 10, [10  2], [5 5], [32.937973 33.113388], 2
3, 4, [ 4 10 12 14], [6 3 3 3], [-15.557361  24.01319   24.908155  33.123264], 4
10, 13, [13], [10], [33.20163], 1
0, 12, [12 13], [3 0], [-10.077194  33.147724], 2
9, 15, [15  4], [9 9], [32.86338 33.03257], 2
3, 1, [1], [3], [33.040817], 1
7, 1, [ 1 14 13  9  7 16], [3 5 0 0 7 7], [-35.465603   -9.178918   -8.889112   -1.7405787  17.02753    33.149353 ], 6
12, 15, [15], [12], [33.04139], 1
13, 10, [10], [13], [33.063507], 1
0, 5, [ 5 14 13], [3 0 0], [-12.550825  29.025644  33.148335], 3

7, 12, [12  6 14  1  8  2  8], [3 7 7 2 5 5 5], [-30.62158    -1.0930223 -17.044203  -37.019     -41.76693   -43.19838
 -38.8479   ], 7
9, 16, [16], [9], [33.13999], 1
1, 1, [1], [1], [33.03996], 1
2, 4, [4], [2], [33.034355], 1
13, 16, [16], [13], [33.121944], 1
4, 12, [12 10 16  7  8 10 16], [4 4 4 4 4 4 4], [ 18.469772     9.053178    -0.04478073  -8.642564   -16.309963
 -22.435501   -25.859241  ], 7
0, 2, [2], [0], [33.11267], 1
13, 2, [2], [13], [33.171547], 1
3, 16, [16], [3], [33.114204], 1
5, 1, [ 1 11], [5 5], [32.906048 33.11032 ], 2
1, 2, [2], [1], [33.11564], 1
8, 3, [ 3  7 14 12  5 16 12], [4 4 4 4 8 4 4], [-41.43763  -19.120056 -25.439116 -29.306293 -28.906933 -43.23652
 -38.962135], 7
3, 5, [ 5 14], [3 3], [32.907547 33.123016], 2
1, 2, [2], [1], [33.115593], 1
5, 3, [ 3 13], [5 5], [32.928696 33.146595], 2
7, 15, [15  2  3 10 14  8 10], [5 5 2 6 7 5 7], [-40.835136 -18.161192 -23.786602 -26.375597 -24.077312 -35.404057
 -25.926922], 7
11, 6, [6], [11], [33.144985], 1
11, 13, [13], [11], [33.16435], 1
10, 6, [ 6 14], [ 9 10], [-9.954189 33.0745  ], 2
0, 16, [16  4  8 13], [3 5 0 0], [-23.239578  11.066881  25.053833  33.147377], 4
0, 16, [16 11  8], [0 3 0], [22.724415 16.004578 33.155968], 3
3, 2, [2], [3], [33.10852], 1
1, 5, [5], [1], [33.03304], 1
3, 12, [12 14], [3 3], [32.90833  33.123512], 2
12, 16, [16], [12], [33.129036], 1
6, 16, [16], [6], [33.108967], 1
4, 2, [ 2 10 11  6 14 15  8], [4 4 4 8 4 4 4], [ 15.746367    4.3649335  -7.858522  -21.674927  -16.33075   -22.459015
 -25.848663 ], 7
12, 15, [15], [12], [33.041363], 1
0, 6, [ 6 11 15  4 14  7], [0 0 0 0 7 0], [21.182564  13.402611   7.138261   3.4493608  4.0236645 33.128624 ], 6
1, 5, [5], [1], [33.033043], 1
9, 6, [6], [9], [33.231804], 1
8, 9, [ 9  5 15 14 15 16  5], [4 4 4 4 4 4 4], [-43.183495 -22.051397 -30.144388 -36.990948 -41.89268  -43.238102
 -38.964764], 7

4, 4, [ 4  1  8 12  2  7 15], [8 4 4 4 4 4 4], [-24.578608     8.975624    -0.10416222  -8.759219   -16.328476
 -22.426474   -25.949814  ], 7
5, 11, [11 10  4 14], [7 5 0 5], [-20.13876   16.216682  11.908391  33.123627], 4
9, 13, [13], [9], [33.156353], 1
10, 9, [9 8], [11 10], [-10.074764  33.135998], 2
2, 14, [14], [2], [33.110176], 1
7, 6, [ 6  8 14 16], [7 7 7 7], [27.681473 24.226238 25.059944 33.149223], 4
8, 14, [14 15 13 11 15 10  3], [4 4 4 4 4 4 8], [-42.436783 -20.969072 -28.365412 -34.20318  -37.249355 -35.499214
 -25.96561 ], 7
7, 16, [16  8  5 10 16], [7 7 5 5 7], [17.51783    7.2671833 -3.189252   7.9601555 33.150078 ], 5
12, 5, [5], [12], [33.03516], 1
9, 16, [16], [9], [33.12961], 1
9, 6, [6], [9], [33.231873], 1
12, 12, [12], [12], [33.036205], 1
11, 2, [2], [11], [33.127018], 1
5, 4, [ 4 14], [5 5], [32.906788 33.12053 ], 2
13, 10, [10], [13], [33.063507], 1
11, 16, [16], [11], [33.184322], 1
7, 12, [12  7  8 13 15  7 13], [3 7 0 0 7 7 0], [-32.58885   -4.37193  -22.516045 -24.45906  -21.023144 -30.169409
 -38.845177], 7
4, 7, [ 7  8 16  3  4 14  8], [4 4 4 8 4 4 4], [ 15.777079    4.3894396  -7.9364977 -21.795422  -16.38293   -22.364536
 -25.848663 ], 7
5, 1, [ 1 14], [3 5], [-10.087978  33.117493], 2
7, 13, [13  6 15  8], [7 7 5 7], [22.960949 16.336906 11.989305 33.193962], 4
13, 12, [12], [13], [33.03952], 1
5, 7, [ 7 14], [5 5], [33.003906 33.119743], 2
7, 5, [ 5 10  7 10 14  4 16], [3 3 5 3 7 0 7], [-38.105843  -13.5660925 -16.059551  -13.656234   -2.8764539  -0.075737
  33.14914  ], 7
4, 13, [13 16  8 12  6  5 10], [4 4 4 4 8 8 4], [ 15.900225    4.5728817  -7.6131263 -21.274107  -37.186623  -35.51691
 -25.919952 ], 7
10, 2, [2], [10], [33.12371], 1
2, 13, [13], [2], [33.14217], 1
11, 10, [10], [11], [33.120293], 1
1, 8, [8], [1], [33.148697], 1
6, 15, [15 13], [0 6], [-10.046164  33.14308 ], 2
6, 2, [2], [6], [33.11631], 1
5, 8, [8 2], [5 5], [33.037853 33.114067], 2
8, 5, [ 5  6 13  8 10 16  6], [4 4 4 4 4 4 4], [-43.093685 -21.881535 -30.011614 -36.94685  -41.83031  -43.184002
 -38.874565], 7

11, 5, [5], [11], [33.035007], 1
0, 16, [16 13], [13  0], [-9.991842 33.143394], 2
2, 9, [9 6], [0 2], [-10.067171  33.14386 ], 2
8, 1, [ 1 11  6 14  5 13 14], [4 4 4 4 4 4 4], [-43.094513 -21.887726 -30.05693  -36.97061  -41.858788 -43.156708
 -38.85534 ], 7
13, 10, [10], [13], [33.063507], 1
9, 14, [14 13], [11  9], [-10.021807  33.15642 ], 2
0, 5, [ 5 13], [3 0], [-10.077524  33.14738 ], 2
9, 7, [7], [9], [33.181557], 1
0, 5, [ 5 16 12 14 15 14 11], [3 0 6 0 0 0 0], [-29.236435    1.2161121 -13.176676   -8.685255  -16.369137  -22.392223
 -25.880753 ], 7
6, 6, [ 6 13], [9 6], [-9.922621 33.142975], 2
7, 16, [16 14 12  6  8  2  5], [0 7 5 7 5 5 5], [-32.40644    -4.2346354 -22.336388  -23.95176   -41.80876   -43.268097
 -38.96409  ], 7
6, 1, [1 8], [3 6], [-10.082441  33.126472], 2
5, 1, [ 1 14], [3 5], [-10.082592  33.126575], 2
3, 12, [12  7], [3 3], [32.91047  33.125713], 2
13, 6, [6], [13], [33.227066], 1
13, 12, [12], [13], [33.03952], 1
9, 15, [15], [9], [33.044716], 1
6, 13, [13], [6], [33.14312], 1
13, 6, [6], [13], [33.227028], 1
7, 15, [15  5  8  2  8 15  8], [0 6 7 7 7 0 7], [-33.32451    -5.6512012  -2.8091402 -13.328779  -24.062988  -35.418526
 -25.811874 ], 7
1, 5, [5], [1], [33.033043], 1
1, 2, [2], [1], [33.115593], 1
13, 4, [4], [13], [33.041412], 1
7, 5, [ 5 13 15 14  7 11 14], [3 0 7 7 5 7 7], [-33.99019   -6.70672   -4.764993 -16.395908 -29.27959  -22.357662
 -25.827286], 7
11, 13, [13], [11], [33.163708], 1
0, 15, [15  8], [0 0], [32.963997 33.157402], 2
6, 11, [11], [6], [33.120926], 1
3, 10, [10  8], [3 3], [32.978565 33.183784], 2
8, 1, [ 1 11  7  6  3 16  7], [8 4 4 4 8 4 4], [  1.5915136 -19.077711  -25.374367  -29.1963    -28.86956   -43.17321
 -38.856583 ], 7
0, 11, [11  6 16], [3 0 0], [-12.4830475  29.009367   33.113426 ], 3
12, 14, [14], [12], [33.073067], 1
6, 11, [11], [6], [33.120922], 1

8, 13, [13  3 11 14  2 13  2], [4 4 8 4 4 4 4], [-38.34436  -14.168094 -17.004164 -36.919037 -41.77283  -43.16706
 -38.872593], 7
0, 2, [2], [0], [33.11259], 1
10, 5, [5], [10], [33.034447], 1
3, 15, [15  7], [3 3], [32.93551  33.124752], 2
9, 9, [9], [9], [33.042175], 1
7, 5, [ 5 16  8], [3 7 7], [-12.535765  29.050741  33.19319 ], 3
2, 15, [15 16], [6 2], [-10.06675   33.109657], 2
7, 14, [14  1  8], [7 6 7], [22.731441 15.959372 33.192642], 3
4, 11, [11 14  8 13  6  7 14], [4 4 4 4 4 4 4], [ 1.8625465e+01  9.1317196e+00 -2.1571159e-02 -8.6215677e+00
 -1.6296772e+01 -2.2369789e+01 -2.5855339e+01], 7
2, 2, [2], [2], [33.109142], 1
7, 8, [ 8 16 13  7 16], [7 7 7 5 7], [22.274452 15.140303  9.974684  8.024665 33.149765], 5
4, 5, [ 5 16  8  9 13  6 16], [4 4 4 4 4 4 4], [ 18.49083      9.092654    -0.08017874  -8.719194   -16.277569
 -22.390106   -25.859238  ], 7
6, 15, [15  8], [6 6], [32.94203 33.12647], 2
4, 11, [11  6  4  8  5 15 10], [4 4 4 4 8 4 4], [ 16.864458    6.196707   -4.8812165 -16.528347  -29.466137  -22.50179
 -25.919952 ], 7
5, 8, [8], [5], [33.159504], 1
6, 16, [16], [6], [33.10907], 1
1, 14, [14  6], [4 1], [-9.969049 33.144096], 2
2, 6, [6], [2], [33.144497], 1
9, 6, [6], [9], [33.23198], 1
1, 9, [9], [1], [33.068504], 1
0, 3, [3 8 2], [2 0 0], [-12.541485  29.034332  33.11245 ], 3
8, 12, [12 14  2 14  5  4  8], [4 4 4 4 8 4 4], [-41.419437 -19.09548  -25.400234 -29.212734 -28.92899  -43.273407
 -38.848663], 7
10, 1, [1], [10], [33.034653], 1
13, 10, [10], [13], [33.063507], 1
0, 2, [2], [0], [33.112537], 1
3, 15, [15 16], [3 3], [32.929047 33.113834], 2
10, 10, [10], [10], [33.063763], 1
12, 16, [16], [12], [33.129177], 1
8, 14, [14  4  6  2 11 13 12], [4 8 4 4 4 4 4], [-35.24843   -8.988484 -30.041092 -36.944214 -41.786034 -43.220787
 -38.962135], 7
2, 14, [14], [2], [33.10971], 1
11, 16, [16], [11], [33.169617], 1
1, 4, [4], [1], [33.032276], 1

4, 5, [ 5 11 15  2  8 13  3], [1 4 4 4 4 4 4], [-24.529593    9.061098   -0.1422286  -8.654021  -16.30238   -22.422863
 -25.965595 ], 7
7, 9, [ 9  2  9  7 13  4  8], [6 7 6 5 0 6 7], [-34.725647   -7.9542007 -28.435978  -34.138252  -37.1221    -35.45729
 -25.820526 ], 7
1, 12, [12], [1], [33.03421], 1
8, 7, [ 7 11  7 14  7  8 10], [4 4 4 4 4 4 4], [-42.97214  -21.859259 -30.009483 -36.921497 -41.776928 -43.20057
 -38.919846], 7
12, 9, [9], [12], [33.043884], 1
10, 13, [13], [10], [33.201706], 1
9, 6, [6], [9], [33.23204], 1
7, 4, [4 8 9 8 7], [0 5 7 5 7], [-28.721218    2.072831    9.8678875   8.040133   33.146725 ], 5
8, 15, [15 13  9  7 11 15 11], [4 4 8 4 4 4 4], [-38.41876  -14.114897 -17.118988 -36.943035 -41.810745 -43.261963
 -38.85357 ], 7
3, 3, [ 3 11], [2 3], [-10.098396  33.106716], 2
11, 3, [3], [11], [33.032997], 1
8, 3, [ 3  2  6  8 12 14  8], [8 4 4 4 4 4 4], [ -0.10852814 -21.904795   -30.053669   -36.965176   -41.860855
 -43.164536   -38.848663  ], 7
7, 5, [5 7 1 7], [3 0 2 7], [-27.989805    3.2940197  11.929909   33.144287 ], 4
10, 15, [15], [10], [33.04254], 1
11, 7, [7], [11], [33.13051], 1
9, 8, [8], [9], [33.22869], 1
8, 12, [12 10 14 10  5  3 10], [4 8 4 8 4 8 8], [-30.927576   -1.6090698 -17.817446  -16.603512  -29.47485   -22.516811
 -25.918602 ], 7
6, 7, [7], [6], [33.128826], 1
5, 11, [11], [5], [33.11083], 1
10, 16, [16  7], [ 7 10], [-9.968569 33.12939 ], 2
12, 9, [ 9 13], [12 12], [32.968    33.207798], 2
13, 14, [14], [13], [33.17093], 1
5, 2, [ 2 13], [7 5], [-10.0024605  33.148506 ], 2
7, 4, [ 4 13 16  7 11 14  3], [6 7 7 7 5 0 2], [-27.793793    3.6190934  -9.235662  -23.950813  -41.81176   -43.223347
 -38.95984  ], 7
8, 12, [12 13 11  4 14  7 13], [4 4 4 4 4 4 4], [-43.09096  -21.88138  -30.063126 -37.01593  -41.752953 -43.16269
 -38.843506], 7
13, 13, [13], [13], [33.19008], 1
10, 1, [1], [10], [33.03521], 1
9, 9, [9], [9], [33.04218], 1
12, 15, [15], [12], [33.041386], 1
10, 1, [1], [10], [33.034676], 1
11, 1, [1], [11], [33.035248], 1
10, 15, [15], [10], [33.04251], 1

2, 16, [16], [2], [33.10988], 1
5, 3, [ 3 10  8], [5 3 5], [22.617826 15.960308 33.15104 ], 3
12, 4, [4], [12], [33.039383], 1
2, 11, [11], [2], [33.107925], 1
6, 12, [12 11], [3 6], [-10.093163  33.12091 ], 2
11, 1, [1], [11], [33.035263], 1
8, 4, [ 4  3 16 14  2 13  7], [4 4 4 4 4 4 4], [-43.146606 -21.970749 -30.008587 -36.91558  -41.767067 -43.157455
 -38.856583], 7
7, 10, [10 14 13 14 10  5 14], [3 7 7 7 6 6 7], [-27.144669    4.6431155  -7.5366774 -21.16042   -37.209232  -35.466705
 -25.834877 ], 7
6, 14, [14], [6], [33.113113], 1
1, 15, [15], [1], [33.056175], 1
2, 12, [12 14], [3 2], [-10.1003475  33.109352 ], 2
5, 12, [12  7 10], [5 5 5], [30.419476 28.975513 33.068584], 3
4, 7, [ 7 13  8 11  7 11  6], [4 4 4 4 4 4 4], [ 1.8629074e+01  9.1427641e+00 -2.2886753e-02 -8.6237078e+00
 -1.6283569e+01 -2.2378304e+01 -2.5874565e+01], 7
0, 14, [14 15  7], [7 0 0], [-12.488453  28.94582   33.128624], 3
4, 5, [ 5  8  2 15 14  8  2], [4 4 4 4 4 4 4], [ 18.489052     9.089692    -0.10279465  -8.717004   -16.278648
 -22.372185   -25.87259   ], 7
1, 6, [6], [1], [33.14451], 1
0, 3, [ 3 13], [6 0], [-10.073132  33.14749 ], 2
6, 16, [16], [6], [33.108963], 1
13, 8, [8], [13], [33.183094], 1
8, 11, [11  8  6  8 13 15 10], [8 4 4 4 4 4 8], [  0.6299944 -20.862108  -28.355743  -34.1353    -37.144394  -35.50148
 -25.919434 ], 7
0, 16, [16  8], [0 0], [33.016365 33.157402], 2
13, 8, [8], [13], [33.183094], 1
6, 11, [11], [6], [33.12092], 1
0, 10, [10 14], [5 0], [-10.051619  33.130768], 2
12, 11, [11], [12], [33.128746], 1
9, 13, [13], [9], [33.15633], 1
1, 12, [12], [1], [33.03421], 1
8, 6, [ 6 14  9 11  8 13  5], [4 4 4 4 4 4 4], [-43.02605  -21.919144 -30.106342 -36.92281  -41.78208  -43.222363
 -38.964764], 7
5, 11, [11 14], [5 5], [32.976414 33.11262 ], 2
9, 8, [8], [9], [33.228863], 1
0, 15, [15 14  7], [0 7 0], [22.682842 16.023664 33.128624], 3
12, 3, [3], [12], [33.033382], 1

10, 5, [5], [10], [33.03443], 1
10, 9, [9 6], [11 10], [-10.043463  33.187798], 2
3, 1, [ 1 13], [6 3], [-10.068338  33.14467 ], 2
11, 6, [6], [11], [33.144943], 1
0, 1, [ 1 13], [3 0], [-10.069782  33.146984], 2
9, 3, [3], [9], [33.033295], 1
12, 2, [2], [12], [33.12584], 1
12, 13, [13], [12], [33.205254], 1
1, 10, [10], [1], [33.06857], 1
10, 10, [10], [10], [33.07214], 1
9, 4, [4], [9], [33.032593], 1
8, 12, [12 16  6  1 13 16  2], [4 4 8 8 4 4 4], [-35.620243  -9.430143  -9.285427 -24.01368  -41.752968 -43.18244
 -38.872593], 7
5, 2, [2], [5], [33.113182], 1
9, 15, [15], [9], [33.04471], 1
2, 6, [6], [2], [33.144257], 1
13, 15, [15], [13], [33.045372], 1
11, 8, [8], [11], [33.16725], 1
6, 11, [11], [6], [33.12092], 1
0, 14, [14 11 13], [0 0 0], [30.537737 29.004395 33.14749 ], 3
3, 7, [7], [3], [33.125156], 1
0, 7, [ 7 11  8 11 14], [3 0 0 0 0], [-18.01036   19.771088  17.761086  20.992798  33.130604], 5
3, 10, [10  8], [3 3], [32.978664 33.183556], 2
2, 11, [11], [2], [33.107967], 1
2, 11, [11], [2], [33.107933], 1
11, 5, [5], [11], [33.034634], 1
4, 8, [ 8  3 11 16  5 10  7], [4 4 4 4 4 4 4], [ 18.542406     8.985113    -0.08215189  -8.71431    -16.425106
 -22.433903   -25.856583  ], 7
10, 13, [13], [10], [33.201107], 1
7, 16, [16  8 11  9  1  2 14], [7 7 7 0 5 7 7], [ 14.128811    1.6183286 -12.618849  -29.596989  -29.399994  -22.395607
 -25.84092  ], 7
6, 7, [7], [6], [33.128826], 1
12, 5, [5], [12], [33.03514], 1
10, 12, [12], [10], [33.03438], 1
0, 4, [ 4  2  8 16 12 15  8], [0 0 0 0 6 0 0], [ 16.789377    6.2574825  -4.756137  -16.529099  -29.424961  -22.432693
 -25.838676 ], 7

6, 9, [ 9 14], [0 6], [-10.085613  33.113113], 2
2, 6, [6], [2], [33.14423], 1
0, 8, [ 8  5  1 16  8 13], [0 3 3 0 0 0], [10.373861  -4.654233  -1.1468844 11.352091  17.049953  33.147743 ], 6
3, 8, [8], [3], [33.184242], 1
12, 10, [10], [12], [33.05642], 1
0, 3, [ 3 16 14], [3 0 0], [-12.559689  29.004208  33.131065], 3
11, 10, [10], [11], [33.120235], 1
12, 1, [1], [12], [33.035736], 1
6, 5, [5 7], [3 6], [-10.088821  33.1288  ], 2
11, 5, [5], [11], [33.034767], 1
8, 15, [15 13 16 11  3 14 10], [4 4 4 8 4 4 8], [-39.65983  -16.183353 -20.56641  -21.178616 -37.209793 -35.406998
 -25.919434], 7
3, 11, [11], [3], [33.10694], 1
1, 11, [11], [1], [33.106823], 1
5, 7, [ 7 13], [5 5], [33.023006 33.147964], 2
10, 10, [10], [10], [33.063667], 1
5, 13, [13], [5], [33.147915], 1
2, 15, [15  3 14], [3 2 2], [-12.592979  28.903297  33.10935 ], 3
2, 5, [ 5 11], [5 2], [-10.10084   33.107857], 2
13, 3, [3], [13], [33.03463], 1
0, 14, [14], [0], [33.13069], 1
9, 5, [5], [9], [33.032814], 1
0, 8, [ 8 14 11  8 16], [0 0 0 0 0], [25.029411 19.776161 17.735104 21.032005 33.113815], 5
7, 13, [13 10  8], [7 5 7], [22.754332 15.98607  33.192642], 3
0, 3, [ 3 14 13], [5 7 0], [-20.340816  16.032486  33.14738 ], 3
6, 6, [6], [6], [33.142605], 1
7, 12, [12 11  2  9  8], [3 7 7 0 7], [-20.924017   15.069548    9.884388    7.9590797  33.192944 ], 5
7, 11, [11 14  9 15  8], [7 7 0 5 7], [17.503155   7.272336  -3.1634555  7.9893045 33.193962 ], 5
11, 9, [9], [11], [33.04461], 1
2, 4, [ 4 11], [0 2], [-10.100475  33.107853], 2
6, 15, [15  7], [0 6], [-10.055046  33.1288  ], 2
7, 1, [ 1 14  6 14  7  8], [3 7 5 7 7 7], [-24.830395    8.546501   -1.0177526  11.389752   17.053043   33.192944 ], 6
1, 12, [12], [1], [33.034206], 1

13, 9, [9], [13], [33.042507], 1
2, 9, [9 6], [0 2], [-10.067032  33.143867], 2
6, 8, [8], [6], [33.12655], 1
7, 1, [ 1 10 11], [3 3 7], [-20.386177  15.953679  33.140068], 3
5, 11, [11  5 10  1 11 14  7], [5 3 3 3 5 5 5], [  3.1807404 -16.552685  -20.977722  -21.745674  -16.312122  -22.374287
 -25.865852 ], 7
9, 16, [16], [9], [33.128], 1
7, 12, [12 14  7 12  8 14 13], [5 7 7 5 7 7 0], [-27.90892     3.4281387  -9.565559  -24.502287  -20.894302  -30.137383
 -38.844162 ], 7
9, 4, [4], [9], [33.0326], 1
10, 10, [10], [10], [33.063183], 1
3, 14, [14], [3], [33.12253], 1
6, 16, [16], [6], [33.109386], 1
3, 3, [3 9 1], [3 5 3], [22.559486 15.870411 33.040913], 3
3, 16, [16], [3], [33.114277], 1
1, 13, [13], [1], [33.14439], 1
0, 10, [10 15 12  2  5 16  2], [3 0 6 0 6 0 0], [-30.926788   -1.6612988 -17.886353  -16.535015  -29.4103    -22.407423
 -25.888836 ], 7
4, 15, [15 11  2 13  7  3  8], [4 4 4 4 4 4 4], [ 18.515863     9.109464    -0.06161737  -8.6483755  -16.341452
 -22.474775   -25.848633  ], 7
3, 2, [2], [3], [33.108456], 1
2, 10, [10  7], [3 2], [-10.055103  33.12553 ], 2
13, 16, [16], [13], [33.121918], 1
3, 7, [7], [3], [33.125042], 1
1, 15, [15], [1], [33.056202], 1
9, 8, [8], [9], [33.228825], 1
7, 13, [13 15 14 13 16], [0 7 5 0 7], [-25.484747    7.267379   -3.0185413   8.0448475  33.149353 ], 5
3, 2, [2], [3], [33.10853], 1
11, 6, [6], [11], [33.144527], 1
5, 1, [ 1 13], [3 5], [-10.069939  33.147434], 2
4, 15, [15 13 11  5 14  2  7], [4 4 4 4 4 4 4], [ 18.50958     9.098992   -0.0958395  -8.737123  -16.287266  -22.386543
 -25.856583 ], 7
9, 3, [3], [9], [33.03326], 1
12, 14, [14], [12], [33.072994], 1
4, 5, [ 5 11 16  8  6 12  2], [8 4 4 4 8 4 4], [-26.183794    6.3019047  -4.740882  -16.469398  -29.367891  -22.485691
 -25.872593 ], 7
2, 1, [ 1 12], [3 2], [-10.13719   33.034893], 2
8, 1, [ 1  2  8 14  6 16 14], [4 4 4 4 4 4 4], [-43.08614  -21.873768 -30.001957 -36.922157 -41.77803  -43.172447
 -38.85534 ], 7

9, 8, [8], [9], [33.228737], 1
13, 3, [3], [13], [33.03463], 1
5, 8, [ 8 10  8], [5 3 5], [22.741306 15.960484 33.15114 ], 3
13, 4, [4], [13], [33.041412], 1
13, 8, [8], [13], [33.18308], 1
4, 6, [ 6 13 11  9  6 11 10], [1 4 4 4 8 4 4], [-26.09009    6.288323  -4.780288 -16.544537 -29.319798 -22.405537
 -25.919952], 7
9, 9, [9], [9], [33.04226], 1
13, 1, [1], [13], [33.0363], 1
1, 7, [7], [1], [33.12523], 1
10, 6, [6 7], [ 9 10], [-9.901802 33.129425], 2
7, 11, [11 14  7 10 13 12 14], [5 0 7 5 7 2 0], [-36.646343  -11.2814665 -12.390038  -29.210876  -28.803246  -43.273582
 -38.847443 ], 7
2, 13, [13], [2], [33.142174], 1
4, 15, [15  6 16 13  2 11 10], [4 8 4 4 4 4 4], [ 10.71023     -3.899921    -0.03907442  -8.633053   -16.315914
 -22.405537   -25.919952  ], 7
12, 7, [7], [12], [33.14451], 1
12, 9, [ 9 16], [12 12], [32.917713 33.123337], 2
5, 9, [ 9 13], [0 5], [-10.067114  33.146217], 2
1, 6, [6], [1], [33.144512], 1
10, 12, [12], [10], [33.034378], 1
10, 8, [8], [10], [33.13642], 1
11, 10, [10], [11], [33.11954], 1
10, 3, [3], [10], [33.033062], 1
12, 8, [8], [12], [33.217617], 1
9, 4, [4], [9], [33.032593], 1
1, 3, [3], [1], [33.036083], 1
1, 10, [10], [1], [33.068546], 1
0, 9, [ 9  8 14  9 11  8  4], [6 0 0 6 3 0 0], [-28.985111    1.6095653 -12.595493  -29.551876  -29.335043  -22.412104
 -25.964943 ], 7
3, 13, [13], [3], [33.14547], 1
8, 4, [ 4 10 11 10  1 12  8], [8 4 4 4 4 4 4], [ -0.15137196 -21.978872   -30.098373   -37.074677   -41.924717
 -43.271397   -38.848663  ], 7
4, 10, [10 14  3 10  7 11  8], [4 4 4 4 4 4 4], [ 18.503407     9.038895    -0.17627811  -8.684471   -16.274233
 -22.362745   -25.848633  ], 7
4, 5, [ 5 11 10 11 15 14 10], [4 4 4 4 4 4 4], [ 18.474855     9.06603     -0.13400745  -8.690091   -16.394207
 -22.40731    -25.919952  ], 7
11, 6, [6], [11], [33.144783], 1
2, 9, [ 9 13], [6 2], [-10.067938  33.141964], 2

12, 7, [7], [12], [33.14451], 1
6, 8, [8], [6], [33.126537], 1
3, 4, [4 8], [6 3], [-10.054705  33.183453], 2
6, 5, [ 5 16], [2 6], [-10.101221  33.108757], 2
10, 6, [6], [10], [33.185112], 1
12, 12, [12], [12], [33.0362], 1
3, 2, [2], [3], [33.110092], 1
13, 5, [5], [13], [33.039154], 1
2, 13, [13], [2], [33.142143], 1
9, 4, [4], [9], [33.032597], 1
4, 14, [14 16 11  5  7 11 14], [4 4 4 8 4 4 4], [ 15.787928   4.405444  -7.892195 -21.731049 -16.276646 -22.366768
 -25.85534 ], 7
1, 12, [12], [1], [33.034206], 1
1, 10, [10], [1], [33.068546], 1
7, 8, [ 8 13  6 10 11  6  8], [7 0 5 7 7 5 7], [  5.168518  -13.363879  -15.8661995 -13.367497  -24.06546   -35.332825
 -25.811874 ], 7
11, 2, [2], [11], [33.127197], 1
0, 10, [10 14 13], [6 7 0], [-20.31129   16.032486  33.14738 ], 3
1, 8, [8], [1], [33.148746], 1
11, 15, [15  6], [11 11], [32.930115 33.145054], 2
8, 3, [ 3 14  9 12  7 16  7], [8 4 4 4 4 4 4], [ -0.13774872 -21.953533   -30.163658   -37.018333   -41.760292
 -43.17284    -38.856586  ], 7
8, 2, [ 2 13  7 13 16  7  2], [4 4 4 4 4 4 4], [-42.978313 -21.842867 -29.998936 -36.903915 -41.76735  -43.18014
 -38.872593], 7
1, 2, [2], [1], [33.11564], 1
5, 15, [15 14], [3 5], [-10.062775  33.12079 ], 2
4, 6, [ 6 13  6 11 13  8 14], [4 4 4 4 4 4 4], [ 18.604744     9.132178    -0.04052877  -8.609941   -16.260624
 -22.361866   -25.85534   ], 7
8, 6, [ 6  2  7 16  8 14 15], [8 4 4 4 4 4 4], [-5.5265427e-03 -2.1881042e+01 -3.0014080e+01 -3.6929153e+01
 -4.1783779e+01 -4.3225227e+01 -3.8949814e+01], 7
9, 12, [12], [9], [33.045845], 1
3, 11, [11], [3], [33.106895], 1
8, 3, [ 3  8  1 16  8 13  7], [4 4 8 4 4 4 4], [-38.43258  -14.111637 -17.10496  -36.905125 -41.743137 -43.15746
 -38.856586], 7
5, 8, [8], [5], [33.1658], 1
3, 15, [15], [3], [33.05957], 1
0, 15, [15 14  8 13], [0 0 0 0], [27.565918 24.1662   25.049953 33.147743], 4
8, 10, [10 14 13  7 16  7  9], [8 4 4 4 4 4 4], [-3.4106255e-02 -2.1857782e+01 -3.0004072e+01 -3.6934277e+01
 -4.1796150e+01 -4.3228184e+01 -3.8952660e+01], 7
7, 14, [14  8  7 14 11  9  6], [5 0 7 5 5 0 5], [-38.280758 -14.05586  -17.026642 -36.940937 -41.82581  -43.25724
 -38.833572], 7

9, 6, [6], [9], [33.2322], 1
6, 4, [ 4  5 10 14], [6 3 3 6], [14.95254    3.1963043 11.9375515 33.113113 ], 4
6, 1, [1 7], [2 6], [-10.079189  33.1288  ], 2
11, 4, [4], [11], [33.03214], 1
10, 1, [1], [10], [33.034653], 1
0, 12, [12 14  2], [3 0 0], [-12.564365  29.002478  33.112297], 3
10, 12, [12], [10], [33.03438], 1
6, 7, [7], [6], [33.128826], 1
9, 13, [13], [9], [33.15632], 1
1, 16, [16], [1], [33.12024], 1
11, 1, [1], [11], [33.035275], 1
13, 7, [7], [13], [33.159756], 1
0, 6, [ 6 14 13], [0 0 0], [30.555485 29.023596 33.14749 ], 3
13, 12, [12], [13], [33.03952], 1
10, 4, [4 6], [10 10], [32.95267 33.18776], 2
1, 16, [16], [1], [33.12023], 1
1, 7, [7], [1], [33.125286], 1
9, 9, [9], [9], [33.042217], 1
10, 3, [3], [10], [33.033028], 1
4, 10, [10 16 10 13  6 15  8], [4 4 4 4 4 4 4], [ 18.524164     9.073527    -0.11204529  -8.653488   -16.349974
 -22.459019   -25.848663  ], 7
13, 6, [6], [13], [33.226856], 1
7, 7, [ 7  2 16], [7 7 7], [30.536041 28.998878 33.14955 ], 3
11, 12, [12], [11], [33.033817], 1
6, 15, [15 14], [6 6], [32.93418 33.11331], 2
12, 3, [3], [12], [33.033382], 1
6, 1, [ 1 14], [3 6], [-10.090681  33.113113], 2
6, 12, [12  8], [3 6], [-10.09001   33.126465], 2
2, 10, [10  4], [0 2], [-10.10955   33.034294], 2
13, 9, [9], [13], [33.042507], 1
8, 2, [ 2 16 12 16 15 16 10], [4 4 4 4 4 4 8], [-42.436672 -20.940132 -28.46812  -34.176643 -37.19564  -35.4097
 -25.9174  ], 7
11, 15, [15], [11], [33.04151], 1
11, 2, [2], [11], [33.1271], 1

11, 5, [5], [11], [33.035007], 1
6, 1, [ 1 11], [6 6], [32.921906 33.120964], 2
6, 4, [4 8], [6 6], [32.91137  33.126446], 2
8, 9, [ 9  7 10 13  9 13  6], [4 4 4 4 4 4 8], [-42.493813 -20.90192  -28.408888 -34.14824  -37.17456  -35.369835
 -25.87722 ], 7
4, 5, [ 5 13  6  2 14  4 16], [4 4 4 4 4 4 4], [ 18.499733     9.107494    -0.08166981  -8.678509   -16.343193
 -22.479755   -25.859238  ], 7
5, 16, [16  6], [9 5], [-9.975464 33.171474], 2
11, 11, [11], [11], [33.1386], 1
11, 14, [14], [11], [33.068512], 1
13, 3, [3], [13], [33.034622], 1
10, 4, [4], [10], [33.042866], 1
6, 3, [ 3 14], [3 6], [-10.095261  33.11301 ], 2
0, 10, [10 15  6  7], [2 0 0 0], [-15.48278   24.077236  25.018394  33.128597], 4
5, 1, [ 1 13], [2 5], [-10.069571  33.147858], 2
4, 14, [14 11 13  5 10 13 11], [4 4 4 8 4 4 4], [ 15.787632    4.4049525  -7.902468  -21.76494   -16.33334   -22.355644
 -25.853565 ], 7
13, 6, [6], [13], [33.22692], 1
0, 1, [ 1  7  4 13], [3 3 5 0], [-27.98797     3.2830205  11.923056   33.14749  ], 4
3, 3, [ 3 15], [2 3], [-10.126703  33.05977 ], 2
2, 7, [7], [2], [33.125576], 1
2, 13, [13], [2], [33.14218], 1
9, 14, [14], [9], [33.102146], 1
7, 5, [ 5 13  5 13 10  8], [3 7 6 7 5 7], [-26.568981    5.661783   -5.833536    3.553548    3.9860697  33.192642 ], 6
10, 3, [3], [10], [33.03306], 1
0, 14, [14 11 13], [0 3 0], [22.736843 16.000334 33.148335], 3
8, 11, [11 14  2  4 10 15 16], [4 4 4 8 4 4 4], [-40.204174 -17.251804 -22.32744  -24.091412 -41.87913  -43.26537
 -38.85926 ], 7
4, 3, [ 3 16  2 14  8  7  1], [4 4 4 4 4 4 8], [ 17.891806    8.095681   -1.7418008 -11.448679  -20.9889    -30.233725
 -38.9619   ], 7
6, 11, [11], [6], [33.12007], 1
13, 7, [7], [13], [33.159756], 1
10, 4, [ 4 12], [11 10], [-10.142797  33.03443 ], 2
12, 4, [4], [12], [33.039368], 1
13, 13, [13], [13], [33.19008], 1
2, 7, [7], [2], [33.125637], 1
7, 14, [14  8 14], [7 5 7], [22.801426 16.060507 33.18068 ], 3

13, 7, [7], [13], [33.159756], 1
13, 16, [16], [13], [33.121925], 1
5, 10, [10 11  5 14], [5 7 2 5], [15.040847  3.284799 11.907077 33.12084 ], 4
9, 15, [15], [9], [33.044956], 1
9, 16, [16], [9], [33.129337], 1
10, 10, [10], [10], [33.063282], 1
7, 2, [ 2 13  3  7  6  8], [7 0 2 5 5 7], [  5.8985114 -12.014793  -13.611782   -9.4160385   4.080555   33.197113 ], 6
4, 4, [ 4 13  9 14  8 12  7], [4 4 4 4 4 4 4], [ 18.477057    9.068772   -0.1462059  -8.655927  -16.334312  -22.476084
 -25.856583 ], 7
8, 4, [ 4 15  7  1  5  8 16], [8 4 4 8 4 4 4], [  2.6365547 -17.33252   -22.304512  -24.079876  -41.863297  -43.16422
 -38.85926  ], 7
5, 5, [5 8 2], [5 9 5], [22.66963  16.059515 33.11467 ], 3
8, 14, [14  9  3  5 11  4 14], [4 4 4 8 8 4 4], [-38.605946 -14.584343 -17.719471 -16.256458 -28.819187 -43.277412
 -38.85534 ], 7
2, 15, [15  3 15  1 13], [7 6 7 6 2], [-33.43889    -5.860471   -3.1651125   7.9291544  33.14196  ], 5
7, 12, [12 11  8], [3 5 7], [-20.342707  16.0384    33.19358 ], 3
2, 8, [8], [2], [33.15619], 1
9, 2, [2], [9], [33.12628], 1
4, 11, [11  7  6 14 15 11 14], [4 4 8 4 4 4 4], [ 13.922662    1.2937126 -13.082836   -8.677267  -16.369879  -22.366768
 -25.85534  ], 7
5, 12, [12 13], [3 5], [-10.078114  33.14618 ], 2
3, 5, [ 5 15], [3 3], [32.869392 33.05919 ], 2
1, 11, [11], [1], [33.106827], 1
10, 16, [16 11], [ 7 10], [-9.963322 33.129856], 2
11, 16, [16], [11], [33.184345], 1
4, 6, [ 6  8 16 14  6 14  8], [4 4 4 4 4 4 4], [ 18.60255     9.12852    -0.0380311  -8.63131   -16.293285  -22.364536
 -25.848663 ], 7
4, 8, [ 8 10  8 16 14 15 14], [4 4 4 4 4 4 4], [ 18.583569     9.053717    -0.04416132  -8.659165   -16.33321
 -22.463116   -25.85534   ], 7
1, 6, [6], [1], [33.144535], 1
5, 6, [ 6 14], [5 5], [33.033333 33.116394], 2
2, 1, [ 1 11], [2 2], [32.90795  33.107872], 2
8, 8, [ 8  2  6 15 10 14  7], [4 4 4 4 4 4 4], [-43.008286 -21.932705 -30.100185 -37.0427   -41.821484 -43.16929
 -38.856583], 7
2, 15, [15  8], [3 2], [-10.044943  33.149387], 2
0, 7, [ 7 14  8  7 13], [3 0 0 3 0], [-20.798996  15.119694   9.974323   8.017683  33.14749 ], 5
1, 9, [9], [1], [33.068512], 1
12, 12, [12], [12], [33.0362], 1
6, 6, [6], [6], [33.142727], 1

4, 2, [ 2 13 11  1  7  2 14], [4 4 4 4 4 4 4], [ 18.587322     9.099858    -0.09439659  -8.734717   -16.288063
 -22.385796   -25.85534   ], 7
12, 3, [3], [12], [33.033386], 1
12, 3, [3], [12], [33.033394], 1
7, 14, [14  7  8], [7 5 7], [22.799316 16.050549 33.19362 ], 3
4, 1, [ 1 14 16  6 13  5 14], [8 4 4 4 4 4 4], [-24.497726     9.10693     -0.06288481  -8.672733   -16.330284
 -22.477966   -25.85534   ], 7
9, 11, [11], [9], [33.10653], 1
11, 8, [8], [11], [33.166466], 1
0, 2, [ 2 16  1  2 15 14], [0 0 3 0 0 0], [18.157806   8.41164   -1.1898799 11.280335  16.949188  33.131126 ], 6
5, 13, [13], [5], [33.14863], 1
10, 16, [16 14], [ 7 10], [-9.99781  33.074493], 2
5, 16, [16], [5], [33.114433], 1
9, 5, [5], [9], [33.03251], 1
7, 9, [ 9 14 12 16], [0 7 6 7], [-20.166847  16.311726  11.924288  33.14955 ], 4
8, 3, [ 3  8 15  2  8 14 13], [1 4 4 4 4 4 4], [-43.110817 -21.90972  -30.10176  -36.919914 -41.74553  -43.161446
 -38.843506], 7
7, 7, [ 7 14 16 14 11  7 14], [0 7 0 7 7 0 7], [-30.065321    -0.33565807 -15.834633   -13.279832   -24.078382
 -35.36341    -25.832802  ], 7
0, 12, [12  7], [3 0], [-10.088863  33.128387], 2
3, 7, [7], [3], [33.125458], 1
5, 14, [14], [5], [33.11258], 1
0, 10, [10  4  8 14  4 16], [5 5 0 0 5 0], [-29.699406     0.38443923   7.2497997    3.476809     3.9028492
  33.113815  ], 6
9, 3, [3], [9], [33.033302], 1
12, 7, [7], [12], [33.144527], 1
13, 6, [6], [13], [33.227066], 1
7, 2, [ 2 14 10  4 12  6  7], [7 7 6 0 5 5 7], [  8.352039   -7.9290714 -28.494244  -34.275604  -37.184406  -35.364502
 -25.864185 ], 7
12, 5, [5], [12], [33.035156], 1
11, 15, [15], [11], [33.04134], 1
8, 13, [13  8 11 16  1 12 11], [4 4 4 4 4 4 4], [-42.975254 -21.88625  -30.062645 -37.01513  -41.926483 -43.274338
 -38.85357 ], 7
12, 13, [13], [12], [33.20519], 1
1, 7, [7], [1], [33.125248], 1
6, 14, [14], [6], [33.11311], 1
2, 15, [15  8], [0 2], [-10.043688  33.149254], 2
4, 4, [ 4  9 11  2  9 16 12], [4 4 4 4 4 4 4], [ 18.433105     8.995522    -0.08636808  -8.721337   -16.414574
 -22.436527   -25.962135  ], 7
0, 2, [2], [0], [33.11251], 1

7, 3, [ 3 16], [2 7], [-10.072258  33.150684], 2
1, 13, [13], [1], [33.14441], 1
13, 13, [13], [13], [33.190083], 1
7, 4, [ 4  6 11  3  1 16], [0 5 7 2 2 7], [-32.500076   -4.225252   -0.622746   -9.602768    3.9286613  33.149612 ], 6
8, 3, [ 3  9  6  3 13  2 16], [8 4 4 8 4 4 4], [  2.6397572 -17.324387  -22.28623   -24.019444  -41.756386  -43.188137
 -38.859238 ], 7
13, 14, [14], [13], [33.17094], 1
9, 7, [7], [9], [33.1811], 1
13, 10, [10], [13], [33.063507], 1
8, 10, [10  9 16  6 11 16  7], [4 4 4 4 4 4 4], [-43.09744  -21.96265  -30.016672 -36.929054 -41.757484 -43.173195
 -38.856586], 7
4, 10, [10  5 11 10 14  7  4], [4 4 4 4 4 4 4], [ 18.47259      8.987571    -0.07944441  -8.709798   -16.316406
 -22.435112   -25.96421   ], 7
8, 8, [ 8  5 13 16  8  3  8], [4 4 4 4 4 8 4], [-42.02094  -20.287127 -27.203938 -32.267387 -34.013573 -30.274849
 -38.848663], 7
7, 11, [11 13 16], [7 0 7], [22.763626 16.042206 33.149612], 3
8, 13, [13  7 14 15  4 16  6], [4 4 4 4 8 4 4], [-41.30864  -19.108555 -25.419949 -29.274351 -28.874218 -43.183983
 -38.874565], 7
0, 9, [ 9 11], [0 0], [32.913605 33.112022], 2
1, 8, [8], [1], [33.148754], 1
1, 14, [14  6], [4 1], [-9.969048 33.144096], 2
9, 3, [3 8], [9 9], [32.97064  33.229103], 2
0, 11, [11], [0], [33.112175], 1
13, 9, [9], [13], [33.042507], 1
2, 2, [2], [2], [33.10898], 1
5, 8, [8], [5], [33.156784], 1
13, 3, [3], [13], [33.03463], 1
0, 10, [10 13], [3 0], [-10.041746  33.148335], 2
8, 16, [16  7 14 13  6 14 11], [4 4 4 4 4 4 4], [-42.97336  -21.856825 -30.000399 -36.908432 -41.77488  -43.16719
 -38.85309 ], 7
4, 3, [ 3  6 13  8  7  8 14], [1 1 4 4 4 4 4], [-3.2286743e+01 -3.8698246e+00 -1.1234760e-02 -8.6128855e+00
 -1.6273705e+01 -2.2361866e+01 -2.5855339e+01], 7
13, 1, [1], [13], [33.0363], 1
5, 9, [ 9 16], [5 5], [32.912895 33.11138 ], 2
13, 16, [16], [13], [33.12191], 1
5, 15, [15 14], [3 5], [-10.059551  33.126575], 2
7, 13, [13  6 10 15 14 16], [0 5 5 7 7 7], [-32.562477   -4.5245886  -1.1440563  11.309501   17.061579   33.14955  ], 6
1, 11, [11], [1], [33.106827], 1
7, 11, [11 14 13  8 12 10 11], [7 7 0 7 5 7 7], [ 12.253683   -1.4674349 -17.727585  -16.472376  -29.43417   -22.447681
 -25.865765 ], 7

1, 6, [6], [1], [33.144512], 1
10, 14, [14], [10], [33.075356], 1
5, 6, [6 3], [5 5], [32.990505 33.044537], 2
9, 5, [5], [9], [33.032574], 1
4, 2, [ 2 14  3 16  8 13  2], [4 4 4 4 4 4 4], [ 18.56454      9.061891    -0.13795042  -8.620579   -16.2689
 -22.367062   -25.872593  ], 7
6, 2, [2], [6], [33.11631], 1
6, 15, [15 13], [6 6], [32.953114 33.14306 ], 2
13, 13, [13], [13], [33.19008], 1
9, 3, [3 7], [11  9], [-10.057785  33.18204 ], 2
4, 13, [13 16  2  7 10  4  6], [4 4 4 4 4 8 4], [ 17.595806    7.39885    -2.9031858 -13.384321  -24.212893  -35.48851
 -25.874565 ], 7
5, 4, [4 3], [5 5], [32.860023 33.043495], 2
1, 4, [4], [1], [33.032276], 1
5, 7, [ 7 12], [5 5], [32.95348 33.03374], 2
0, 10, [10 16 14], [5 3 0], [-20.331026  15.998655  33.130604], 3
8, 8, [ 8  1 16 14  3  8  7], [4 8 4 4 4 4 4], [-35.24134   -8.987797 -30.043186 -36.97324  -41.863167 -43.162613
 -38.856586], 7
2, 10, [10  8], [3 2], [-10.040606  33.1494  ], 2
0, 7, [7], [0], [33.12863], 1
5, 3, [ 3 11  8], [2 7 5], [-20.349945  16.020796  33.14962 ], 3
7, 14, [14 11 14  1 15 13  2], [7 7 7 6 0 0 7], [ 13.109649    -0.09637642 -15.384035   -34.252514   -37.161007
 -35.378696   -25.890484  ], 7
12, 1, [1], [12], [33.03574], 1
10, 16, [16 14], [ 5 10], [-10.009472  33.07451 ], 2
10, 14, [14], [10], [33.080822], 1
11, 14, [14], [11], [33.06882], 1
8, 12, [12  5 16  8  6 16  6], [4 4 4 8 4 4 4], [-40.336926 -17.29132  -22.21093  -23.91945  -41.784966 -43.184
 -38.874565], 7
12, 14, [14], [12], [33.074093], 1
2, 2, [2], [2], [33.10898], 1
6, 16, [16], [6], [33.108967], 1
11, 12, [12], [11], [33.033813], 1
8, 7, [ 7 13 14  1  2 13  6], [4 4 4 8 4 4 8], [-39.573826 -16.1954   -20.586494 -21.218594 -37.094494 -35.369835
 -25.87722 ], 7
13, 8, [8], [13], [33.182983], 1
10, 14, [14], [10], [33.07614], 1
13, 14, [14], [13], [33.170944], 1

3, 13, [13], [3], [33.14525], 1
10, 8, [8], [10], [33.136406], 1
2, 4, [4], [2], [33.034332], 1
6, 2, [2], [6], [33.11503], 1
6, 10, [10 15  5  8], [2 3 3 6], [-28.00296     3.2110593  11.910768   33.128113 ], 4
8, 2, [ 2  1 11  3  6 16  8], [4 8 8 4 4 4 4], [-30.595402   -1.2046804 -17.071327  -37.030975  -41.77563   -43.16844
 -38.848663 ], 7
13, 15, [15], [13], [33.045372], 1
9, 7, [7], [9], [33.18141], 1
6, 14, [14 11], [12  6], [-10.0449295  33.12099  ], 2
13, 4, [4], [13], [33.041412], 1
2, 12, [12 11], [2 2], [32.899918 33.10774 ], 2
5, 13, [13], [5], [33.14893], 1
5, 2, [2], [5], [33.113472], 1
13, 2, [2], [13], [33.17155], 1
8, 15, [15  8 13 14 13 16 14], [4 8 4 4 4 4 4], [-35.253727  -8.839846 -29.985622 -36.90353  -41.746983 -43.172462
 -38.85534 ], 7
10, 14, [14], [10], [33.07536], 1
6, 13, [13], [6], [33.1431], 1
8, 13, [13  7  8  1], [4 4 8 8], [-23.166706  11.127996  24.974302  33.037952], 4
5, 3, [3], [5], [33.04313], 1
1, 15, [15], [1], [33.056175], 1
7, 8, [ 8 11  1  8], [7 5 2 7], [15.167413   3.2953446 11.954678  33.19358  ], 4
1, 4, [4], [1], [33.03228], 1
10, 7, [7], [10], [33.129654], 1
13, 13, [13], [13], [33.190083], 1
12, 16, [16  1], [ 0 12], [-10.058777  33.03574 ], 2
1, 9, [9], [1], [33.068516], 1
2, 15, [15  8], [0 2], [-10.0414295  33.149475 ], 2
3, 3, [ 3 16 14], [3 2 3], [22.62741  15.985089 33.123047], 3
13, 12, [12], [13], [33.03952], 1
0, 7, [7], [0], [33.128654], 1
12, 6, [6], [12], [33.254173], 1
6, 12, [12  4  7], [3 6 6], [-12.618414  28.912039  33.1288  ], 3

2, 6, [6], [2], [33.14441], 1
0, 8, [8 2 7], [0 0 0], [30.55678  28.987446 33.12771 ], 3
2, 14, [14], [2], [33.113567], 1
11, 5, [5], [11], [33.03502], 1
10, 14, [14], [10], [33.080727], 1
5, 9, [ 9 11  7 13 10 11  7], [6 7 7 5 5 7 7], [-38.586197 -14.388807 -17.548933 -16.144474 -28.83583  -43.1768
 -38.86225 ], 7
12, 1, [1], [12], [33.035744], 1
7, 10, [10 14  7  9  8], [5 7 7 0 7], [-20.866753   15.105623    9.914116    7.9617147  33.192642 ], 5
4, 14, [14  7  8 16 14 11  2], [4 4 4 4 4 4 4], [ 1.8621506e+01  9.1280718e+00 -2.5570393e-02 -8.6282330e+00
 -1.6281610e+01 -2.2377119e+01 -2.5872589e+01], 7
11, 3, [3], [11], [33.032978], 1
9, 1, [1], [9], [33.032845], 1
2, 1, [1 8], [3 2], [-10.067707  33.149376], 2
0, 9, [ 9  6 16], [0 0 0], [30.450535 29.00935  33.113815], 3
8, 5, [ 5  2  3  7 11 13 11], [8 4 4 4 4 4 4], [ -0.12765408 -21.937664   -30.108452   -36.90476    -41.746956
 -43.155647   -38.85357   ], 7
6, 14, [14], [6], [33.11311], 1
0, 4, [4 2], [0 0], [32.902504 33.112457], 2
11, 4, [4], [11], [33.03217], 1
5, 8, [ 8 16], [9 5], [-9.941872 33.11236 ], 2
4, 1, [ 1  6 11 10  8 15 13], [8 8 4 4 4 4 4], [-32.317127    -3.9253979   -0.08153582  -8.713284   -16.322216
 -22.455921   -25.843506  ], 7
3, 6, [6], [3], [33.14859], 1
2, 12, [12  1 16], [3 2 2], [-12.620144  28.909328  33.109657], 3
5, 3, [ 3 11  6], [5 5 5], [30.445812 29.006935 33.164227], 3
10, 12, [12], [10], [33.034534], 1
9, 11, [11], [9], [33.10653], 1
13, 9, [9], [13], [33.042507], 1
12, 14, [14], [12], [33.07318], 1
7, 10, [10 13  6  8], [5 0 5 7], [-27.884275    3.4084694  12.089406   33.204964 ], 4
6, 8, [8], [6], [33.12654], 1
13, 3, [3], [13], [33.03463], 1
11, 15, [15], [11], [33.041348], 1
6, 5, [ 5 14], [2 6], [-10.09849  33.11269], 2
3, 8, [8], [3], [33.184216], 1

10, 7, [7], [10], [33.12962], 1
12, 14, [14], [12], [33.073124], 1
0, 11, [11 14  8], [3 7 0], [-20.266422  16.037636  33.155968], 3
10, 8, [8], [10], [33.136246], 1
3, 2, [2], [3], [33.108444], 1
3, 11, [11], [3], [33.106842], 1
2, 13, [13], [2], [33.14216], 1
8, 7, [ 7 11  9  6  8 14  8], [4 4 8 4 8 4 8], [-36.035873 -10.298813 -10.742076 -26.314846 -24.067135 -35.364426
 -25.84848 ], 7
6, 6, [6], [6], [33.14318], 1
11, 14, [14], [11], [33.06845], 1
7, 16, [16  8  5 16], [7 0 0 7], [15.1451435  3.3153923 11.924704  33.1499   ], 4
11, 8, [8], [11], [33.166916], 1
8, 6, [ 6 12  4 15  1], [4 4 8 4 8], [-28.738283    1.8938007   9.75989     7.8729525  33.037952 ], 5
9, 1, [1], [9], [33.032795], 1
7, 10, [10 15  6  8 15 14  2], [5 7 5 7 7 7 7], [-29.171745    1.2636027 -13.0149145  -8.627932  -16.34568   -22.363722
 -25.892612 ], 7
13, 5, [5], [13], [33.039154], 1
3, 10, [10 15  8], [3 3 3], [30.450825 28.970732 33.18346 ], 3
11, 12, [12], [11], [33.033867], 1
11, 8, [8], [11], [33.165703], 1
13, 11, [11], [13], [33.106747], 1
2, 13, [13], [2], [33.142185], 1
13, 9, [9], [13], [33.042503], 1
10, 9, [9 6], [11 10], [-10.043102  33.187405], 2
2, 12, [12], [2], [33.034943], 1
7, 12, [12  2  8 16], [3 7 7 7], [-15.476299  24.148914  25.06921   33.14955 ], 4
1, 4, [4], [1], [33.032276], 1
11, 1, [1], [11], [33.035275], 1
0, 5, [ 5  8 14], [3 0 0], [-12.5403385  29.042952   33.131065 ], 3
6, 8, [8], [6], [33.12654], 1
10, 3, [3], [10], [33.03306], 1
3, 9, [ 9 13], [0 3], [-10.066601  33.144745], 2
1, 15, [15], [1], [33.056168], 1

1, 4, [4], [1], [33.03228], 1
8, 4, [ 4  8 14 16  6  7  2], [4 4 4 4 4 4 4], [-43.077957 -21.856247 -30.01264  -36.928833 -41.782654 -43.180145
 -38.872593], 7
4, 7, [ 7  6 13  4  6 15  8], [4 4 4 4 4 4 4], [ 18.57979      9.060625    -0.10801888  -8.774191   -16.349972
 -22.459015   -25.848663  ], 7
10, 12, [12], [10], [33.03438], 1
10, 1, [1], [10], [33.03463], 1
8, 16, [16  6  5  7  2  3  8], [4 4 8 4 4 4 4], [-38.35452  -14.158796 -17.140387 -36.95907  -41.83747  -43.274796
 -38.848663], 7
13, 5, [5], [13], [33.039154], 1
11, 7, [7], [11], [33.130417], 1
7, 9, [ 9  2 10 14  8 10 13], [6 7 3 7 7 7 0], [-29.805592    0.2457676 -14.772856  -11.404148  -20.952703  -30.234718
 -38.844162 ], 7
7, 8, [ 8  3 14 13 14 13 14], [0 6 5 0 5 0 5], [-43.0094   -21.94798  -29.977514 -36.886772 -41.736675 -43.15204
 -38.84545 ], 7
11, 13, [13], [11], [33.163284], 1
4, 16, [16  2  8 14  7 12  6], [4 4 4 4 4 4 4], [ 18.600142     9.098967    -0.04740095  -8.664565   -16.34871
 -22.486874   -25.874565  ], 7
11, 14, [14], [11], [33.06932], 1
8, 4, [ 4 14  7  8  4 13  8], [8 4 4 4 8 4 4], [  1.5955324 -19.067595  -25.35376   -29.161957  -28.855522  -43.152687
 -38.84864  ], 7
0, 13, [13], [0], [33.14765], 1
10, 4, [4], [10], [33.042973], 1
4, 11, [11 13  8 13 16  2 11], [4 4 4 4 4 4 4], [ 1.8633423e+01  9.1449804e+00 -1.9192696e-02 -8.6175508e+00
 -1.6290077e+01 -2.2384731e+01 -2.5853565e+01], 7
13, 5, [5], [13], [33.039154], 1
4, 8, [ 8 14 11  2 14  7  4], [4 4 4 4 4 4 8], [ 18.013264    8.103209   -1.7357545 -11.470314  -20.9962    -30.234768
 -38.96364  ], 7
6, 13, [13], [6], [33.143116], 1
2, 4, [ 4 11], [6 2], [-10.100281  33.107864], 2
6, 14, [14], [6], [33.11297], 1
2, 16, [16], [2], [33.11019], 1
12, 2, [2], [12], [33.1247], 1
1, 2, [2], [1], [33.11563], 1
11, 2, [2], [11], [33.12708], 1
12, 8, [8], [12], [33.217514], 1
9, 5, [ 5 16], [11  9], [-10.087463  33.12967 ], 2
9, 9, [9], [9], [33.0422], 1
6, 4, [4 7], [6 6], [32.912292 33.1288  ], 2
5, 4, [ 4 13], [2 5], [-10.0761795  33.147858 ], 2
5, 7, [7 6], [5 5], [33.030212 33.162296], 2

4, 4, [ 4  7 10 14  3 11 15], [8 4 4 4 8 4 4], [-26.215202   6.248857  -4.824262 -16.50718  -29.419731 -22.423456
 -25.949818], 7
13, 16, [16], [13], [33.12195], 1
2, 2, [2], [2], [33.108974], 1
5, 9, [ 9  6 13], [5 5 5], [30.478138 29.055103 33.14675 ], 3
1, 3, [3], [1], [33.036083], 1
8, 8, [ 8 11  3 13  8 16 14], [8 4 4 4 8 4 4], [  1.6870365 -19.107008  -25.422401  -29.094675  -28.75195   -43.172462
 -38.85534  ], 7
0, 12, [12 14  1 10  7], [3 7 3 6 0], [-33.42809    -5.7703457  -3.1906686   7.946375   33.128593 ], 5
8, 8, [ 8 13  3  7  8 16  2], [8 4 4 4 8 4 4], [  1.6894732 -19.102995  -25.432484  -29.11148   -28.758156  -43.182793
 -38.872593 ], 7
5, 10, [10  2  6], [3 7 5], [-20.324318  16.009626  33.16927 ], 3
1, 11, [11], [1], [33.106834], 1
3, 16, [16], [3], [33.114197], 1
1, 13, [13], [1], [33.144398], 1
7, 11, [11 13 16], [5 0 7], [-20.243534  16.045813  33.1499  ], 3
8, 5, [ 5  8  7 11  6 14  8], [8 4 4 4 8 4 4], [  1.6077833 -19.045479  -25.32806   -29.119125  -28.775932  -43.16452
 -38.84864  ], 7
2, 3, [3 6], [3 2], [-10.076105  33.143776], 2
8, 1, [ 1  8 11  2  6  9  2], [8 4 8 4 4 4 4], [  4.5949497 -14.071943  -17.038803  -36.97677   -41.840294  -43.276215
 -38.872593 ], 7
12, 4, [4], [12], [33.039383], 1
2, 8, [8], [2], [33.149586], 1
13, 15, [15], [13], [33.045372], 1
1, 8, [8], [1], [33.148674], 1
13, 15, [15], [13], [33.045372], 1
12, 5, [5], [12], [33.035156], 1
8, 15, [15  8 11 16  7 13  8], [4 4 4 4 4 4 4], [-43.05837  -21.847593 -29.99825  -36.907806 -41.7482   -43.152687
 -38.84864 ], 7
9, 11, [11], [9], [33.106567], 1
12, 5, [5], [12], [33.035145], 1
6, 7, [7], [6], [33.128826], 1
3, 14, [14], [3], [33.12285], 1
2, 8, [8], [2], [33.149677], 1
0, 16, [16  4 11], [13  6  0], [-20.339752  15.90082   33.10755 ], 3
7, 9, [ 9 13  9  3  1  7 13], [6 7 6 2 6 7 7], [-33.71084   -6.262972 -25.70577  -29.588026 -29.37775  -22.367462
 -25.839508], 7
6, 10, [10  6], [6 6], [32.95441  33.142544], 2
12, 7, [7], [12], [33.14453], 1

7, 14, [14 11 14  2 16  6 15], [0 5 0 7 7 5 2], [-38.493977 -14.406332 -17.547638 -16.166988 -28.790085 -43.208992
 -38.930386], 7
4, 10, [10  7 16 13  9 10 13], [4 4 4 4 4 4 4], [ 18.540237     9.10004     -0.07228947  -8.688417   -16.408188
 -22.425892   -25.843506  ], 7
8, 11, [11  9  7 16 14 10 14], [4 4 4 4 4 4 4], [-43.031776 -21.963684 -30.018394 -36.936344 -41.795174 -43.23305
 -38.85534 ], 7
6, 16, [16], [6], [33.108963], 1
3, 15, [15 16], [2 3], [-10.071939  33.113846], 2
7, 10, [10  6  1 14 13 15 13], [3 5 3 0 7 2 7], [-40.789146 -18.098097 -23.745277 -26.31132  -24.101902 -35.43732
 -25.839508], 7
11, 9, [9], [11], [33.044605], 1
12, 13, [13], [12], [33.20405], 1
1, 1, [1], [1], [33.039967], 1
3, 15, [15 10 14], [2 3 3], [-12.573559  28.942959  33.123158], 3
13, 11, [11], [13], [33.106747], 1
7, 12, [12 15  6  8], [3 5 7 7], [-23.301382  11.107381  25.0597    33.193962], 4
9, 13, [13], [9], [33.156357], 1
4, 3, [ 3 14 15 10  2  8  2], [4 4 4 4 4 4 4], [ 18.460615     9.043683    -0.16829872  -8.697474   -16.295902
 -22.372185   -25.87259   ], 7
12, 10, [10], [12], [33.056423], 1
12, 15, [15], [12], [33.041374], 1
13, 6, [6], [13], [33.22661], 1
5, 7, [ 7  3 14], [5 2 5], [22.680218 15.911581 33.12334 ], 3
9, 10, [10], [9], [33.079918], 1
2, 10, [10  1  8], [5 5 2], [-20.371977  15.929835  33.149338], 3
11, 13, [13], [11], [33.163227], 1
7, 4, [ 4  5 14 11], [0 3 7 7], [-23.325808  11.065689  25.053125  33.14023 ], 4
1, 3, [3], [1], [33.036083], 1
9, 12, [12], [9], [33.045837], 1
9, 3, [3], [9], [33.03328], 1
8, 5, [ 5  8 16  7 14  2  8], [4 4 4 4 4 4 4], [-43.07698  -21.853695 -30.008389 -36.915237 -41.764416 -43.181793
 -38.848663], 7
2, 2, [2], [2], [33.109024], 1
0, 3, [3 8 7 2], [2 0 3 0], [-20.144878  16.362118  11.99452   33.112553], 4
3, 1, [ 1 11], [3 3], [32.905693 33.106728], 2
12, 9, [9], [12], [33.04403], 1
6, 5, [5 8], [3 6], [-10.090303  33.126472], 2
5, 11, [11  7  8], [5 5 5], [30.523436 29.02414  33.151073], 3

3, 8, [8], [3], [33.1839], 1
12, 2, [2], [12], [33.125626], 1
12, 6, [6], [12], [33.253788], 1
4, 1, [ 1 13 11 14  9 15 13], [4 4 4 4 4 4 4], [ 18.503138     9.108361    -0.08022499  -8.711098   -16.426264
 -22.456017   -25.843506  ], 7
2, 1, [ 1 14], [3 2], [-10.092009  33.109688], 2
0, 9, [ 9 16  8 12 11 13], [0 3 0 5 0 0], [12.196803  -1.4154186  4.1071477 -1.7637634 17.002865  33.147377 ], 6
6, 4, [ 4 14], [6 6], [32.90259 33.11311], 2
13, 11, [11], [13], [33.10676], 1
1, 1, [1], [1], [33.039963], 1
8, 1, [ 1  6 14 10 16  8  7], [4 4 4 4 4 8 4], [-42.090034 -20.213596 -27.23172  -32.29397  -33.956696 -30.162428
 -38.856583], 7
2, 11, [11], [2], [33.10795], 1
6, 7, [7], [6], [33.128826], 1
0, 14, [14], [0], [33.130527], 1
8, 6, [ 6 15  8  2 13 14  8], [4 4 4 4 4 4 4], [-43.04425  -21.949476 -29.999418 -36.917927 -41.742226 -43.164536
 -38.848663], 7
8, 13, [13  8 11 16 12 14 10], [4 8 4 4 4 4 4], [-35.169964  -8.877434 -30.048258 -36.99115  -41.88652  -43.207314
 -38.919952], 7
12, 16, [16 11], [12 12], [33.01794  33.129005], 2
1, 6, [6], [1], [33.14451], 1
5, 15, [15 14], [2 5], [-10.063587  33.117367], 2
9, 13, [13], [9], [33.15632], 1
0, 15, [15 13], [0 0], [32.958664 33.14837 ], 2
12, 4, [4], [12], [33.0394], 1
12, 10, [10], [12], [33.05641], 1
5, 2, [2], [5], [33.114132], 1
7, 3, [ 3  6 11 15 12 13], [3 5 5 7 5 7], [-34.350933   -7.3137283  -5.7995753   3.4519322   3.9373083  33.17234  ], 6
5, 10, [10  9 14], [5 0 5], [22.620457 15.917437 33.12047 ], 3
9, 12, [12], [9], [33.045868], 1
1, 8, [8], [1], [33.148693], 1
9, 6, [6], [9], [33.231895], 1
11, 8, [8], [11], [33.162903], 1
12, 13, [13], [12], [33.206642], 1
4, 5, [ 5  8 16  8 13 11  8], [4 4 4 4 4 4 4], [ 1.8517956e+01  9.1378622e+00 -2.2460461e-02 -8.6053600e+00
 -1.6261162e+01 -2.2362762e+01 -2.5848663e+01], 7
3, 14, [14], [3], [33.122215], 1

8, 11, [11 14 16 14 11 16 14], [4 4 4 4 4 4 4], [-42.968563 -21.858324 -30.004974 -36.90956  -41.757034 -43.17244
 -38.85534 ], 7
11, 5, [5], [11], [33.034966], 1
12, 13, [13], [12], [33.20485], 1
6, 8, [8], [6], [33.126545], 1
10, 2, [2], [10], [33.124073], 1
13, 4, [4], [13], [33.041412], 1
3, 11, [11], [3], [33.10688], 1
0, 2, [2], [0], [33.112667], 1
4, 4, [ 4 15  8  1  7 14  8], [8 4 4 4 4 4 4], [-24.564363    8.999147   -0.0848999  -8.727063  -16.275307  -22.364536
 -25.848663 ], 7
2, 6, [6], [2], [33.150917], 1
6, 12, [12 13], [3 6], [-10.079866  33.14308 ], 2
3, 14, [14], [3], [33.122585], 1
1, 15, [15], [1], [33.056175], 1
5, 12, [12], [5], [33.034477], 1
3, 11, [11], [3], [33.107357], 1
9, 15, [15 16], [9 9], [32.92146 33.1296 ], 2
0, 6, [6 7], [0 0], [33.018364 33.128418], 2
4, 14, [14  8 12 11 13  6  2], [4 4 4 4 4 4 4], [ 18.586529     9.069781    -0.13592911  -8.6229925  -16.282377
 -22.39812    -25.872593  ], 7
9, 8, [8], [9], [33.22896], 1
7, 1, [ 1 14 16], [3 7 7], [-12.523581  29.057146  33.149452], 3
7, 5, [ 5  2 13 11  8 16], [3 7 0 7 7 7], [-24.866234    8.499908   -1.0159564  11.380747   17.077837   33.149513 ], 6
4, 15, [15 14 12  5  6  8 15], [4 4 4 4 4 4 4], [ 18.45841      9.013716    -0.21824265  -8.760181   -16.325697
 -22.418556   -25.949821  ], 7
12, 10, [10], [12], [33.05644], 1
12, 15, [15], [12], [33.041355], 1
0, 13, [13], [0], [33.147556], 1
1, 14, [14], [1], [33.122467], 1
3, 13, [13], [3], [33.14534], 1
12, 11, [11], [12], [33.128727], 1
7, 3, [ 3 11 14 15  6  4  1], [3 5 0 2 5 7 2], [-42.105362 -20.237364 -27.266026 -32.364304 -34.056526 -30.34295
 -38.96147 ], 7
12, 2, [2], [12], [33.124535], 1
11, 6, [6], [11], [33.14454], 1
5, 13, [13], [5], [33.15002], 1

5, 16, [16 11], [5 5], [32.981785 33.1126  ], 2
3, 12, [12  9  1  3 15], [3 7 6 2 3], [ 9.498827  -5.892071  -3.2310553  7.873474  33.059822 ], 5
0, 4, [ 4 15  2], [0 0 0], [30.396843 28.936134 33.11248 ], 3
3, 8, [8], [3], [33.18292], 1
0, 7, [7], [0], [33.128365], 1
4, 16, [16 14 11 13 15 16 13], [4 4 4 4 4 4 4], [ 18.608648     9.113151    -0.05251789  -8.66492    -16.369026
 -22.365345   -25.843506  ], 7
0, 13, [13], [0], [33.147392], 1
0, 8, [8], [0], [33.157387], 1
5, 5, [5 2], [5 5], [32.90214  33.112633], 2
5, 16, [16], [5], [33.116184], 1
4, 1, [ 1  2 16 11  2 14 10], [4 4 4 4 4 4 4], [ 18.49818      9.100099    -0.04551554  -8.643749   -16.31697
 -22.407297   -25.91993   ], 7
1, 5, [5], [1], [33.033035], 1
4, 3, [ 3  7 15  2 15 16  7], [8 4 4 4 4 4 4], [-24.540041     9.042657    -0.16792965  -8.696839   -16.373743
 -22.373194   -25.856583  ], 7
4, 15, [15  8  5 16  9 13  3], [4 4 8 4 4 4 4], [ 13.793703    1.2391982 -13.186898   -8.70306   -16.406368  -22.422863
 -25.965595 ], 7
7, 6, [ 6 12  8], [5 3 7], [-20.2569    15.956227  33.204033], 3
2, 6, [6], [2], [33.144638], 1
8, 14, [14  9 12 14  9  5 11], [4 4 4 4 4 8 4], [-42.07587  -20.367556 -27.358162 -32.326675 -34.1189   -30.277071
 -38.85357 ], 7
12, 1, [1], [12], [33.03574], 1
12, 10, [10], [12], [33.056366], 1
12, 4, [4], [12], [33.039383], 1
13, 13, [13], [13], [33.190083], 1
13, 4, [4], [13], [33.041412], 1
8, 12, [12  5 11  8 10  4 11], [4 4 4 4 4 8 4], [-42.14514  -20.304903 -27.233564 -32.299995 -34.08556  -30.27619
 -38.85357 ], 7
3, 8, [8], [3], [33.184097], 1
4, 8, [ 8  2 13 10  7 10 16], [4 4 4 4 4 4 4], [ 18.602613     9.085459    -0.06991434  -8.710685   -16.317884
 -22.435497   -25.859238  ], 7
7, 4, [ 4  2  3  6  7 14  3], [6 7 2 5 5 7 2], [-34.32842    -7.2723866 -27.299622  -32.229103  -33.98565   -30.202127
 -38.96216  ], 7
0, 13, [13], [0], [33.147224], 1
9, 9, [9], [9], [33.04217], 1
1, 11, [11], [1], [33.106823], 1
1, 1, [1], [1], [33.039963], 1
2, 1, [1 8], [2 2], [32.933193 33.149433], 2
11, 11, [11], [11], [33.13862], 1

3, 16, [16], [3], [33.114243], 1
5, 9, [9], [5], [33.04449], 1
3, 15, [15], [3], [33.059036], 1
8, 1, [ 1 15], [5 8], [-10.138723  33.04197 ], 2
3, 1, [1], [3], [33.040817], 1
4, 9, [ 9 11  1  3  5  2  6], [4 4 8 4 4 4 4], [ 13.766511    1.1985965 -13.246397   -8.807501  -16.403162  -22.397331
 -25.874565 ], 7
0, 11, [11  3 11  6  7], [3 2 3 0 0], [-30.56466    -1.1281307   4.723257   21.018394   33.128597 ], 5
11, 4, [4], [11], [33.032127], 1
13, 11, [11], [13], [33.106747], 1
8, 6, [ 6  5 11 13  8  6 14], [4 8 4 4 8 4 4], [-33.5665     -6.1532288 -25.31368   -29.100187  -28.761139  -43.187767
 -38.85534  ], 7
2, 3, [ 3 10 14], [2 5 2], [22.599262 15.93659  33.10939 ], 3
5, 4, [ 4  1 11  8], [6 6 7 5], [-28.009539    3.2586617  12.026318   33.148705 ], 4
13, 14, [14], [13], [33.170937], 1
6, 11, [11], [6], [33.120926], 1
2, 7, [7], [2], [33.12564], 1
7, 4, [ 4  3  6 13], [0 6 5 7], [-27.996716    3.2804275  12.069831   33.17234  ], 4
7, 14, [14  5  7  1 13  2  4], [7 2 5 2 0 7 7], [  1.5754395 -19.326221  -25.600891  -29.560032  -29.331059  -22.472492
 -25.966133 ], 7
11, 6, [6], [11], [33.14524], 1
5, 11, [11  5], [7 5], [-10.04277  33.03548], 2
1, 7, [7], [1], [33.12522], 1
8, 5, [ 5  7  2 12 10  6  2], [8 4 4 4 8 4 4], [  1.5657015 -19.11559   -25.431671  -29.265133  -28.83831   -43.19812
 -38.872593 ], 7
3, 1, [ 1 16], [6 3], [-10.0847435  33.113785 ], 2
12, 11, [11], [12], [33.12875], 1
9, 14, [14], [9], [33.1024], 1
10, 7, [7], [10], [33.129627], 1
4, 2, [ 2 10 16 11  7  2  6], [4 4 4 4 4 4 4], [ 18.561907     9.0575      -0.03757906  -8.630557   -16.294985
 -22.397331   -25.874565  ], 7
7, 11, [11 15  6 12 13 10 16], [7 5 7 5 7 2 0], [  6.3111205 -11.3803    -12.407276  -29.238844  -28.789188  -43.248665
 -38.866734 ], 7
5, 2, [ 2 12], [5 5], [32.931885 33.033646], 2
8, 9, [ 9 13  3 10 11  6 13], [4 4 4 8 4 4 4], [-40.304886 -17.253712 -22.350346 -23.97458  -41.761967 -43.180668
 -38.843506], 7
5, 12, [12  6], [3 5], [-10.066502  33.16575 ], 2
2, 14, [14], [2], [33.1096], 1
0, 7, [7], [0], [33.128456], 1

5, 4, [ 4 15], [6 5], [-10.126987  33.06248 ], 2
11, 7, [7], [11], [33.1305], 1
13, 15, [15], [13], [33.045372], 1
6, 15, [15  8], [2 6], [-10.058769  33.126453], 2
3, 9, [9 6], [3 3], [32.93659  33.148434], 2
9, 12, [12], [9], [33.045868], 1
0, 4, [4 7], [0 0], [32.912216 33.128597], 2
3, 13, [13], [3], [33.14541], 1
12, 10, [10], [12], [33.05642], 1
4, 12, [12 13 14 13  8 13  7], [4 4 4 4 4 4 4], [ 1.8525948e+01  9.1468010e+00 -1.6158104e-02 -8.6013660e+00
 -1.6263103e+01 -2.2357454e+01 -2.5856583e+01], 7
2, 1, [1 2], [3 2], [-10.092834  33.108852], 2
11, 7, [7], [11], [33.13034], 1
10, 2, [2], [10], [33.123722], 1
6, 10, [10  7], [5 6], [-10.052805  33.1288  ], 2
10, 9, [ 9 15 16], [11 11 10], [-20.386856  15.948877  33.179142], 3
6, 2, [2], [6], [33.116306], 1
13, 1, [1], [13], [33.0363], 1
8, 16, [16  6 16 13  6 16 15], [4 4 4 4 4 4 4], [-42.99035  -21.885176 -30.017685 -36.930733 -41.812046 -43.229137
 -38.94982 ], 7
8, 16, [16  9 16 14  8 10  7], [4 4 4 4 8 8 4], [-40.340893 -17.469389 -22.527885 -24.447708 -20.987282 -30.23135
 -38.856583], 7
2, 16, [16], [2], [33.10997], 1
5, 14, [14], [5], [33.122128], 1
10, 11, [11], [10], [33.129936], 1
3, 5, [ 5 15 14], [3 2 3], [22.594152 15.933859 33.123512], 3
1, 14, [14], [1], [33.122444], 1
1, 9, [9], [1], [33.068504], 1
3, 6, [6], [3], [33.157047], 1
4, 6, [ 6  2 10  2 13 16  2], [4 4 4 4 4 4 4], [ 18.565273     9.066394    -0.10168791  -8.636502   -16.273182
 -22.382797   -25.872593  ], 7
2, 3, [3], [2], [33.037113], 1
11, 9, [9], [11], [33.04459], 1
11, 6, [6], [11], [33.14769], 1
7, 1, [ 1  2 14 13 14  8], [3 7 0 7 0 7], [-26.54263     5.6930966  -5.6902175   3.5999343   4.0657387  33.19319  ], 6
11, 1, [1], [11], [33.035282], 1

11, 4, [4], [11], [33.03216], 1
3, 12, [12  6], [3 3], [32.922974 33.14792 ], 2
7, 3, [ 3 13 14  1 13], [2 7 7 2 7], [-20.890713  15.118683   9.931848   7.944542  33.16868 ], 5
9, 3, [3], [9], [33.033325], 1
10, 4, [ 4 14], [11 10], [-10.121641  33.07473 ], 2
1, 3, [3], [1], [33.036083], 1
10, 5, [5], [10], [33.034393], 1
13, 1, [1], [13], [33.0363], 1
4, 14, [14  3  8 14 12  4  8], [4 4 4 4 4 4 4], [ 18.535608     8.984911    -0.08248949  -8.723045   -16.446177
 -22.473404   -25.848663  ], 7
1, 16, [16], [1], [33.120243], 1
2, 8, [8], [2], [33.14949], 1
5, 16, [16], [5], [33.117176], 1
11, 7, [7], [11], [33.13053], 1
8, 10, [10  3  7  2 14 13 10], [4 4 4 4 4 4 4], [-43.105896 -21.97657  -30.018291 -36.936172 -41.77263  -43.195477
 -38.919952], 7
8, 15, [15  7  6 16 14 13 14], [4 4 4 4 4 4 4], [-43.07093  -21.868515 -30.019882 -36.908863 -41.749363 -43.156708
 -38.85534 ], 7
6, 9, [ 9 14], [6 6], [32.916424 33.113113], 2
8, 2, [ 2 16  6 14 11 16 14], [4 4 8 4 4 4 4], [-38.316162 -14.072615 -17.022879 -36.90943  -41.75682  -43.17209
 -38.85534 ], 7
7, 2, [ 2  6 15  7 14 15  9], [7 5 7 7 5 7 7], [11.83831   -2.1174846  2.860148  -3.7156658 -8.094177  12.91593
 33.04397  ], 7
7, 6, [ 6 14  8  1  2  9 14], [5 7 7 5 7 0 7], [-28.203098   2.743506 -10.688414 -26.46342  -24.167984 -35.461544
 -25.84092 ], 7
1, 9, [9], [1], [33.068497], 1
9, 1, [1], [9], [33.032837], 1
2, 5, [5], [2], [33.033596], 1
10, 7, [7], [10], [33.12969], 1
1, 14, [14], [1], [33.12245], 1
13, 7, [7], [13], [33.159756], 1
10, 16, [16  7], [10 10], [33.028473 33.12944 ], 2
10, 1, [1], [10], [33.034626], 1
8, 15, [15  8 10 11 13 11  7], [4 4 4 4 4 4 4], [-43.080433 -21.884367 -30.05951  -36.89933  -41.74373  -43.167038
 -38.856583], 7
12, 7, [7], [12], [33.14453], 1
8, 8, [ 8 14  6  8  7 11 12], [4 4 8 4 4 4 4], [-38.293594 -14.074923 -17.032642 -36.925705 -41.795105 -43.230865
 -38.96216 ], 7
5, 11, [11  8], [7 5], [-9.968054 33.153206], 2
8, 4, [ 4 16  8 14 11  8 13], [8 4 8 4 4 8 4], [  5.6149163 -12.368669  -14.182348  -32.22313   -33.946312  -30.154575
 -38.843506 ], 7

8, 4, [ 4 11  2 11  1  7 14], [8 4 4 4 4 4 4], [ -0.09607601 -21.886969   -30.055681   -36.971813   -41.863754
 -43.16979    -38.85534   ], 7
2, 9, [9 8], [6 2], [-10.063557  33.149475], 2
5, 9, [9 7 8], [0 5 5], [-12.539209  29.02443   33.15104 ], 3
0, 5, [ 5 12  2], [2 5 0], [-20.424744  15.90205   33.112553], 3
12, 11, [11], [12], [33.128742], 1
3, 14, [14], [3], [33.123104], 1
13, 2, [2], [13], [33.171547], 1
11, 2, [2], [11], [33.12703], 1
11, 13, [13], [11], [33.163223], 1
5, 8, [8 4], [9 5], [-9.992165 33.032436], 2
9, 10, [10], [9], [33.083317], 1
4, 10, [10  8  6 15  3  6 14], [4 4 4 4 4 4 4], [ 18.517633     9.062642    -0.14782572  -8.78877    -16.398256
 -22.387768   -25.85534   ], 7
2, 9, [9 8], [0 2], [-10.06459  33.14934], 2
4, 16, [16 10  7  8 13  6 12], [4 4 4 4 4 4 4], [ 18.574734     9.056619    -0.03904438  -8.637431   -16.314613
 -22.451847   -25.962135  ], 7
7, 2, [ 2  3 14  2  7  8], [5 2 7 5 5 7], [-32.446865    -4.2636275   -0.50465727  -9.458444     4.050846
  33.193962  ], 6
3, 12, [12  2], [3 3], [32.89883  33.108097], 2
3, 7, [7], [3], [33.12608], 1
2, 5, [5 8], [3 2], [-10.076351  33.149475], 2
2, 3, [ 3 11], [2 2], [32.902252 33.107864], 2
8, 7, [ 7 11  2 15  1  8 10], [4 8 4 4 8 4 8], [-32.920116   -5.1058807 -23.755232  -26.471066  -24.202078  -35.400322
 -25.919434 ], 7
5, 14, [14], [5], [33.116165], 1
13, 9, [9], [13], [33.042503], 1
7, 2, [ 2 11 12  7 12  6  7], [7 5 2 7 2 5 7], [  3.3392544 -16.279955  -20.670343  -21.175375  -37.18644   -35.368866
 -25.86351  ], 7
4, 1, [ 1 11  1 13 16 14  7], [4 4 4 4 4 4 4], [ 18.479515     9.068991    -0.12907362  -8.611992   -16.280813
 -22.36929    -25.856583  ], 7
7, 13, [13 14 15 11 10 14  4], [7 7 5 7 2 7 0], [ 11.634326   -2.5420809 -19.512005  -19.29391   -34.055958  -30.212221
 -38.9657   ], 7
7, 15, [15  8 15 10  7  8  9], [7 7 7 5 5 7 6], [ 13.42567      0.58852863 -14.318247   -32.317997   -33.9804
 -30.19234    -38.953026  ], 7
11, 10, [10], [11], [33.120567], 1
1, 5, [5], [1], [33.033035], 1
4, 9, [ 9  8 11  8 12 14 12], [4 4 4 4 4 4 4], [ 18.511307     9.106591    -0.07457781  -8.701687   -16.421707
 -22.432621   -25.962135  ], 7
4, 9, [ 9 13  4 14 13  8  6], [4 4 8 4 4 4 8], [ 13.206684     0.26557064 -14.818208   -11.424279   -20.948233
 -30.174547   -38.876476  ], 7
1, 9, [9], [1], [33.068504], 1
2, 15, [15  2], [3 2], [-10.071119  33.10885 ], 2

----------------------train at epoch 3-----------------------------
3, 2, [2], [3], [33.108253], 1
10, 3, [3], [10], [33.03305], 1
0, 3, [ 3  8  5  8 15 14], [3 0 3 0 0 0], [-24.88332     8.464824   -1.1658144  11.333826   16.949188   33.131126 ], 6
4, 12, [12 14  8  7 14  5 11], [4 4 4 4 4 4 4], [ 18.508278     9.1173525   -0.04551506  -8.661474   -16.34148
 -22.476902   -25.853565  ], 7
7, 12, [12 13  6 13  8], [3 7 5 7 7], [-22.74234    12.03901     4.7951746  21.077965   33.192944 ], 5
4, 14, [14 13 12 11  7  8  4], [4 4 4 4 4 4 4], [ 18.585669     9.068346    -0.14691639  -8.641305   -16.312897
 -22.427185   -25.964207  ], 7
4, 11, [11  3  8  2 14 11  3], [4 4 4 4 4 4 4], [ 18.550636     9.007006    -0.04565191  -8.66165    -16.315094
 -22.432926   -25.965603  ], 7
12, 15, [15], [12], [33.041336], 1
8, 9, [ 9 11  9 16 14  4  8], [4 4 4 4 4 8 4], [-42.09823  -20.242619 -27.315098 -32.270737 -34.019154 -30.273026
 -38.848663], 7
5, 10, [10 14 10 13], [3 5 7 5], [-20.137516  16.321335  11.96018   33.147636], 4
6, 3, [ 3 14], [2 6], [-10.094267  33.113113], 2
3, 13, [13], [3], [33.14534], 1
6, 7, [7], [6], [33.128826], 1
8, 3, [ 3 11 14  9 13 11 10], [4 4 4 4 4 4 8], [-42.493767 -20.880285 -28.377861 -34.2042   -37.085907 -35.404007
 -25.9174  ], 7
12, 12, [12], [12], [33.0362], 1
6, 12, [12 14], [3 6], [-10.096825  33.11504 ], 2
10, 7, [7], [10], [33.12969], 1
2, 16, [16], [2], [33.109653], 1
7, 8, [ 8 13  7 16 11  6  1], [7 7 7 7 5 5 2], [ 15.361974    3.6196136  -9.235485  -23.95329   -41.814335  -43.227642
 -38.96147  ], 7
9, 11, [11], [9], [33.10653], 1
2, 4, [ 4 15  4  7], [6 0 6 2], [-28.035461    3.2154896  11.910551   33.12551  ], 4
5, 12, [12 13], [5 5], [32.922417 33.14708 ], 2
2, 15, [15 16], [3 2], [-10.068895  33.109467], 2
9, 13, [13], [9], [33.15632], 1
5, 2, [ 2 13], [5 5], [33.00013 33.14863], 2
10, 6, [6 2], [ 9 10], [-9.92482 33.12345], 2
12, 14, [14], [12], [33.072994], 1
2, 13, [13], [2], [33.142174], 1
0, 9, [ 9 11], [0 0], [32.913605 33.112022], 2
9, 16, [16], [9], [33.129337], 1
8, 1, [1 7], [5 8], [-10.066217  33.16281 ], 2
13, 12, [12], [13], [33.03952], 1

11, 11, [11], [11], [33.138535], 1
2, 16, [16], [2], [33.109882], 1
4, 11, [11  7 16  7  8  6  9], [4 4 4 4 4 8 4], [ 17.604504    7.430116   -2.8554974 -13.327091  -24.117508  -35.448074
 -25.95266  ], 7
4, 4, [ 4 15 16 15 16  8  7], [8 4 4 4 4 4 4], [-24.565842     8.9969      -0.08880854  -8.715904   -16.276815
 -22.362581   -25.856583  ], 7
2, 4, [4 8], [0 2], [-10.075584  33.149338], 2
12, 12, [12], [12], [33.0362], 1
9, 1, [1], [9], [33.032845], 1
6, 3, [ 3 16], [3 6], [-10.0973835  33.10891  ], 2
6, 1, [ 1 16], [6 6], [32.914585 33.108765], 2
8, 6, [ 6 14 16  8 16  8 14], [4 4 4 4 4 4 4], [-42.98803  -21.855776 -30.000727 -36.902477 -41.75636  -43.161865
 -38.85534 ], 7
8, 13, [13  5  6 14  8  5 14], [4 4 4 4 4 4 4], [-43.03724  -21.989561 -30.041328 -36.944607 -41.815445 -43.27797
 -38.85534 ], 7
3, 16, [16], [3], [33.114204], 1
4, 2, [ 2  1 14  8  2 15 14], [4 8 4 4 4 4 4], [ 10.732029   -3.9922965  -0.0506835  -8.658909  -16.35041   -22.463028
 -25.85534  ], 7
9, 11, [11], [9], [33.10653], 1
0, 1, [ 1  8  7  6 13], [3 0 3 0 0], [-22.750906  12.012463   4.745095  21.030178  33.147377], 5
3, 4, [4 7], [2 3], [-10.090179  33.12475 ], 2
10, 8, [8], [10], [33.136486], 1
5, 11, [11  8], [7 5], [-9.968054 33.153206], 2
1, 6, [6], [1], [33.14451], 1
8, 3, [ 3 15  9  6 13 15 11], [8 4 4 4 4 4 4], [ -0.18077469 -22.025206   -30.12564    -36.95497    -41.80068
 -43.261955   -38.85356   ], 7
10, 14, [14], [10], [33.075333], 1
7, 9, [ 9 10  4  8 14 16], [6 3 0 7 7 7], [-32.711197   -4.5969105  -1.1109071  11.423424   17.058826   33.149513 ], 6
10, 2, [2], [10], [33.123722], 1
2, 8, [8], [2], [33.149586], 1
7, 8, [ 8  4 11], [5 7 7], [-12.490559  28.920395  33.144905], 3
4, 11, [11 13 15 13 15  3  2], [4 4 4 4 4 4 4], [ 18.577148     9.051191    -0.17550707  -8.709488   -16.443306
 -22.48915    -25.87259   ], 7
11, 2, [2], [11], [33.127197], 1
13, 15, [15], [13], [33.045372], 1
2, 7, [7], [2], [33.125576], 1
8, 10, [10  7  8  7 10  5  6], [4 4 4 4 4 4 4], [-43.049816 -21.883173 -30.044313 -36.992752 -41.893612 -43.289505
 -38.874565], 7
5, 5, [5 4 8], [3 6 5], [-20.410362  15.926147  33.15104 ], 3
3, 2, [2], [3], [33.10852], 1

6, 15, [15  8], [3 6], [-10.058533  33.128113], 2
11, 6, [6], [11], [33.14524], 1
6, 7, [7], [6], [33.128826], 1
3, 13, [13], [3], [33.14506], 1
13, 3, [3], [13], [33.03463], 1
9, 16, [16], [9], [33.129433], 1
0, 3, [ 3 16], [6 0], [-10.093338  33.113815], 2
12, 11, [11], [12], [33.12883], 1
12, 3, [3], [12], [33.033394], 1
12, 2, [2], [12], [33.12584], 1
0, 6, [ 6 15  8 14], [0 0 0 0], [27.596779 24.091717 25.040268 33.130665], 4
3, 15, [15  3 16], [3 3 3], [30.403488 28.90457  33.113834], 3
6, 15, [15  2], [6 6], [32.937057 33.116295], 2
5, 13, [13], [5], [33.14863], 1
2, 8, [8], [2], [33.149677], 1
11, 7, [7], [11], [33.13034], 1
13, 5, [5], [13], [33.039154], 1
3, 11, [11], [3], [33.106842], 1
13, 15, [15], [13], [33.045372], 1
7, 6, [ 6 16  1 14  3 11 13], [5 7 5 7 5 7 0], [-31.3782     -2.5548868 -19.52104   -19.263634  -34.058685  -30.170885
 -38.84352  ], 7
11, 5, [5], [11], [33.034966], 1
9, 8, [8], [9], [33.228825], 1
0, 15, [15  6  8 14 11  6  9], [0 0 0 0 0 0 6], [ 17.930473    8.107124   -1.7235174 -11.474705  -21.018219  -30.229109
 -38.95057  ], 7
13, 1, [1], [13], [33.0363], 1
9, 6, [6], [9], [33.23204], 1
1, 3, [3], [1], [33.036083], 1
7, 16, [16  6 13], [7 5 7], [22.798357 16.070747 33.172707], 3
1, 6, [6], [1], [33.144566], 1
12, 9, [9], [12], [33.043884], 1
5, 2, [2], [5], [33.114132], 1
12, 5, [5], [12], [33.035156], 1
2, 16, [16], [2], [33.110016], 1

8, 15, [15 10 14  3 11 16 11], [4 4 4 8 4 4 4], [-40.317856 -17.280052 -22.267008 -24.019447 -41.756393 -43.17138
 -38.85357 ], 7
0, 7, [7], [0], [33.128365], 1
5, 14, [14 13], [5 5], [33.032585 33.14863 ], 2
0, 15, [15 11  6  2], [0 0 0 0], [27.543491 24.124744 25.008484 33.11248 ], 4
5, 9, [ 9 14], [5 5], [32.91656  33.117493], 2
0, 13, [13], [0], [33.147224], 1
4, 15, [15  2 16 14  8  6 11], [4 4 4 4 4 8 4], [ 17.50354     7.422263   -2.8419065 -13.30444   -24.081833  -35.388615
 -25.853565 ], 7
9, 9, [9], [9], [33.042217], 1
12, 1, [1], [12], [33.035744], 1
4, 9, [ 9  2  4 13  5  6  8], [4 4 4 4 4 4 4], [ 18.461681     9.023896    -0.17251778  -8.680516   -16.39502
 -22.383762   -25.848663  ], 7
10, 7, [7], [10], [33.130016], 1
6, 4, [ 4  9 14], [0 3 6], [-20.41572   15.915413  33.11331 ], 3
13, 8, [8], [13], [33.183052], 1
5, 1, [1 8], [3 5], [-10.066957  33.152527], 2
9, 14, [14], [9], [33.102146], 1
9, 12, [12], [9], [33.045868], 1
4, 10, [10  4  2 14 13  8 16], [4 8 4 4 4 4 4], [ 10.687236    -3.988055    -0.04012251  -8.612551   -16.26202
 -22.364193   -25.859268  ], 7
2, 4, [4], [2], [33.034355], 1
6, 16, [16], [6], [33.109386], 1
3, 14, [14], [3], [33.122215], 1
11, 11, [11], [11], [33.138546], 1
10, 3, [3], [10], [33.033028], 1
0, 3, [3 8], [5 0], [-10.066727  33.155968], 2
3, 9, [9 4 8], [5 6 3], [-20.387444  15.945035  33.18376 ], 3
13, 6, [6], [13], [33.22661], 1
5, 3, [ 3 15  8], [5 3 5], [22.61435  15.957581 33.154716], 3
10, 9, [ 9 11], [11 10], [-10.078394  33.129868], 2
5, 16, [16 11], [9 5], [-10.01379   33.107597], 2
3, 3, [3 8], [3 3], [32.946434 33.18346 ], 2
11, 1, [1], [11], [33.035286], 1
12, 16, [16 10], [12 12], [32.974255 33.056194], 2
12, 3, [3], [12], [33.033386], 1

5, 6, [ 6 10 14], [5 5 5], [30.524778 28.938095 33.113594], 3
13, 14, [14], [13], [33.170944], 1
10, 9, [ 9 10], [11 10], [-10.117762  33.062973], 2
13, 15, [15], [13], [33.045372], 1
0, 4, [ 4 14  1  8  9 14 15], [0 0 6 0 6 0 0], [ 12.092354   -1.5711737 -17.845669  -16.481697  -29.405003  -22.424053
 -25.9338   ], 7
6, 15, [15 14], [6 6], [32.93418 33.11331], 2
6, 8, [8], [6], [33.12655], 1
2, 3, [3 8], [2 2], [32.927185 33.149475], 2
13, 2, [2], [13], [33.171547], 1
9, 14, [14], [9], [33.1024], 1
1, 5, [5], [1], [33.033035], 1
13, 8, [8], [13], [33.183094], 1
3, 16, [16], [3], [33.114243], 1
1, 5, [5], [1], [33.03304], 1
5, 7, [ 7 14], [5 5], [33.00676  33.122482], 2
7, 12, [12 15 10 13  8 14  3], [5 0 6 0 7 7 2], [-40.45221  -17.477343 -22.57259  -24.406181 -20.936293 -30.207365
 -38.9608  ], 7
0, 11, [11  8], [3 0], [-9.995422 33.155968], 2
12, 13, [13], [12], [33.205254], 1
10, 14, [14], [10], [33.07614], 1
1, 3, [3], [1], [33.036083], 1
7, 5, [ 5 16], [3 7], [-10.076775  33.149017], 2
6, 13, [13], [6], [33.143116], 1
0, 10, [10 15 11  8 15  6  8], [2 0 0 0 0 0 0], [-24.51472      9.024002    -0.07032728  -8.649289   -16.35099
 -22.361982   -25.838692  ], 7
4, 1, [ 1  8  3  8  2  7 16], [8 4 8 4 4 4 4], [-29.201977    1.2665172 -13.141369   -8.626185  -16.295872  -22.372131
 -25.859241 ], 7
11, 5, [5], [11], [33.035007], 1
10, 3, [3], [10], [33.033028], 1
9, 16, [16], [9], [33.128], 1
8, 4, [ 4 14  7 14 16  7 13], [4 4 4 4 4 4 4], [-43.078224 -21.856695 -30.002258 -36.909454 -41.756855 -43.16269
 -38.843506], 7
10, 13, [13], [10], [33.201496], 1
1, 12, [12], [1], [33.034206], 1
9, 2, [2], [9], [33.12628], 1
2, 12, [12  1 14], [3 2 2], [-12.620661  28.90883   33.10934 ], 3

7, 10, [10 13 16], [5 0 7], [-20.302723  16.044392  33.149277], 3
12, 15, [15], [12], [33.041355], 1
5, 9, [9 8], [6 5], [-10.060083  33.154716], 2
13, 11, [11], [13], [33.106747], 1
1, 11, [11], [1], [33.106827], 1
10, 11, [11], [10], [33.13003], 1
6, 7, [7], [6], [33.128826], 1
4, 4, [ 4  7  8  9 13  4 16], [4 4 4 4 4 4 4], [ 18.486008     9.083691    -0.09954023  -8.751463   -16.331356
 -22.479752   -25.859238  ], 7
2, 14, [14], [2], [33.10943], 1
12, 9, [ 9 10], [12 12], [32.8771  33.05629], 2
3, 2, [2], [3], [33.108444], 1
13, 4, [4], [13], [33.041412], 1
8, 8, [ 8 14  3  2 15  2 16], [4 4 8 4 4 4 4], [-38.33938  -14.151197 -17.159763 -36.990215 -41.8627   -43.18815
 -38.85926 ], 7
2, 5, [ 5 16], [5 2], [-10.099762  33.109653], 2
13, 10, [10], [13], [33.063507], 1
1, 16, [16], [1], [33.126915], 1
6, 10, [10 13], [2 6], [-10.043747  33.14308 ], 2
2, 3, [3 6], [2 2], [32.92428  33.143867], 2
7, 13, [13  2 11], [7 5 7], [22.75596  15.995257 33.140347], 3
6, 10, [10  9  8], [3 3 6], [-20.376213  15.923304  33.126465], 3
13, 16, [16], [13], [33.121933], 1
1, 10, [10], [1], [33.068542], 1
10, 10, [10], [10], [33.07214], 1
4, 7, [ 7  6  8 16 10 13  3], [4 4 4 4 4 4 4], [ 18.597534    9.090199   -0.0587306  -8.683448  -16.37367   -22.422863
 -25.965595 ], 7
11, 14, [14], [11], [33.068863], 1
13, 3, [3], [13], [33.03463], 1
2, 9, [ 9 13], [0 2], [-10.068148  33.14201 ], 2
9, 4, [4], [9], [33.0326], 1
8, 16, [16  2  8 12  1  9 11], [4 4 4 4 4 4 4], [-43.025078 -21.943064 -30.11745  -37.114647 -41.92075  -43.264786
 -38.85357 ], 7
0, 11, [11 14  2], [3 0 0], [-12.485918  29.003103  33.11245 ], 3
11, 9, [9], [11], [33.044605], 1
11, 11, [11], [11], [33.138565], 1

8, 7, [ 7 11 13  3  7  4 11], [4 8 4 4 4 4 8], [-34.59008    -7.8891544 -28.39402   -34.250854  -37.142097  -35.475853
 -25.852741 ], 7
4, 9, [ 9  7  8 12  8 12 13], [4 4 4 4 4 4 4], [ 18.495735     9.080654    -0.10460043  -8.759897   -16.329605
 -22.468239   -25.843506  ], 7
13, 11, [11], [13], [33.106747], 1
1, 4, [4], [1], [33.03228], 1
8, 15, [15 11 14 11 16  8  7], [4 4 4 4 4 4 4], [-43.061543 -21.852882 -29.999653 -36.90719  -41.756832 -43.162613
 -38.856583], 7
5, 6, [6 8], [5 5], [33.050026 33.15349 ], 2
10, 5, [5], [10], [33.03443], 1
5, 13, [13], [5], [33.14864], 1
7, 13, [13  8], [7 7], [33.07641 33.19319], 2
13, 11, [11], [13], [33.106747], 1
10, 7, [7], [10], [33.12963], 1
2, 12, [12  5 11], [3 5 2], [-20.426487  15.898992  33.107853], 3
0, 15, [15  3  4 14], [0 2 0 0], [19.662594 10.986804 24.913567 33.131126], 4
5, 15, [15  6], [2 5], [-10.037487  33.160866], 2
2, 2, [2], [2], [33.109142], 1
9, 8, [8], [9], [33.22896], 1
12, 2, [2], [12], [33.125626], 1
5, 11, [11 13], [5 5], [33.00094  33.147644], 2
3, 10, [10 14], [3 3], [32.94264  33.123512], 2
11, 14, [14], [11], [33.06882], 1
0, 13, [13], [0], [33.147556], 1
9, 11, [11], [9], [33.10653], 1
5, 14, [14], [5], [33.119404], 1
6, 2, [2], [6], [33.11631], 1
8, 8, [ 8 12 11 12  2 14 16], [4 4 8 4 4 4 4], [-38.37082  -14.203593 -17.069075 -37.02722  -41.775124 -43.170883
 -38.85924 ], 7
8, 4, [ 4 14 16 11  8 11 14], [4 4 4 4 8 4 4], [-41.392868 -19.047852 -25.320854 -29.102694 -28.748543 -43.16677
 -38.85534 ], 7
5, 5, [ 5  7 15  9  2  3 10], [3 7 2 2 7 5 5], [-41.530457 -19.273752 -25.685837 -29.597767 -29.402863 -22.51695
 -25.929749], 7
7, 5, [ 5 14  7  3 15 14  8], [3 7 5 2 7 7 7], [-29.2392      1.2115955 -13.267084   -9.003487    4.9311185  13.093437
  33.197113 ], 7
8, 7, [ 7 13 14  7  8 16  2], [4 4 4 4 4 4 4], [-42.963516 -21.844881 -30.002295 -36.91159  -41.75834  -43.182796
 -38.872593], 7
6, 2, [2], [6], [33.11631], 1
6, 1, [1 8], [3 6], [-10.08168   33.128113], 2
2, 4, [ 4  5 14], [0 5 2], [-20.424782  15.90026   33.109688], 3

13, 7, [7], [13], [33.159756], 1
7, 3, [ 3 14  2], [2 7 7], [-12.539276  29.038988  33.106365], 3
7, 4, [ 4  3  7  4 16], [0 6 7 0 7], [-28.78068     1.9737434   9.891971    7.9248066  33.14955  ], 5
7, 15, [15 10 13 12  6 12 15], [5 3 7 5 7 5 5], [-36.764435 -11.376686 -12.410246 -29.283031 -28.8624   -43.3265
 -38.935284], 7
2, 1, [1 8], [3 2], [-10.068182  33.1494  ], 2
3, 15, [15], [3], [33.05957], 1
0, 1, [ 1 16  2], [3 0 0], [-12.565012  28.989136  33.112446], 3
10, 11, [11  8], [ 5 10], [-9.996134 33.136063], 2
6, 3, [ 3 14], [3 6], [-10.094646  33.11331 ], 2
4, 16, [16  7 13 14 16 10  4], [4 4 4 4 4 4 4], [ 18.610355     9.115992    -0.04570484  -8.670335   -16.358326
 -22.498478   -25.96421   ], 7
10, 14, [14], [10], [33.07536], 1
13, 13, [13], [13], [33.19008], 1
13, 14, [14], [13], [33.17093], 1
13, 15, [15], [13], [33.045372], 1
11, 2, [2], [11], [33.12708], 1
2, 15, [15  3 14], [0 2 2], [-12.5912    28.9034    33.109367], 3
4, 9, [ 9  8  4 11 16  2  6], [4 4 4 4 4 4 4], [ 18.486496     9.065237    -0.14350271  -8.63215    -16.297638
 -22.397331   -25.874565  ], 7
5, 16, [16], [5], [33.118507], 1
13, 4, [4], [13], [33.041412], 1
9, 11, [11], [9], [33.106625], 1
3, 15, [15  8], [2 3], [-10.030111  33.18356 ], 2
4, 1, [ 1 15 16  2 16  1 10], [1 4 4 4 4 8 4], [-25.56865     7.3203     -2.8831224 -13.37313   -24.16756   -35.51386
 -25.919952 ], 7
6, 6, [6], [6], [33.142605], 1
9, 9, [9], [9], [33.04217], 1
1, 9, [9], [1], [33.068504], 1
9, 4, [4], [9], [33.032593], 1
10, 14, [14], [10], [33.080822], 1
1, 7, [7], [1], [33.12522], 1
12, 5, [5], [12], [33.03514], 1
8, 14, [14  3 15 14 11  8 14], [4 8 4 4 4 4 4], [-35.268288   -9.0215845 -30.093258  -36.905743  -41.750675  -43.161846
 -38.85534  ], 7
4, 8, [ 8 14  8 13 11  8  6], [4 4 4 4 4 4 4], [ 1.8632841e+01  9.1358385e+00 -1.4703751e-02 -8.6100683e+00
 -1.6277607e+01 -2.2373402e+01 -2.5874565e+01], 7
2, 7, [7], [2], [33.125637], 1

5, 8, [8], [5], [33.1658], 1
0, 3, [ 3 11], [3 0], [-10.095047  33.112022], 2
4, 7, [7 2 1 9 3 8 7], [4 4 4 4 4 4 4], [ 18.53656    8.988574  -0.23139   -8.782519 -16.383144 -22.362581
 -25.856583], 7
6, 16, [16], [6], [33.10907], 1
6, 12, [12 11], [3 6], [-10.093245  33.120895], 2
12, 15, [15], [12], [33.041374], 1
3, 4, [4 8], [2 3], [-10.055183  33.18354 ], 2
4, 11, [11  9  4 14  2 15  4], [4 4 8 4 4 4 8], [ 13.224524     0.13014984 -14.861996   -11.49704    -21.0695
 -30.328176   -38.96377   ], 7
5, 16, [16], [5], [33.114433], 1
10, 3, [3], [10], [33.03306], 1
9, 16, [16], [9], [33.131157], 1
5, 3, [ 3 13], [5 5], [32.930733 33.148483], 2
13, 7, [7], [13], [33.159756], 1
0, 8, [8 6], [0 0], [33.04866 33.14058], 2
7, 11, [11  4  1  8 16], [5 0 5 0 7], [-33.378174   -5.845254   -3.1323462   8.05051    33.1499   ], 5
6, 5, [ 5  1 13], [2 2 6], [-20.408627  15.928977  33.143085], 3
12, 10, [10], [12], [33.056366], 1
8, 6, [ 6 16  6  7  6  8  5], [8 4 8 4 8 4 8], [  6.9632077 -10.266485  -10.679331  -26.336853  -24.13378   -35.4276
 -25.964928 ], 7
0, 1, [ 1 13], [3 0], [-10.069767  33.14719 ], 2
11, 11, [11], [11], [33.1386], 1
13, 9, [9], [13], [33.042507], 1
1, 8, [8], [1], [33.148724], 1
11, 13, [13], [11], [33.163227], 1
6, 1, [1 7], [2 6], [-10.079189  33.1288  ], 2
9, 10, [10], [9], [33.079918], 1
11, 5, [5], [11], [33.035015], 1
2, 9, [ 9 14], [0 2], [-10.088562  33.10939 ], 2
10, 8, [8], [10], [33.13642], 1
0, 2, [2], [0], [33.112427], 1
9, 3, [3], [9], [33.033302], 1
8, 2, [ 2 10 13  9  8 14 15], [4 4 4 4 4 4 4], [-43.045116 -21.954206 -30.057262 -37.02293  -41.783806 -43.225235
 -38.949825], 7
3, 3, [ 3 13], [2 3], [-10.075617  33.14467 ], 2

13, 2, [2], [13], [33.171547], 1
2, 13, [13], [2], [33.142143], 1
0, 8, [ 8 16  9  7], [0 0 6 0], [22.933245 16.278072 11.92659  33.128597], 4
12, 13, [13], [12], [33.206642], 1
9, 2, [2], [9], [33.12623], 1
0, 11, [11 14], [3 0], [-10.01276  33.13176], 2
3, 15, [15  8], [3 3], [32.970734 33.18346 ], 2
1, 16, [16 14], [1 1], [32.99489 33.12249], 2
3, 2, [2], [3], [33.108456], 1
6, 5, [ 5 16], [2 6], [-10.10042   33.109047], 2
9, 13, [13], [9], [33.15633], 1
2, 14, [14], [2], [33.113567], 1
10, 13, [13], [10], [33.201862], 1
4, 3, [ 3 11  2 14  1  2  8], [4 4 4 4 4 4 4], [ 18.491112     9.09451     -0.08653975  -8.689911   -16.390953
 -22.38179    -25.848663  ], 7
12, 16, [16  7], [ 0 12], [-9.993504 33.14453 ], 2
12, 2, [2], [12], [33.125664], 1
4, 9, [ 9 13  7 15  4 11 16], [4 4 4 4 4 4 4], [ 18.496134     9.0813055   -0.12531805  -8.78122    -16.385674
 -22.369108   -25.859238  ], 7
3, 6, [6], [3], [33.14837], 1
4, 16, [16  5  6  2  7  4 13], [4 4 4 4 4 4 4], [ 18.53307      8.98719     -0.08007622  -8.675857   -16.338772
 -22.47031    -25.843506  ], 7
12, 1, [1], [12], [33.035736], 1
8, 11, [11  6  5  4  6  3  8], [8 4 8 4 4 4 4], [  4.628479 -14.197968 -17.205671 -37.067875 -41.839443 -43.274796
 -38.848663], 7
8, 5, [ 5 15  7  2  3  6  8], [4 4 4 4 8 4 4], [-41.469822 -19.175098 -25.375454 -29.198112 -28.875868 -43.18376
 -38.848663], 7
0, 7, [7], [0], [33.12784], 1
7, 9, [ 9  7  2 14  1 15  8], [6 0 5 7 2 5 5], [-40.29049  -17.229256 -22.275547 -23.976807 -41.903214 -43.244244
 -38.8479  ], 7
7, 8, [ 8 11  3  8], [7 7 2 7], [22.966503 16.313026 11.95787  33.19889 ], 4
11, 9, [9], [11], [33.04459], 1
8, 8, [ 8  2 14  8  6  3  2], [8 4 4 8 4 4 4], [  2.8250122 -17.21043   -22.229729  -23.957314  -41.848057  -43.289154
 -38.872593 ], 7
8, 5, [ 5  1  2 16 13 16  4], [4 4 4 4 4 4 8], [-42.546562 -20.969666 -28.346312 -34.122864 -37.10603  -35.437542
 -25.963829], 7
1, 11, [11], [1], [33.106823], 1
9, 16, [16], [9], [33.12961], 1
1, 15, [15], [1], [33.056168], 1
4, 10, [10 14 10 12  6 15  8], [4 4 4 4 4 4 4], [ 18.500885     9.034727    -0.18322325  -8.772118   -16.349974
 -22.459019   -25.848663  ], 7

4, 6, [ 6  8  2 10 14  9 10], [4 4 4 4 4 4 4], [ 18.575384     9.083246    -0.11348724  -8.734823   -16.358116
 -22.504631   -25.919952  ], 7
13, 6, [6], [13], [33.226807], 1
13, 1, [1], [13], [33.0363], 1
6, 1, [ 1 10  7], [3 6 6], [-12.590078  28.947079  33.1288  ], 3
3, 4, [ 4 13], [6 3], [-10.077961  33.14469 ], 2
9, 4, [4], [9], [33.032597], 1
1, 15, [15], [1], [33.056175], 1
0, 9, [ 9 13], [0 0], [32.933434 33.147514], 2
10, 12, [12], [10], [33.03438], 1
8, 1, [ 1  8 13  8 13 15  2], [4 4 4 4 4 4 4], [-43.072304 -21.85071  -30.003414 -36.93318  -41.807533 -43.273384
 -38.872593], 7
5, 12, [12  6  2], [5 5 5], [30.452496 29.030142 33.1137  ], 3
1, 7, [7], [1], [33.125248], 1
4, 4, [ 4 15 11 14 11  3  8], [8 4 4 4 4 4 4], [-24.551298     9.020922    -0.04860878  -8.658404   -16.338442
 -22.474792   -25.848663  ], 7
5, 6, [6], [5], [33.170708], 1
8, 9, [ 9  6 11  6 10 15  4], [4 4 8 4 8 4 4], [-36.736862 -11.307004 -12.3874   -29.22443  -28.916443 -43.328342
 -38.964207], 7
11, 4, [4], [11], [33.032127], 1
11, 11, [11], [11], [33.13862], 1
10, 13, [13], [10], [33.20163], 1
3, 9, [ 9 13], [6 3], [-10.065899  33.144703], 2
11, 14, [14], [11], [33.06932], 1
6, 10, [10 11], [3 6], [-10.057999  33.120903], 2
7, 6, [ 6 12 14  1 14 16], [7 5 7 2 7 7], [12.245921  -1.4835145  4.1363587 -1.7180662 17.067957  33.151493 ], 6
7, 12, [12  7  6  8], [3 5 7 7], [-23.263805  11.17001   25.0597    33.193962], 4
12, 3, [3], [12], [33.033382], 1
0, 9, [9 2], [3 0], [-10.0853195  33.11245  ], 2
6, 2, [2], [6], [33.11631], 1
7, 7, [ 7  6 14  1  8], [5 7 7 2 7], [-20.798922   15.111761    9.943389    7.9549656  33.193962 ], 5
2, 2, [2], [2], [33.10898], 1
9, 6, [6], [9], [33.231895], 1
8, 4, [ 4 14  5  4 15  2 11], [8 4 8 8 4 4 4], [  7.334167  -9.503204  -9.413111 -24.080303 -41.860653 -43.184734
 -38.85357 ], 7
7, 9, [ 9 16], [0 7], [-10.06422   33.149437], 2
6, 9, [9 4 8], [3 0 6], [-20.40614   15.910912  33.126465], 3

11, 16, [16], [11], [33.184322], 1
12, 1, [1], [12], [33.035744], 1
12, 1, [1], [12], [33.03574], 1
4, 15, [15 14  6 14  8 16  7], [4 4 4 4 4 4 4], [ 18.520454     9.117125    -0.04589462  -8.618887   -16.27258
 -22.373196   -25.856583  ], 7
11, 10, [10], [11], [33.120426], 1
12, 3, [3], [12], [33.033386], 1
3, 7, [7], [3], [33.125042], 1
5, 12, [12 11  7  8], [3 5 5 5], [-15.489687  24.127108  25.02443   33.15104 ], 4
4, 9, [ 9 11 13  4 14  6  5], [4 4 4 8 4 4 4], [ 15.69134     4.406656   -7.8996296 -21.760208  -16.327393  -22.453423
 -25.964764 ], 7
12, 13, [13], [12], [33.20405], 1
0, 11, [11], [0], [33.112175], 1
6, 15, [15  7], [0 6], [-10.055046  33.1288  ], 2
5, 2, [2], [5], [33.113472], 1
10, 7, [7], [10], [33.129654], 1
13, 4, [4], [13], [33.041412], 1
6, 9, [ 9 14], [0 6], [-10.085991  33.11311 ], 2
0, 1, [ 1  8 15 10  7], [0 0 0 6 0], [22.081736 15.066849  9.83828   7.947734 33.128418], 5
6, 16, [16], [6], [33.108967], 1
10, 4, [4 7], [10 10], [32.91765  33.129387], 2
3, 5, [ 5 16], [3 3], [32.902145 33.113846], 2
10, 10, [10], [10], [33.063183], 1
0, 13, [13], [0], [33.147392], 1
5, 4, [ 4 10 14], [5 5 5], [30.399857 28.94231  33.12053 ], 3
6, 4, [ 4 13], [6 6], [32.921337 33.14306 ], 2
7, 4, [ 4  7 11 15  9 11 10], [0 7 5 7 0 5 5], [-32.512085  -4.245187 -22.304806 -24.055569 -41.894463 -43.22894
 -38.929123], 7
0, 5, [5 2], [3 0], [-10.098633  33.11245 ], 2
7, 13, [13 15  7 16], [0 7 7 7], [-15.388257  24.094862  25.027264  33.149277], 4
6, 1, [1 7], [2 6], [-10.079596  33.1288  ], 2
5, 14, [14], [5], [33.122128], 1
11, 5, [5], [11], [33.03502], 1
0, 16, [16 14  4 13], [0 7 0 0], [19.7806   11.098218 24.923603 33.1474  ], 4
9, 8, [8], [9], [33.228737], 1

4, 10, [10  9 14 12  1  2  6], [4 4 4 4 8 4 4], [ 16.774437    6.1573167  -4.8167267 -16.602312  -29.400295  -22.397331
 -25.874565 ], 7
0, 8, [8], [0], [33.157387], 1
4, 1, [ 1 14  9 15 11 14 10], [4 4 4 4 4 4 4], [ 18.456575     9.030756    -0.18984175  -8.728648   -16.297894
 -22.407211   -25.919785  ], 7
0, 11, [11  7 13], [0 3 0], [22.72651  16.017683 33.14749 ], 3
0, 4, [4 8], [0 0], [32.92935  33.157204], 2
3, 7, [7], [3], [33.125046], 1
3, 16, [16], [3], [33.114197], 1
11, 5, [5], [11], [33.035007], 1
5, 15, [15 10  7  8], [5 2 5 5], [19.718512 11.085697 25.02326  33.14944 ], 4
4, 2, [ 2 11 12 11  2 13 12], [4 4 4 4 4 4 4], [ 18.5608       9.0556555   -0.15129757  -8.648606   -16.325066
 -22.420786   -25.962135  ], 7
4, 10, [10 16  4  2  3  7 14], [4 4 8 4 4 4 4], [ 13.817416    1.2286706 -13.186817   -8.705075  -16.38747   -22.36979
 -25.85534  ], 7
4, 12, [12  8 16 15  7  8 15], [4 4 4 4 4 4 4], [ 18.492678     9.091352    -0.09997654  -8.734563   -16.30775
 -22.41861    -25.949913  ], 7
5, 3, [3 8], [2 5], [-10.071827  33.150993], 2
5, 6, [6 2], [5 5], [33.031307 33.113014], 2
8, 11, [11  8 15  8 15 14  7], [4 4 4 4 4 4 4], [-43.007946 -21.923977 -30.12552  -36.9595   -41.851395 -43.16929
 -38.856583], 7
3, 1, [ 1 11], [6 3], [-10.091076  33.106773], 2
7, 8, [ 8  2  8  5  7 16], [7 7 7 2 7 7], [20.141989  11.591904   4.1381493 -1.7499647 17.025879  33.149513 ], 6
9, 6, [6], [9], [33.23198], 1
12, 3, [3], [12], [33.033382], 1
9, 12, [12], [9], [33.045845], 1
4, 4, [ 4  8 10 16 11 16 11], [4 4 4 4 4 4 4], [ 18.492392     9.094339    -0.09499931  -8.625075   -16.276394
 -22.37138    -25.853565  ], 7
11, 13, [13], [11], [33.163284], 1
8, 13, [13  7  9  7  8 11 16], [4 4 4 4 8 4 4], [-41.307426 -19.10654  -25.416592 -29.106556 -28.749947 -43.169125
 -38.85926 ], 7
7, 15, [15  5  7 14 13 16], [7 2 7 5 0 7], [10.514208  -4.273825  -0.5134282 -9.418542   4.0448475 33.149353 ], 6
11, 15, [15], [11], [33.04151], 1
1, 9, [9], [1], [33.068516], 1
2, 6, [6], [2], [33.144497], 1
9, 13, [13], [9], [33.156357], 1
2, 6, [6], [2], [33.150917], 1
11, 12, [12], [11], [33.03379], 1
1, 2, [2], [1], [33.11563], 1
4, 5, [ 5 14  8  5  7 14  2], [4 4 4 4 4 4 4], [ 18.48973      9.090821    -0.08973265  -8.735118   -16.283924
 -22.378895   -25.872593  ], 7

0, 4, [4 2], [5 0], [-10.0980625  33.112297 ], 2
2, 13, [13], [2], [33.14218], 1
9, 13, [13], [9], [33.15632], 1
8, 15, [15  1  5  8 16  2 14], [4 8 8 4 4 4 4], [-30.687073   -1.2287674 -17.11145   -36.910866  -41.770367  -43.1858
 -38.85534  ], 7
13, 4, [4], [13], [33.041412], 1
4, 6, [ 6 11 14  8  2 16 14], [4 4 4 4 4 4 4], [ 18.602095     9.127764    -0.03111792  -8.626298   -16.296059
 -22.372444   -25.85534   ], 7
8, 5, [ 5 13 16  8 13  2 16], [8 4 4 4 4 4 4], [ -0.07115078 -21.843702   -30.000328   -36.9024     -41.756264
 -43.187927   -38.858887  ], 7
11, 13, [13], [11], [33.163708], 1
5, 15, [15  6], [3 5], [-10.039902  33.158913], 2
1, 13, [13], [1], [33.14439], 1
9, 10, [10], [9], [33.083317], 1
4, 3, [ 3 10 16 11 14 10 11], [1 4 4 4 4 4 4], [-24.532888    9.053265   -0.0446372  -8.642324  -16.314596  -22.432095
 -25.853565 ], 7
10, 4, [4 5], [11 10], [-10.14496  33.03438], 2
12, 8, [8], [12], [33.217083], 1
10, 16, [16  5], [10 10], [32.971436 33.03438 ], 2
2, 12, [12  8], [2 2], [32.924854 33.1493  ], 2
3, 14, [14], [3], [33.12285], 1
1, 13, [13], [1], [33.14442], 1
6, 11, [11], [6], [33.120926], 1
11, 16, [16], [11], [33.169617], 1
3, 13, [13], [3], [33.14541], 1
7, 11, [11 12  8 13], [7 5 5 7], [15.099947   3.2677438 12.055122  33.171707 ], 4
12, 16, [16], [12], [33.129177], 1
1, 8, [8], [1], [33.148754], 1
4, 3, [ 3 13  8  7 15 16  2], [4 4 4 4 4 4 4], [ 18.506971     9.120957    -0.05923128  -8.684282   -16.379494
 -22.382797   -25.872593  ], 7
8, 2, [ 2 15  8 11 16  7  8], [4 4 4 4 4 4 4], [-43.040306 -21.946184 -29.993938 -36.90879  -41.758717 -43.165783
 -38.848663], 7
0, 8, [ 8 14 15 14  3  8 14], [0 0 0 0 5 0 0], [ 16.90977    6.243145  -4.822496 -16.486893 -29.373459 -22.35611
 -25.862816], 7
3, 14, [14], [3], [33.123104], 1
9, 15, [15  7], [9 9], [32.952995 33.181927], 2
12, 10, [10], [12], [33.05642], 1
10, 12, [12], [10], [33.03438], 1
4, 12, [12  8 11  6 14 16  2], [4 4 4 4 4 4 4], [ 18.513943     9.126792    -0.04091024  -8.645574   -16.285019
 -22.382801   -25.872593  ], 7

2, 10, [10  9 12 16], [3 0 6 2], [-28.018745    3.1860716  11.900448   33.109756 ], 4
13, 13, [13], [13], [33.19008], 1
6, 3, [3 2], [3 6], [-10.093357  33.116295], 2
0, 16, [16  8  3 14], [0 0 3 0], [22.91407  16.314167 11.916426 33.131065], 4
13, 13, [13], [13], [33.190083], 1
8, 7, [ 7  8  7 11 10  2  8], [4 4 4 4 4 4 4], [-42.97546  -21.86479  -30.026878 -36.950485 -41.828987 -43.181793
 -38.848663], 7
5, 11, [11 10 14], [5 5 5], [30.471966 28.938538 33.11358 ], 3
9, 9, [9], [9], [33.04226], 1
8, 2, [ 2  8 14 10  4  7 14], [4 4 4 8 4 4 4], [-40.202156 -17.215939 -22.278793 -24.03909  -41.866085 -43.169792
 -38.85534 ], 7
2, 1, [ 1 10  8], [2 3 2], [22.619076 15.959238 33.149433], 3
7, 4, [ 4 14 15  6  4 10 12], [0 7 5 7 0 5 2], [-32.50795    -4.2378836 -22.344784  -24.02724   -41.950935  -43.308006
 -38.965157 ], 7
0, 2, [2], [0], [33.112667], 1
2, 13, [13], [2], [33.142185], 1
3, 9, [ 9  3  1  9  1 14], [7 2 6 7 6 3], [-37.26882   -12.192303  -13.716471   -9.602218    3.9187002  33.123066 ], 6
1, 7, [7], [1], [33.12527], 1
9, 11, [11], [9], [33.10653], 1
9, 15, [15], [9], [33.044846], 1
0, 9, [ 9  4 15 13], [0 5 0 0], [19.650963 11.008181 24.955997 33.1474  ], 4
12, 2, [2], [12], [33.124535], 1
6, 4, [ 4 11], [2 6], [-10.092144  33.121372], 2
13, 16, [16], [13], [33.12195], 1
11, 7, [7], [11], [33.130356], 1
0, 13, [13], [0], [33.147552], 1
8, 11, [11 15  8  6 11 14 11], [4 4 4 4 4 4 4], [-43.025215 -21.952744 -30.004862 -36.927    -41.754055 -43.16748
 -38.85357 ], 7
1, 16, [16], [1], [33.12023], 1
11, 8, [8], [11], [33.166145], 1
13, 10, [10], [13], [33.063507], 1
1, 4, [4], [1], [33.032276], 1
0, 8, [ 8  9 11  8  3 14], [0 0 0 0 2 0], [21.193504  13.380165   7.2235174  3.5151353  3.916215  33.130604 ], 6
11, 15, [15], [11], [33.04138], 1
5, 12, [12 10  6], [5 3 5], [22.616333 15.969969 33.16677 ], 3
0, 2, [2], [0], [33.11251], 1

5, 2, [2 8], [7 5], [-9.999983 33.15411 ], 2
11, 4, [4], [11], [33.03216], 1
8, 5, [ 5  8 13 10 14  1  4], [8 4 4 8 4 8 4], [  3.7214737 -15.5226345 -19.45662   -19.35519   -34.059586  -30.340408
 -38.964207 ], 7
10, 8, [8], [10], [33.136246], 1
2, 6, [6], [2], [33.14441], 1
4, 1, [ 1  3  8  4  8  4 14], [4 4 4 4 4 4 4], [ 18.419947     8.969708    -0.10782719  -8.765274   -16.33511
 -22.477413   -25.85534   ], 7
11, 6, [6], [11], [33.14454], 1
2, 6, [6], [2], [33.14423], 1
8, 16, [16  1], [4 8], [-10.036486  33.037952], 2
11, 8, [8], [11], [33.166466], 1
5, 3, [ 3 11  8 16], [5 5 5 5], [27.520836 24.131975 25.039291 33.114822], 4
6, 6, [6], [6], [33.142727], 1
13, 13, [13], [13], [33.190083], 1
12, 2, [2], [12], [33.1247], 1
2, 5, [ 5 13], [3 2], [-10.08083   33.142014], 2
1, 14, [14  6], [4 1], [-9.969048 33.144096], 2
8, 10, [10  7 16 14 11  6 15], [8 4 4 4 8 4 4], [  1.6441278 -19.060726  -25.340235  -29.134987  -28.799412  -43.244453
 -38.949818 ], 7
12, 10, [10], [12], [33.05644], 1
2, 4, [ 4 14], [6 2], [-10.099064  33.109406], 2
7, 6, [ 6 11  8 13 14  7  2], [7 7 7 7 7 5 5], [ 17.022587    6.46143    -4.4638705 -16.090235  -28.748936  -43.198906
 -38.888954 ], 7
9, 14, [14], [9], [33.102196], 1
2, 15, [15  7], [3 2], [-10.061129  33.1255  ], 2
11, 3, [3], [11], [33.032974], 1
6, 5, [ 5 14], [2 6], [-10.09849  33.11269], 2
6, 13, [13], [6], [33.143116], 1
10, 2, [2], [10], [33.124073], 1
1, 9, [9], [1], [33.068512], 1
13, 11, [11], [13], [33.106747], 1
3, 3, [3 6], [3 3], [32.926    33.147934], 2
13, 6, [6], [13], [33.22692], 1
0, 14, [14], [0], [33.130527], 1
2, 12, [12 15 12  8], [3 7 6 2], [-28.026508   3.231915  11.9242    33.14934 ], 4

10, 4, [ 4 13], [11 10], [-10.045147  33.20222 ], 2
7, 12, [12  7 12  6  7 16], [3 7 6 5 7 7], [-27.699343    3.7772427  -8.934091   -1.6144772  17.031826   33.15164  ], 6
5, 12, [12 14], [5 5], [32.90655  33.120514], 2
2, 4, [4], [2], [33.034332], 1
3, 10, [10  9  2], [3 6 3], [22.615904 15.912534 33.108097], 3
11, 6, [6], [11], [33.144985], 1
4, 16, [16  4  1 14  6 11  7], [4 8 4 4 4 4 4], [ 10.711431  -4.048838  -0.141428  -8.632583 -16.295406 -22.367516
 -25.856583], 7
13, 9, [9], [13], [33.042507], 1
3, 16, [16 14], [2 3], [-10.014606  33.122723], 2
0, 16, [16 11], [0 0], [32.989136 33.112022], 2
11, 8, [8], [11], [33.166916], 1
0, 12, [12  8], [3 0], [-10.07132   33.157402], 2
6, 8, [8], [6], [33.126537], 1
3, 1, [1], [3], [33.040817], 1
13, 5, [5], [13], [33.039154], 1
9, 11, [11], [9], [33.10653], 1
5, 13, [13], [5], [33.14893], 1
1, 5, [5], [1], [33.03304], 1
4, 15, [15 11  1  7 16  8  6], [4 4 8 4 4 4 4], [ 13.808428    1.2637372 -13.137829   -8.626554  -16.28328   -22.373402
 -25.874565 ], 7
4, 14, [14  7 15  3 13 11  8], [4 4 4 8 4 4 4], [ 15.756743    4.353469   -7.9832425 -21.72236   -16.261162  -22.362762
 -25.848663 ], 7
12, 4, [4], [12], [33.0394], 1
10, 12, [12], [10], [33.034393], 1
1, 6, [6], [1], [33.144512], 1
2, 15, [15  8], [3 2], [-10.0453415  33.14936  ], 2
1, 14, [14], [1], [33.12245], 1
7, 11, [11  8 14 11 12 15  8], [7 7 7 7 5 7 7], [19.696821  10.930316   2.9011297 -3.7608767 -8.167038  12.997049
 33.193592 ], 7
5, 6, [6 2], [5 5], [33.033913 33.11144 ], 2
5, 8, [8 4 8], [5 5 5], [30.523582 28.923615 33.150978], 3
8, 9, [ 9 16  5  1  8 14  6], [4 4 4 4 4 4 4], [-43.130943 -21.963825 -30.174307 -37.015903 -41.756706 -43.180077
 -38.874565], 7
1, 2, [2], [1], [33.115593], 1
0, 4, [4 8], [0 0], [32.92855 33.15565], 2
11, 2, [2], [11], [33.1271], 1

4, 2, [ 2 13  8  7 12  7 16], [4 4 4 4 4 4 4], [ 18.599215     9.1196785   -0.06136179  -8.687832   -16.38541
 -22.372128   -25.859238  ], 7
8, 9, [ 9 13 16  4  1 11  8], [4 4 4 8 8 4 4], [-38.604362 -14.419507 -17.62667  -16.27964  -28.859549 -43.16275
 -38.84864 ], 7
7, 10, [10  2 16], [5 7 7], [-12.531633  28.99712   33.14955 ], 3
6, 14, [14], [6], [33.11311], 1
4, 16, [16 14  6  8  7 11 14], [4 4 8 4 4 4 4], [ 13.931258    1.3175011 -13.045266   -8.61465   -16.276646  -22.366768
 -25.85534  ], 7
4, 7, [ 7 11 12 11  6  4 14], [4 4 8 4 4 4 4], [ 13.892103    1.2478137 -13.164367   -8.670174  -16.361012  -22.47741
 -25.85534  ], 7
3, 5, [ 5  3 14], [3 3 3], [30.379786 28.910078 33.123016], 3
8, 8, [ 8 14  1 13 11  8  1], [4 4 8 4 4 4 8], [-37.715656 -13.111689 -15.427252 -34.108925 -37.109035 -35.42578
 -25.961899], 7
5, 10, [10 12  6], [5 5 5], [30.427546 28.929295 33.158913], 3
7, 8, [ 8 14 13 15  4  8], [7 7 7 7 0 7], [21.288654  13.498356   7.2344995  3.4511747  3.9504719 33.193592 ], 6
13, 8, [8], [13], [33.183037], 1
6, 8, [8], [6], [33.12654], 1
4, 16, [16  5 13  6 15 10  5], [4 4 4 4 4 4 4], [ 18.529533     8.981285    -0.08991909  -8.744025   -16.4491
 -22.498646   -25.964764  ], 7
5, 11, [11], [5], [33.11083], 1
12, 14, [14], [12], [33.072937], 1
1, 1, [1], [1], [33.039963], 1
6, 8, [8], [6], [33.12654], 1
4, 4, [ 4 14 11 14  8 14  8], [4 4 4 4 4 4 4], [ 1.8514299e+01  9.1308451e+00 -2.3027420e-02 -8.6157684e+00
 -1.6267384e+01 -2.2364536e+01 -2.5848663e+01], 7
7, 16, [16  8 16], [0 5 7], [-20.238655  16.045006  33.15618 ], 3
1, 7, [7], [1], [33.12525], 1
5, 11, [11 15  9], [7 5 5], [-12.529165  28.899342  33.0435  ], 3
13, 3, [3], [13], [33.03463], 1
13, 10, [10], [13], [33.063507], 1
6, 14, [14], [6], [33.113113], 1
11, 10, [10], [11], [33.120567], 1
5, 7, [ 7 13  4 13 11 10  8], [7 5 7 5 7 5 5], [-28.033016    3.0492706 -10.181204   -3.6920347  -8.081763   12.962807
  33.15426  ], 7
4, 13, [13  6  7  5  8 10  6], [4 4 4 4 4 4 4], [ 18.592514     9.060028    -0.10901546  -8.754049   -16.315477
 -22.44469    -25.874565  ], 7
4, 5, [ 5 13  8  7 14  6 10], [4 4 4 4 4 4 4], [ 18.516655     9.135695    -0.03466749  -8.643342   -16.31126
 -22.426537   -25.919952  ], 7
13, 8, [8], [13], [33.18308], 1
5, 5, [ 5 15 14], [5 5 5], [30.395027 28.933596 33.11276 ], 3
4, 3, [ 3 13 14 15 14  6 13], [4 4 4 4 4 4 4], [ 18.496822     9.104029    -0.08744526  -8.720179   -16.28394
 -22.381      -25.843506  ], 7
12, 4, [4], [12], [33.039387], 1

13, 4, [4], [13], [33.041412], 1
13, 3, [3], [13], [33.03463], 1
6, 16, [16], [6], [33.108963], 1
1, 4, [4], [1], [33.03228], 1
6, 8, [8], [6], [33.130043], 1
5, 4, [ 4 14 13], [6 5 5], [-12.544191  29.033808  33.147636], 3
8, 7, [ 7 16  8  2 11  6  3], [4 4 4 4 4 8 8], [-41.362755 -19.17695  -25.530107 -29.469109 -29.327524 -22.456596
 -25.96563 ], 7
2, 12, [12], [2], [33.034943], 1
10, 11, [11], [10], [33.130024], 1
6, 4, [4 9 8], [6 0 6], [22.588198  15.9223995 33.12647  ], 3
0, 8, [8], [0], [33.155922], 1
12, 6, [6], [12], [33.253788], 1
12, 6, [6], [12], [33.25469], 1
0, 2, [2], [0], [33.11259], 1
5, 4, [4 8], [2 5], [-10.0743885  33.150845 ], 2
10, 15, [15 10], [11 10], [-10.120338  33.0629  ], 2
9, 1, [1], [9], [33.03308], 1
2, 2, [2], [2], [33.109024], 1
11, 10, [10], [11], [33.120235], 1
12, 16, [16], [12], [33.129036], 1
10, 4, [ 4 15], [11 10], [-10.138041  33.04236 ], 2
5, 9, [ 9 13], [5 5], [32.934155 33.147858], 2
1, 7, [7], [1], [33.12523], 1
2, 11, [11], [2], [33.107967], 1
10, 8, [8], [10], [33.13657], 1
12, 14, [14], [12], [33.073067], 1
9, 8, [8], [9], [33.22869], 1
1, 9, [9], [1], [33.068504], 1
0, 16, [16 14], [13  0], [-10.005022  33.12143 ], 2
9, 5, [5], [9], [33.0324], 1
10, 12, [12], [10], [33.034534], 1
3, 12, [12  4  9 14], [3 6 3 3], [19.627283 10.988434 24.92194  33.123398], 4

12, 16, [16], [12], [33.129086], 1
10, 10, [10], [10], [33.06334], 1
1, 10, [10], [1], [33.068546], 1
6, 7, [7], [6], [33.128826], 1
13, 8, [8], [13], [33.183094], 1
4, 16, [16  1 14  3  8 16  8], [4 8 4 4 4 4 4], [ 10.730575   -4.0169773  -0.0918026  -8.727439  -16.269726  -22.368439
 -25.848663 ], 7
3, 11, [11], [3], [33.107357], 1
10, 10, [10], [10], [33.063667], 1
10, 5, [5], [10], [33.03441], 1
6, 2, [2], [6], [33.11631], 1
4, 5, [ 5  7  5 10 11  8 14], [1 4 8 4 4 4 4], [-29.223017    1.2387252 -13.174481   -8.682365  -16.270687  -22.361866
 -25.85534  ], 7
5, 13, [13  6  5 14], [5 5 5 5], [27.622322 24.107838 24.908695 33.12098 ], 4
13, 11, [11], [13], [33.106747], 1
5, 9, [ 9 11  2 13], [0 5 5 5], [-15.486678  24.11198   24.999218  33.147636], 4
9, 5, [5], [9], [33.032574], 1
8, 9, [ 9 11 16  7  8 13  5], [4 4 4 4 8 4 4], [-41.38529  -19.054384 -25.334694 -29.125721 -28.781889 -43.222363
 -38.964764], 7
12, 9, [9 1], [12 12], [32.86515 33.03573], 2
7, 7, [ 7  9 10 14  3 13], [5 6 5 7 2 7], [-34.328384   -7.4383764  -5.80875     3.535262    3.9390259  33.16864  ], 6
7, 10, [10  7 14  8  6], [3 0 7 5 7], [-28.654766    2.1262884   9.98369     8.030948   33.131413 ], 5
7, 7, [ 7  8 12 11  7  8], [7 7 5 7 7 7], [18.239365   8.504418  -1.1420336 11.372058  17.053995  33.193592 ], 6
1, 10, [10], [1], [33.06857], 1
3, 3, [ 3 14], [3 3], [32.91008  33.123016], 2
12, 5, [5], [12], [33.03516], 1
0, 14, [14  8  7 14  7 14  9], [0 0 3 0 3 0 0], [ 12.243383   -1.4861927 -17.749844  -16.465052  -29.333584  -22.437948
 -25.955078 ], 7
2, 11, [11], [2], [33.10795], 1
11, 12, [12], [11], [33.033806], 1
5, 14, [14], [5], [33.1252], 1
2, 1, [1 8], [5 2], [-10.070164  33.149338], 2
6, 3, [ 3 15  6], [3 2 6], [-20.390718  15.953916  33.142536], 3
5, 10, [10], [5], [33.070717], 1
2, 5, [5], [2], [33.033596], 1
13, 10, [10], [13], [33.063507], 1

11, 15, [15], [11], [33.041348], 1
10, 1, [1], [10], [33.03463], 1
12, 13, [13], [12], [33.205414], 1
9, 3, [3], [9], [33.03326], 1
5, 10, [10 11], [5 5], [32.935104 33.10861 ], 2
0, 2, [2], [0], [33.112537], 1
11, 7, [7], [11], [33.13051], 1
12, 8, [8], [12], [33.21707], 1
5, 14, [14], [5], [33.119305], 1
11, 3, [3], [11], [33.032997], 1
5, 14, [14], [5], [33.11258], 1
12, 15, [15], [12], [33.04139], 1
5, 1, [ 1 14], [2 5], [-10.089182  33.110138], 2
13, 9, [9], [13], [33.042503], 1
10, 16, [16 15], [ 7 10], [-10.018724  33.042404], 2
3, 5, [5 7], [3 3], [32.908737 33.12518 ], 2
12, 7, [7], [12], [33.144527], 1
0, 10, [10 13], [3 0], [-10.041746  33.148335], 2
9, 4, [4], [9], [33.032597], 1
6, 12, [12  7], [3 6], [-10.0884285  33.1288   ], 2
7, 9, [ 9  8 16], [0 0 7], [-20.326172  16.048958  33.149277], 3
7, 3, [ 3 16], [3 7], [-10.073208  33.149147], 2
11, 15, [15], [11], [33.04142], 1
3, 6, [6], [3], [33.157047], 1
8, 13, [13  8  7  5 13  6 16], [4 4 4 4 4 4 4], [-42.97724  -21.889565 -30.068169 -37.019306 -41.75757  -43.19011
 -38.859245], 7
12, 11, [11], [12], [33.128826], 1
2, 2, [2], [2], [33.109116], 1
8, 16, [16  9 10  8 13  8  9], [4 4 4 4 4 4 4], [-43.05509  -21.993677 -30.068363 -36.914032 -41.77565  -43.220238
 -38.95266 ], 7
11, 6, [6], [11], [33.144783], 1
1, 1, [1], [1], [33.039963], 1
4, 5, [ 5  2  8 14  7 14  1], [4 4 4 4 4 4 8], [ 17.89232     8.095138   -1.7204494 -11.452979  -20.996067  -30.23247
 -38.961887 ], 7
12, 9, [ 9 13], [12 12], [32.968    33.207798], 2

0, 6, [6], [0], [33.140675], 1
10, 13, [13], [10], [33.20163], 1
7, 6, [ 6  7 13 11  6 14  8], [5 7 7 7 5 7 7], [-26.05275     6.3274174  -4.682755  -16.409569  -29.246998  -22.329662
 -25.810364 ], 7
13, 5, [5], [13], [33.039154], 1
2, 9, [ 9 16], [6 2], [-10.087196  33.109653], 2
4, 4, [ 4 14  6 11 16 10 14], [8 4 8 4 4 4 4], [-29.180584    1.3065572 -13.063506   -8.645049  -16.319138  -22.433159
 -25.85534  ], 7
10, 14, [14], [10], [33.075356], 1
8, 16, [16 13  6 16 13 11 14], [4 4 4 4 4 4 4], [-42.971745 -21.85418  -30.017792 -36.90538  -41.74357  -43.16677
 -38.85534 ], 7
4, 7, [ 7  3 13  9 13  9 16], [4 4 4 4 4 4 4], [ 18.53098      8.979274    -0.09188557  -8.747302   -16.32442
 -22.468193   -25.859238  ], 7
2, 9, [ 9 13], [6 2], [-10.067938  33.141964], 2
0, 10, [10 13], [5 0], [-10.041792  33.147377], 2
11, 14, [14], [11], [33.068512], 1
5, 13, [13], [5], [33.15002], 1
12, 12, [12], [12], [33.03621], 1
12, 14, [14], [12], [33.07318], 1
3, 13, [13], [3], [33.14525], 1
12, 12, [12], [12], [33.03621], 1
12, 6, [6], [12], [33.25429], 1
6, 7, [7], [6], [33.128826], 1
6, 3, [3 8], [2 6], [-10.086536  33.12646 ], 2
5, 3, [ 3 11  7], [5 5 5], [30.43146  28.984539 33.127617], 3
2, 10, [10 14], [3 2], [-10.064796  33.109375], 2
12, 15, [15], [12], [33.041363], 1
2, 14, [14], [2], [33.109455], 1
0, 5, [5 8 7], [3 0 0], [-12.541548  29.040937  33.12771 ], 3
2, 3, [ 3 14], [2 2], [32.903175 33.1094  ], 2
4, 14, [14  2  7  6 10  7 14], [4 4 4 4 4 4 4], [ 18.597927    9.0887785  -0.0643816  -8.67966   -16.341827  -22.36979
 -25.85534  ], 7
7, 15, [15  6  2 16 15 11 16], [2 5 7 7 2 5 7], [-34.9795    -8.407112  -7.593636 -21.168106 -37.17155  -35.39656
 -25.864689], 7
9, 15, [15], [9], [33.044716], 1
13, 14, [14], [13], [33.17094], 1
2, 11, [11], [2], [33.107933], 1
1, 3, [3], [1], [33.036083], 1

